accession,raw_file_count,total_file_count,title,submission_type,submission_date,publication_date,project_url
PAD000011,2,5,The effect of preanalytical factors on cerebrospinal fluid and plasma proteomics,AFFINITY,2025-06-13,2026-09-06,https://www.ebi.ac.uk/pride/archive/projects/PAD000011
PAD000014,2,5,Human Plasma Discovery Proteomics,AFFINITY,2025-08-11,2025-10-09,https://www.ebi.ac.uk/pride/archive/projects/PAD000014
PAD000021,2,5,The Childhood Acute Illness and Nutrition (CHAIN) network nested case-cohort study: Plasma Proteomics analysis using SomaScan assay,AFFINITY,2025-10-27,2025-10-28,https://www.ebi.ac.uk/pride/archive/projects/PAD000021
PAD000040,2,5,Inflammatory proteomics heterogeneity beyond glycemia status in severe obesity,AFFINITY,2026-04-28,2026-06-07,https://www.ebi.ac.uk/pride/archive/projects/PAD000040
PAD000045,2,3,Early clinical and biomarker responses after treatment in patients with non-segmental vitiligo.,AFFINITY,2026-05-18,2026-05-19,https://www.ebi.ac.uk/pride/archive/projects/PAD000045
PXD000083,2,9,Glycosyltransferases from oat (Avena) implicated in the acylation of avenacins,COMPLETE,2012-12-03,2013-04-24,https://www.ebi.ac.uk/pride/archive/projects/PXD000083
PXD000112,2,10,Zebrafish plasma analyzed by CE- and LC-MS/MS,PARTIAL,2012-12-18,2012-12-18,https://www.ebi.ac.uk/pride/archive/projects/PXD000112
PXD000132,2,8,Analysis of lung cancer cell lines GLC1 and GLC1 M13,COMPLETE,2013-01-24,2013-07-26,https://www.ebi.ac.uk/pride/archive/projects/PXD000132
PXD000168,2,3,mouse microglia using High-pH fractionation and LC-MS/MS,PARTIAL,2013-03-01,2013-09-11,https://www.ebi.ac.uk/pride/archive/projects/PXD000168
PXD000178,2,11,Cotton Fiber Glycoproteome -  Glycoproteome of elongating cotton fiber cells,PARTIAL,2013-03-08,2014-03-18,https://www.ebi.ac.uk/pride/archive/projects/PXD000178
PXD000182,2,12,Arabidopsis nanodomain-delimited ABA signaling pathway regulates the anion channel SLAH3,PARTIAL,2013-03-15,2013-09-02,https://www.ebi.ac.uk/pride/archive/projects/PXD000182
PXD000235,2,8,bHLH Transcription Factors that Facilitate K+ Uptake During Stomatal Opening are Repressed by Abscisic Acid through Phosphorylation,COMPLETE,2013-05-01,2013-06-28,https://www.ebi.ac.uk/pride/archive/projects/PXD000235
PXD000274,2,5,Redox proteomics in NO-mediated protection on hypoxic cardiomyocyte,COMPLETE,2016-06-22,2016-06-27,https://www.ebi.ac.uk/pride/archive/projects/PXD000274
PXD000384,2,7,V5-tagged LIMD1 in HEK293 cells with or without JNK2 activation,COMPLETE,2013-07-31,2014-07-09,https://www.ebi.ac.uk/pride/archive/projects/PXD000384
PXD000459,2,10,Identification of SUMO sites by LC-MSMS,PARTIAL,2013-09-11,2014-07-29,https://www.ebi.ac.uk/pride/archive/projects/PXD000459
PXD000515,2,11,RALF induced quantitative phosphoproteome changes in Arabidopsis thaliana,COMPLETE,2016-12-06,2016-12-06,https://www.ebi.ac.uk/pride/archive/projects/PXD000515
PXD000664,2,5,"Identification of a novel poly-n-acetyllactosamine counterreceptor for galectin-8 on HL-60 cells, Basigin",COMPLETE,2013-12-20,2018-02-09,https://www.ebi.ac.uk/pride/archive/projects/PXD000664
PXD000706,2,13,Interactome of the Legionella pneumophila effector PieE,COMPLETE,2014-01-22,2017-02-08,https://www.ebi.ac.uk/pride/archive/projects/PXD000706
PXD000715,2,5,Phosphoproteome of filamentous fungus  Aspergillus nidulans,PARTIAL,2014-01-28,2014-11-18,https://www.ebi.ac.uk/pride/archive/projects/PXD000715
PXD000790,2,19,PIA - Mouse Benchmark Dataset -  PIA - An intuitive protein inference engine with a web-based user interface,COMPLETE,2015-02-03,2015-05-08,https://www.ebi.ac.uk/pride/archive/projects/PXD000790
PXD000795,2,4,Identification of full length Hsp90 from Giardia lamblia cell lysate,PARTIAL,2014-03-05,2016-07-09,https://www.ebi.ac.uk/pride/archive/projects/PXD000795
PXD000807,2,10,Human oral cancer brush biopsy iTRAQ,COMPLETE,2014-03-10,2014-05-07,https://www.ebi.ac.uk/pride/archive/projects/PXD000807
PXD000881,2,6,Identification of Drosophila USP2 partners,COMPLETE,2014-04-08,2014-07-18,https://www.ebi.ac.uk/pride/archive/projects/PXD000881
PXD000909,2,3,Silkworm testis LC-MS/MS -  Proteomics analysis of adult testis from Bombyx mori,PARTIAL,2014-04-16,2014-07-28,https://www.ebi.ac.uk/pride/archive/projects/PXD000909
PXD000924,2,7,Vibrio parahaemolyticus LC-MS/MS,COMPLETE,2014-04-23,2017-08-23,https://www.ebi.ac.uk/pride/archive/projects/PXD000924
PXD000937,2,4,Mariprofundus ferroooxydans PV-1 osmotic shock vs extraction with NaOH LC-MSMS,PARTIAL,2014-04-29,2014-05-13,https://www.ebi.ac.uk/pride/archive/projects/PXD000937
PXD000998,2,7,Gastric cancer_iTRAQ -  Integrating transcriptomics and proteomics to show that tanshinone IIA suppresses cell growth by blocking glucose metabolism in gastric cancer cells,COMPLETE,2014-05-23,2016-07-08,https://www.ebi.ac.uk/pride/archive/projects/PXD000998
PXD001004,2,13,Identification of LMTK3 protein by LC/MS/MS Analysis of 1D SDS PAGE Gel Bands,COMPLETE,2014-05-23,2022-02-22,https://www.ebi.ac.uk/pride/archive/projects/PXD001004
PXD001046,2,6,Comparative proteomics analysis of superior and inferior spikelets in hybrid rice during grain filling and response of inferior spikelets to drought stress using isobaric tags for relative and absolute quantification,PARTIAL,2014-06-09,2015-08-05,https://www.ebi.ac.uk/pride/archive/projects/PXD001046
PXD001217,2,6,Snake venom serine proteinases specificity mapping by proteomic identification of cleavage sites,PARTIAL,2014-08-15,2014-10-30,https://www.ebi.ac.uk/pride/archive/projects/PXD001217
PXD001249,2,8,SNW1 is required for sister chromatid cohesion,COMPLETE,2014-08-20,2016-06-29,https://www.ebi.ac.uk/pride/archive/projects/PXD001249
PXD001255,2,5,Sequential elution interactome analysis of Mind bomb 1 and a novel role in dendritic spine outgrowth,PARTIAL,2014-08-22,2016-07-06,https://www.ebi.ac.uk/pride/archive/projects/PXD001255
PXD001310,2,8,Polysome pellet digests - identification of proteins in polysome pellet with and without silvestrol treatment,COMPLETE,2014-09-12,2014-09-16,https://www.ebi.ac.uk/pride/archive/projects/PXD001310
PXD001384,2,50,Rod-derived Cone Viability Factor,COMPLETE,2014-10-07,2016-06-15,https://www.ebi.ac.uk/pride/archive/projects/PXD001384
PXD001439,2,6,Mariprofundus ferrooxydans proteomic profile - membrane,PARTIAL,2014-10-28,2015-06-22,https://www.ebi.ac.uk/pride/archive/projects/PXD001439
PXD001499,2,6,"1D-DDA of human diploid fibroblasts, TIG-3 cells",COMPLETE,2014-11-17,2016-12-06,https://www.ebi.ac.uk/pride/archive/projects/PXD001499
PXD001529,2,4,Proteomic characterization of the role of Snail1 in the differentiation of 3T3-L1 fibroblasts,PARTIAL,2014-11-24,2015-01-06,https://www.ebi.ac.uk/pride/archive/projects/PXD001529
PXD001711,2,5,Casein kinase 2 (CK2) phosphorylates the deubiquitylase OTUB1 at Ser16 to trigger its nuclear localisation.,PARTIAL,2015-01-21,2015-04-15,https://www.ebi.ac.uk/pride/archive/projects/PXD001711
PXD001762,2,10,"MoCBP3, an Antifungal Chitin-Binding Protein from Moringa oleifera Seeds, is a Member of the 2S Albumin Family",COMPLETE,2015-02-04,2016-05-25,https://www.ebi.ac.uk/pride/archive/projects/PXD001762
PXD001785,2,8,Gel-free based nano LC-MS/MS analysis of green rice leafhopper saliva,PARTIAL,2015-02-05,2016-05-25,https://www.ebi.ac.uk/pride/archive/projects/PXD001785
PXD001863,2,8,"Identification of myristoylated proteins in Human cell lines (HEK293, HeLa, MCF7)",PARTIAL,2015-03-06,2015-03-30,https://www.ebi.ac.uk/pride/archive/projects/PXD001863
PXD001895,2,10,Soybean Suspension culture analysis,COMPLETE,2015-03-10,2022-02-22,https://www.ebi.ac.uk/pride/archive/projects/PXD001895
PXD002075,2,10,ESCRTIII-associated protein AtALIX mediates high affinity phosphate transporter trafficking to maintain phosphate homeostasis in Arabidopsis,COMPLETE,2015-04-17,2015-09-09,https://www.ebi.ac.uk/pride/archive/projects/PXD002075
PXD002076,2,7,A piRNA like small RNA interacts with and modulates p-ERM proteins in human somatic cells,PARTIAL,2015-09-03,2015-09-03,https://www.ebi.ac.uk/pride/archive/projects/PXD002076
PXD002133,2,22,Identifying Kinase Substrates via a Heavy ATP Kinase Assay and Quantitative Mass Spectrometry,PARTIAL,2015-05-01,2018-10-17,https://www.ebi.ac.uk/pride/archive/projects/PXD002133
PXD002190,2,4,C. elegans SGK-1 IP-MS -  Serum- and Glucocorticoid-Inducible Kinase-1 (SGK-1) Plays a Role in Membrane Trafficking in Caenorhabditis elegans,PARTIAL,2015-05-18,2015-06-29,https://www.ebi.ac.uk/pride/archive/projects/PXD002190
PXD002208,2,6,O-GlcNAc proteome of invasive ductal breast carcinomas,PARTIAL,2015-05-20,2015-09-22,https://www.ebi.ac.uk/pride/archive/projects/PXD002208
PXD002231,2,4,PTSD mouse brain proteome -  Fluoxetine Treatment Rescues Energy Metabolism Pathway Alterations in a Posttraumatic Stress Disorder Mouse Model,PARTIAL,2015-05-26,2018-10-17,https://www.ebi.ac.uk/pride/archive/projects/PXD002231
PXD002292,2,8,Characterization of secretomes from brain microvascular endothelial cells after ischemia,COMPLETE,2015-06-02,2016-01-21,https://www.ebi.ac.uk/pride/archive/projects/PXD002292
PXD002307,2,8,Barley flag leaf LC-MS/MS -  Proteomic comparison of near-isogenic barley (Hordeum vulgare L,PARTIAL,2015-06-05,2017-02-08,https://www.ebi.ac.uk/pride/archive/projects/PXD002307
PXD002498,2,8,Quantitative proteomics in osteoblasts-released matrix vesicles,PARTIAL,2015-09-25,2015-11-30,https://www.ebi.ac.uk/pride/archive/projects/PXD002498
PXD002705,2,5,E.coli NrdR Expression and LC-MSMS,PARTIAL,2015-08-12,2016-06-27,https://www.ebi.ac.uk/pride/archive/projects/PXD002705
PXD002719,2,4,Quantitative proteomic analysis of duck lung tissue during infection of avian influenza,PARTIAL,2015-08-13,2022-08-22,https://www.ebi.ac.uk/pride/archive/projects/PXD002719
PXD002743,2,4,DUSP2 dephosphorylates STAT3 at Y705 and S727 residues,PARTIAL,2015-08-17,2015-10-13,https://www.ebi.ac.uk/pride/archive/projects/PXD002743
PXD002779,2,4,Rescuing discarded spectra: Full comprehensive analysis of a minimal proteome.,PARTIAL,2015-08-24,2016-01-05,https://www.ebi.ac.uk/pride/archive/projects/PXD002779
PXD002848,2,5,Genomic and Proteomic Studies on the Mode of Action of Oxaboroles against the African Trypanosome,PARTIAL,2015-09-04,2015-11-25,https://www.ebi.ac.uk/pride/archive/projects/PXD002848
PXD002888,2,11,Construction and analysis of the testis/sperm-enriched interaction network: identification of potential PPP1CC2 complexes as targets for male contraception,COMPLETE,2015-09-10,2022-02-28,https://www.ebi.ac.uk/pride/archive/projects/PXD002888
PXD002930,2,14,Proteome of Microcystis aeruginosa PCC7806 in continuous growth conditions under iron stress,PARTIAL,2015-09-17,2017-12-06,https://www.ebi.ac.uk/pride/archive/projects/PXD002930
PXD003125,2,9,Protein stable isotope fingerprinting (P-SIF): Mahoney Lake (Canada) 7-m biomass,PARTIAL,2015-10-30,2015-11-10,https://www.ebi.ac.uk/pride/archive/projects/PXD003125
PXD003139,2,8,Two unrelated 8-vinyl reductases ensure production of mature chlorophylls in Acaryochloris marina,COMPLETE,2015-11-03,2020-05-26,https://www.ebi.ac.uk/pride/archive/projects/PXD003139
PXD003226,2,6,Proteomic analysis of purified human centrosomes,COMPLETE,2015-11-23,2015-12-16,https://www.ebi.ac.uk/pride/archive/projects/PXD003226
PXD003313,2,6,Identify Novel Iron–Transporting Proteins in Streptococcus pneumoniae,PARTIAL,2015-12-09,2018-10-26,https://www.ebi.ac.uk/pride/archive/projects/PXD003313
PXD003364,2,10,S. japonicum exosome-like vesicles LC-MS/MS,COMPLETE,2017-12-01,2018-10-27,https://www.ebi.ac.uk/pride/archive/projects/PXD003364
PXD003433,2,4,NELF-A phosphorylation site identification,PARTIAL,2016-01-07,2016-03-23,https://www.ebi.ac.uk/pride/archive/projects/PXD003433
PXD003455,2,4,Zebrafish embryo Kac -  Global proteomic analysis of lysine acetylation in zebrafish (Danio rerio) embryos,PARTIAL,2016-01-13,2016-10-10,https://www.ebi.ac.uk/pride/archive/projects/PXD003455
PXD003689,2,4,A proteome analysis of freezing tolerance in red clover (Trifolium pratense L.),PARTIAL,2016-02-25,2016-03-15,https://www.ebi.ac.uk/pride/archive/projects/PXD003689
PXD003806,2,11,Mps1(Mph1) Kinase phosphorylates Mad3 to Inhibit Cdc20Slp1 –APC/C and maintain spindle checkpoint arrests,COMPLETE,2016-03-18,2016-03-31,https://www.ebi.ac.uk/pride/archive/projects/PXD003806
PXD003810,2,4,HHV5 glycoprotein H characterization,PARTIAL,2016-03-18,2016-07-28,https://www.ebi.ac.uk/pride/archive/projects/PXD003810
PXD003833,2,4,HERV protease specificity -  Identification of Protease Specificity by Combining Proteome-Derived Peptide Libraries and Quantitative Proteomics,PARTIAL,2016-04-07,2016-05-02,https://www.ebi.ac.uk/pride/archive/projects/PXD003833
PXD003880,2,18,Xilmass: a new approach towards the identification of cross-linked peptides,PARTIAL,2016-07-25,2016-09-27,https://www.ebi.ac.uk/pride/archive/projects/PXD003880
PXD003923,2,6,Identification of A. thaliana 2-Cys peroxiredoxins interacting proteins,COMPLETE,2016-04-07,2016-10-11,https://www.ebi.ac.uk/pride/archive/projects/PXD003923
PXD003941,2,8,Automated SDS depletion for mass spectrometry of membrane proteins through transmembrane electrophoresis,COMPLETE,2016-04-12,2016-07-07,https://www.ebi.ac.uk/pride/archive/projects/PXD003941
PXD004007,2,6,Phosphoproteome profiling reveals molecular mechanisms of growth factor mediated kinase inhibitor resistance in cancer cells,PARTIAL,2016-04-19,2022-03-01,https://www.ebi.ac.uk/pride/archive/projects/PXD004007
PXD004515,2,6,Is transthyretin a regulator of Ubc9 SUMOylation?,PARTIAL,2016-07-05,2016-08-15,https://www.ebi.ac.uk/pride/archive/projects/PXD004515
PXD004517,2,14,Extracellular Vesicles (EVs) fromTHP1 macrophages upon C.albicans interaction,COMPLETE,2016-07-05,2022-02-28,https://www.ebi.ac.uk/pride/archive/projects/PXD004517
PXD004558,2,4,SWATH-MS Analysis of Striatal Synaptic Mitochondria from Pink1 KO rats,PARTIAL,2016-07-12,2016-09-28,https://www.ebi.ac.uk/pride/archive/projects/PXD004558
PXD004566,2,4,Membrane-bound electron transport systems of an anammox bacterium: a complexome analysis,PARTIAL,2016-07-13,2019-10-29,https://www.ebi.ac.uk/pride/archive/projects/PXD004566
PXD004631,2,5,Mitochondrial CaMKII phosphoproteome.,PARTIAL,2016-07-21,2020-07-31,https://www.ebi.ac.uk/pride/archive/projects/PXD004631
PXD004696,2,4,Comprehensive identification of proteins expressed by human oligodendroglia cell line,PARTIAL,2016-08-01,2017-09-27,https://www.ebi.ac.uk/pride/archive/projects/PXD004696
PXD004761,2,15,Ubiquitylated-Rpn10 -  Structure of ubiquitylated-Rpn10 provides insight into its autoregulation mechanism,PARTIAL,2016-08-11,2018-10-26,https://www.ebi.ac.uk/pride/archive/projects/PXD004761
PXD004891,2,3,Quantitative phosphoproteomic analysis of mouse N2a cells,PARTIAL,2016-11-21,2018-10-26,https://www.ebi.ac.uk/pride/archive/projects/PXD004891
PXD004924,2,5,Identification of autophosphorylationsites in recombinant Saccharomyces cerevisiae Ire1,PARTIAL,2016-09-12,2017-06-09,https://www.ebi.ac.uk/pride/archive/projects/PXD004924
PXD004941,2,4,Integrative analysis of proteome and ubiquitylome reveals unique features of protein ubiquitylation and mitochondria in gefitinib resistant non-small cell lung cancer cells,PARTIAL,2016-09-12,2018-07-05,https://www.ebi.ac.uk/pride/archive/projects/PXD004941
PXD005003,2,196,Flax cell wall proteome -  A cell wall proteome and targeted cell wall analyses provide novel information on hemicellulose metabolism in flax,COMPLETE,2017-05-03,2017-07-19,https://www.ebi.ac.uk/pride/archive/projects/PXD005003
PXD005043,2,9,Discovery of Novel Antimicrobial Peptides from Varanus komodoensis (Komodo dragon) by Large Scale Analyses and De Novo Assisted Sequencing using Electron Transfer Dissociation Mass Spectrometry,PARTIAL,2016-09-27,2017-02-08,https://www.ebi.ac.uk/pride/archive/projects/PXD005043
PXD005118,2,4,Comparing search algorithms -  Visualizing and comparing results of different peptide identification methods,PARTIAL,2016-10-11,2017-01-02,https://www.ebi.ac.uk/pride/archive/projects/PXD005118
PXD005139,2,3,Podocyte degradomics -  N-Degradomic Analysis Reveals a Proteolytic Network Processing the Podocyte Cytoskeleton,PARTIAL,2016-10-13,2017-07-20,https://www.ebi.ac.uk/pride/archive/projects/PXD005139
PXD005265,2,11,Colistin resistance in Acinetobacter baumannii MDR-ZJ06 revealed by a multiomics approach,COMPLETE,2016-11-03,2017-03-15,https://www.ebi.ac.uk/pride/archive/projects/PXD005265
PXD005404,2,21,Comparative proteomic analysis of hemolymph from uninfected and Candidatus Liberibacter asiaticus-infected Diaphorina citri,COMPLETE,2016-11-21,2017-01-18,https://www.ebi.ac.uk/pride/archive/projects/PXD005404
PXD005470,2,5,Proteomes and Ubiquitylomes Analysis Reveals the Involvement of Ubiquitination in Protein Degradation,PARTIAL,2016-11-30,2020-03-20,https://www.ebi.ac.uk/pride/archive/projects/PXD005470
PXD005471,2,6,Na2CO3-responsive phosphoproteins in Puccinellia tenuiflora leaves,PARTIAL,2016-11-30,2021-08-30,https://www.ebi.ac.uk/pride/archive/projects/PXD005471
PXD005487,2,4,Proteome of Hypoxic  Glioblastoma Cells,PARTIAL,2016-12-02,2017-09-12,https://www.ebi.ac.uk/pride/archive/projects/PXD005487
PXD005534,2,6,Middle Pleistocene protein sequences from the rhinoceros genus Stephanorhinus and the phylogeny of extant and extinct Middle/Late Pleistocene Rhinocerotidae.,PARTIAL,2016-12-09,2017-02-02,https://www.ebi.ac.uk/pride/archive/projects/PXD005534
PXD005543,2,8,Identification of down-regulated proteins in TPD affected rubber tree (Hevea brasiliensis Muell. Arg.) by MALDI-TOF MS/MS analysis,PARTIAL,2016-12-12,2016-12-24,https://www.ebi.ac.uk/pride/archive/projects/PXD005543
PXD005696,2,13,"Proteomics of Matrigel, LC-MS/MS",COMPLETE,2017-01-12,2018-10-26,https://www.ebi.ac.uk/pride/archive/projects/PXD005696
PXD005697,2,13,"Proteomics of tissue matrix scaffold derived from decellularized mice mammary tissues, LC-MS/MS",COMPLETE,2017-01-12,2018-10-26,https://www.ebi.ac.uk/pride/archive/projects/PXD005697
PXD005699,2,10,Application of carbohydrate arrays coupled with mass spectrometry to detect activity of plant-polysaccharide degradative enzymes from the fungus Aspergillus niger,COMPLETE,2017-01-12,2018-10-26,https://www.ebi.ac.uk/pride/archive/projects/PXD005699
PXD005722,2,9,LC-MS/MS IP_DDR1 - Determine the relative abundance of proteins that associate with DDR1 when cells with different expression levels of DDR1 and lacking beta 1 integrins are cultured on collagen or on fibronectin,COMPLETE,2017-01-16,2017-02-03,https://www.ebi.ac.uk/pride/archive/projects/PXD005722
PXD005740,2,10,CALCIUM-DEPENDENT PROTEOLYSIS OF THE ARABIDOPSIS DAMP PRECURSOR PROPEP1 BY THE CYSTEINE PROTEASE METACASPASE4 REVEALS A CONSERVED MECHANISM FOR IMMEDIATE RELEASE OF PEPTIDE SIGNALS DURING WOUND RESPONSES,COMPLETE,2017-01-18,2019-04-23,https://www.ebi.ac.uk/pride/archive/projects/PXD005740
PXD005798,2,38,Quantitative chemical proteomic analysis of YnMyr-tagged proteins in HeLa cells infected with RV16,COMPLETE,2017-01-28,2018-05-09,https://www.ebi.ac.uk/pride/archive/projects/PXD005798
PXD005803,2,5,Large-scale phosphoproteomics reveals Shp-2 phosphatase-dependent regulators of Pdgf-receptor signaling,PARTIAL,2018-03-05,2018-03-07,https://www.ebi.ac.uk/pride/archive/projects/PXD005803
PXD005908,2,10,Proteomic Identification of Cereal Grains Associated with Archaeological Artefacts,COMPLETE,2017-02-10,2017-08-04,https://www.ebi.ac.uk/pride/archive/projects/PXD005908
PXD006013,2,8,SILAC analysis of relative protein abundance in nuclei - PRF168 and PRF167,COMPLETE,2017-03-03,2017-07-07,https://www.ebi.ac.uk/pride/archive/projects/PXD006013
PXD006014,2,8,SILAC analysis of relative protein abundance in cytosol - AG3258 and AG11498,COMPLETE,2017-03-03,2017-07-07,https://www.ebi.ac.uk/pride/archive/projects/PXD006014
PXD006060,2,7,"Chinese Hamster Ovary cell proteins co-purified with recombinant HIV-1 envelopes, part 1",PARTIAL,2017-03-09,2017-09-04,https://www.ebi.ac.uk/pride/archive/projects/PXD006060
PXD006061,2,7,"Chinese Hamster Ovary cell proteins co-purified with recombinant HIV-1 envelopes, part 2",PARTIAL,2017-03-09,2017-09-04,https://www.ebi.ac.uk/pride/archive/projects/PXD006061
PXD006062,2,7,"Chinese Hamster Ovary cell proteins co-purified with recombinant HIV-1 envelopes, part 3",PARTIAL,2017-03-09,2017-09-04,https://www.ebi.ac.uk/pride/archive/projects/PXD006062
PXD006063,2,7,"Chinese Hamster Ovary cell proteins co-purified with recombinant HIV-1 envelopes, part 4",PARTIAL,2017-03-09,2017-09-04,https://www.ebi.ac.uk/pride/archive/projects/PXD006063
PXD006087,2,4,Astrocyte-shed extracellular vesicles regulate the peripheral leukocyte response to inflammatory brain lesions,PARTIAL,2017-03-14,2018-10-26,https://www.ebi.ac.uk/pride/archive/projects/PXD006087
PXD006108,2,8,Predictive biomarkers of sperm quality in sturgeon spermatozoa,COMPLETE,2017-03-17,2017-10-31,https://www.ebi.ac.uk/pride/archive/projects/PXD006108
PXD006156,2,11,RNF8 mediates NONO degradation following UV-induced DNA damage to properly terminate ATR-CHK1 checkpoint signaling,COMPLETE,2017-03-22,2018-11-07,https://www.ebi.ac.uk/pride/archive/projects/PXD006156
PXD006269,2,3,HCMV pentamer - Identification of protein interacting with gHgLpUL128,PARTIAL,2017-08-03,2018-07-27,https://www.ebi.ac.uk/pride/archive/projects/PXD006269
PXD006337,2,6,Human platelet LC-MSMS,PARTIAL,2017-04-19,2022-03-07,https://www.ebi.ac.uk/pride/archive/projects/PXD006337
PXD006400,2,7,OVA N-glycans PGC-LC-MSMS -  Large-scale identification and visualization of N-glycans with primary structures using GlySeeker,PARTIAL,2017-04-28,2019-01-17,https://www.ebi.ac.uk/pride/archive/projects/PXD006400
PXD006503,2,10,NOVEL ROLE OF FATTY ACID SYNTHASE IN ANGIOGENESIS THROUGH MODULATION OF LYSINE MALONYLATION OF MTOR,COMPLETE,2017-05-12,2019-07-08,https://www.ebi.ac.uk/pride/archive/projects/PXD006503
PXD006603,2,5,Multifaceted disruption to cholesterol homeostasis upon loss of the mEMC,PARTIAL,2017-05-26,2019-01-02,https://www.ebi.ac.uk/pride/archive/projects/PXD006603
PXD006741,2,5,SPARTAN Protease and Checkpoint Kinase 1 Cross-Activation Loop Safeguards Genome Stability,PARTIAL,2017-06-19,2019-11-08,https://www.ebi.ac.uk/pride/archive/projects/PXD006741
PXD006769,2,12,Phosphotyrosine profiling of in vivo signaling changes in erlotinib-treated glioblastoma flank xenografts,COMPLETE,2017-06-21,2018-11-06,https://www.ebi.ac.uk/pride/archive/projects/PXD006769
PXD006827,2,4,TOM core complex -  Cryo-EM Structure of the TOM Core Complex from Neurospora crassa,PARTIAL,2017-06-29,2017-08-16,https://www.ebi.ac.uk/pride/archive/projects/PXD006827
PXD006856,2,14,Naa80 acetylates the actin N-terminus impacting the actin cytoskeleton and cell motility,PARTIAL,2017-07-03,2018-10-24,https://www.ebi.ac.uk/pride/archive/projects/PXD006856
PXD006884,2,5,Structural determinants of specificity and antagonistic Ca2+ and Zn2+ regulation of peptidase activity in human KLK8/neuropsin,PARTIAL,2017-07-06,2018-10-17,https://www.ebi.ac.uk/pride/archive/projects/PXD006884
PXD007096,2,10,A Tandem Mass Tag (TMT) proteomic analysis during the early phase of experimental pancreatitis,PARTIAL,2017-07-21,2018-05-22,https://www.ebi.ac.uk/pride/archive/projects/PXD007096
PXD007118,2,5,Abl subtrates using tyrosine phosphoproteomics,PARTIAL,2017-07-25,2018-03-16,https://www.ebi.ac.uk/pride/archive/projects/PXD007118
PXD007133,2,10,Succinylome analysis of pCAR1-free and pCAR1-harbouring Pseudomonas putida KT2440.,PARTIAL,2017-09-11,2018-11-21,https://www.ebi.ac.uk/pride/archive/projects/PXD007133
PXD007136,2,4,YBX3 controls amino acid import via post-transcriptional regulation of Solute Carrier mRNAs,PARTIAL,2017-07-26,2022-03-01,https://www.ebi.ac.uk/pride/archive/projects/PXD007136
PXD007243,2,3,Comprehensive profiling of lysine ubiquitome reveals diverse functions of lysine ubiquitination in common wheat,PARTIAL,2017-08-10,2017-11-01,https://www.ebi.ac.uk/pride/archive/projects/PXD007243
PXD007273,2,4,Single-shot top-down proteomics with capillary zone electrophoresis-electrospray ionization-tandem mass spectrometry for identification of nearly 600 Escherichia coli proteoforms,PARTIAL,2017-08-15,2017-10-30,https://www.ebi.ac.uk/pride/archive/projects/PXD007273
PXD007287,2,10,UPLC-MS/MS of YAP co-IP during activating and inactivating plating conditions,COMPLETE,2017-08-17,2019-11-21,https://www.ebi.ac.uk/pride/archive/projects/PXD007287
PXD007628,2,6,MHC II immunopeptidome during Plasmodium berghei blood stage infection,PARTIAL,2017-09-01,2017-09-20,https://www.ebi.ac.uk/pride/archive/projects/PXD007628
PXD007629,2,3,Characterisation of the biflavonoid hinokiflavone as a pre-mRNA splicing modulator that inhibits SENP,PARTIAL,2017-09-01,2017-09-07,https://www.ebi.ac.uk/pride/archive/projects/PXD007629
PXD007638,2,4,Confirmation of ZAK as covalent target of Ibrutinib,PARTIAL,2017-09-04,2017-10-13,https://www.ebi.ac.uk/pride/archive/projects/PXD007638
PXD007687,2,4,Acetylome analysis of Streptococcus pneumoniae,PARTIAL,2017-09-12,2018-01-29,https://www.ebi.ac.uk/pride/archive/projects/PXD007687
PXD007693,2,3,EuPA YPIC challenge entry - proteome data analysis ,PARTIAL,2017-09-08,2019-10-29,https://www.ebi.ac.uk/pride/archive/projects/PXD007693
PXD007769,2,6,SILAC-based quantitative tyrosine phosphoproteomic profiling identifies alternative therapeutic targets to erlotinib in head and neck squamous cell carcinoma,PARTIAL,2017-09-18,2022-10-13,https://www.ebi.ac.uk/pride/archive/projects/PXD007769
PXD007773,2,24,"Experiment 03: Macaca mulatta infected with Plasmodium coatneyi Hackeri strain to produce and integrate clinical, hematological, parasitological, and omics measures of acute, recrudescent, and chronic infections.",PARTIAL,2019-03-11,2019-03-13,https://www.ebi.ac.uk/pride/archive/projects/PXD007773
PXD007774,2,27,"Experiment 04: Macaca mulatta infected with Plasmodium cynomolgi B strain to produce and integrate clinical, hematological, parasitological, and omics measures of acute primary infection and relapses.",PARTIAL,2019-03-11,2019-03-13,https://www.ebi.ac.uk/pride/archive/projects/PXD007774
PXD007864,2,8,AP-MS analysis of CobB interactions in E. coli,COMPLETE,2017-09-28,2017-10-04,https://www.ebi.ac.uk/pride/archive/projects/PXD007864
PXD007872,2,4,MELK promotes melanoma growth by stimulating the NF-B pathway,PARTIAL,2017-09-29,2017-12-07,https://www.ebi.ac.uk/pride/archive/projects/PXD007872
PXD007897,2,5,phospho HMMR Co-Immunoprecipitation,PARTIAL,2017-10-03,2017-10-09,https://www.ebi.ac.uk/pride/archive/projects/PXD007897
PXD007905,2,4,Microplitis mediator venom protein LC-MSMS,PARTIAL,2017-10-04,2019-01-07,https://www.ebi.ac.uk/pride/archive/projects/PXD007905
PXD007988,2,4,Composition and structure of synaptic ectosomes exporting antigen receptor linked to functional CD40 ligand from helper T cells,PARTIAL,2019-10-02,2019-10-02,https://www.ebi.ac.uk/pride/archive/projects/PXD007988
PXD008057,2,5,Fine-scale adaptive divergence and plasticity revealed by genetic and phenotypic variation in a marine invertebrate,PARTIAL,2017-10-26,2018-07-27,https://www.ebi.ac.uk/pride/archive/projects/PXD008057
PXD008108,2,3,Interacting protein identification,PARTIAL,2017-11-02,2019-11-12,https://www.ebi.ac.uk/pride/archive/projects/PXD008108
PXD008113,2,4,Identifing YdeH acetylation sites,PARTIAL,2017-11-02,2019-06-17,https://www.ebi.ac.uk/pride/archive/projects/PXD008113
PXD008137,2,15,Determination of disulfide bridges of human PGAP4 protein,PARTIAL,2017-11-06,2018-01-30,https://www.ebi.ac.uk/pride/archive/projects/PXD008137
PXD008245,2,5,A functional genomics screen identifies genes required for Schizosaccharomyces pombe meiosis,PARTIAL,2017-11-20,2018-01-04,https://www.ebi.ac.uk/pride/archive/projects/PXD008245
PXD008253,2,4,Protein-protein interactions overview of the moonlighting protein GAPDH in Paracoccidioides lutzii,PARTIAL,2017-11-21,2019-07-29,https://www.ebi.ac.uk/pride/archive/projects/PXD008253
PXD008308,2,4,Micellium GAPDH proteome -  Interactome of Glyceraldehyde-3-Phosphate Dehydrogenase Points to the Existence of Metabolons in Paracoccidioides lutzii,PARTIAL,2017-11-28,2019-07-29,https://www.ebi.ac.uk/pride/archive/projects/PXD008308
PXD008309,2,4,J774 Macrophage proteins interacion with Paracoccidioides lutzii GAPDH,PARTIAL,2017-11-28,2019-07-29,https://www.ebi.ac.uk/pride/archive/projects/PXD008309
PXD008317,2,4,GAPDH interactome in micelium to yeast transition Paracoccidioides lutzii cells,PARTIAL,2017-11-29,2019-07-29,https://www.ebi.ac.uk/pride/archive/projects/PXD008317
PXD008374,2,4,Comparative phosphoproteomic and acetylated proteomic analysis of intestine regeneration in the sea cucumber Apostichopus japonicus,PARTIAL,2017-12-06,2018-10-22,https://www.ebi.ac.uk/pride/archive/projects/PXD008374
PXD008378,2,6,Proteomic characterization of CD34+ CD123+ stem cells from patients with acute myeloid leukemia,PARTIAL,2017-12-06,2018-02-19,https://www.ebi.ac.uk/pride/archive/projects/PXD008378
PXD008384,2,3,Micro-metastases regression following primary tumor excision: a critical role for primary tumor secretome,PARTIAL,2017-12-07,2020-10-07,https://www.ebi.ac.uk/pride/archive/projects/PXD008384
PXD008400,2,3,"Direct analysis of IFITM3 S-fatty-acylation, part 1",PARTIAL,2017-12-11,2018-03-28,https://www.ebi.ac.uk/pride/archive/projects/PXD008400
PXD008408,2,13,Quantitative proteomic analysis of fresh-frozen human breast tissue and tumor samples using microLC-SWATH-MS,PARTIAL,2017-12-11,2026-03-16,https://www.ebi.ac.uk/pride/archive/projects/PXD008408
PXD008609,2,6,TTG1 interacting profile -  Site-specific phosphorylation of TRANSPARENT TESTA GLABRA1 mediates carbon partitioning in Arabidopsis seeds,PARTIAL,2018-01-08,2018-10-22,https://www.ebi.ac.uk/pride/archive/projects/PXD008609
PXD008631,2,4,Immunoaffinity enrichemt of GREB1 to co-enrich HSP90,PARTIAL,2018-01-09,2018-05-02,https://www.ebi.ac.uk/pride/archive/projects/PXD008631
PXD008644,2,4,The archaeal ATPase PINA interacts with the helicase Hjm via its carboxyl terminal KH domain remodeling and processing replication fork and Holliday junction,PARTIAL,2018-01-10,2018-10-22,https://www.ebi.ac.uk/pride/archive/projects/PXD008644
PXD008703,2,6,Temperature-induced changes in wheat leaf and flower phosphoproteome,PARTIAL,2018-01-17,2018-10-19,https://www.ebi.ac.uk/pride/archive/projects/PXD008703
PXD008737,2,488,The Importance of Extracellular Vesicle Purification for Downstream Analysis: A Comparison of Differential Centrifugation and Size Exclusion Chromatography for Parasitic Helminths,PARTIAL,2018-01-22,2019-02-13,https://www.ebi.ac.uk/pride/archive/projects/PXD008737
PXD008829,2,10,Pseudomonas aeruginosa PA3904 pull down coupled to LC-MS/MS,COMPLETE,2018-02-01,2018-03-09,https://www.ebi.ac.uk/pride/archive/projects/PXD008829
PXD008857,2,9,PSI supercomplex copurification using PSI His-tag,PARTIAL,2018-02-05,2018-10-03,https://www.ebi.ac.uk/pride/archive/projects/PXD008857
PXD008875,2,13,FILIP1 CT pull-down,COMPLETE,2018-02-06,2022-06-06,https://www.ebi.ac.uk/pride/archive/projects/PXD008875
PXD008891,2,6,Multiplex Biomarker Screening Assay for Urinary Extracellular Vesicles Study:  A Targeted Label-Free Proteomic Approach,PARTIAL,2018-02-08,2018-10-11,https://www.ebi.ac.uk/pride/archive/projects/PXD008891
PXD008924,2,4,Time series and steady state proteomics of Pseudomonas aeruginosa phenazine mutants,PARTIAL,2018-02-12,2018-10-19,https://www.ebi.ac.uk/pride/archive/projects/PXD008924
PXD009000,2,7,Identification of MS-Cleavable and Non-Cleavable Chemically Crosslinked Peptides with MetaMorpheus,PARTIAL,2018-02-21,2018-07-16,https://www.ebi.ac.uk/pride/archive/projects/PXD009000
PXD009006,2,9,Analysis of Conus venom peptides,PARTIAL,2018-02-21,2018-06-29,https://www.ebi.ac.uk/pride/archive/projects/PXD009006
PXD009079,2,10,Human mitochondrial cysteine desulfurase complex,COMPLETE,2018-03-01,2018-07-11,https://www.ebi.ac.uk/pride/archive/projects/PXD009079
PXD009188,2,7,Single methyl group positioning opens new chemical space for EPH receptor kinase inhibition,PARTIAL,2018-03-12,2018-09-05,https://www.ebi.ac.uk/pride/archive/projects/PXD009188
PXD009190,2,4,A 17 kDa fragment of lactoferrin associates with the termination of inflammation and peptides within promote resolution,PARTIAL,2018-03-12,2018-03-20,https://www.ebi.ac.uk/pride/archive/projects/PXD009190
PXD009221,2,4,Mouse serum exosome proteomics,PARTIAL,2018-03-15,2018-07-03,https://www.ebi.ac.uk/pride/archive/projects/PXD009221
PXD009364,2,11,Transient osmotic perturbation causes long-term alteration to the gut microbiota,COMPLETE,2018-03-29,2019-11-12,https://www.ebi.ac.uk/pride/archive/projects/PXD009364
PXD009365,2,6,TMT-based Quantitative Proteomics of Developing Sea Buckthorn (Hippophae rhamnoides) Berries Reveals Candidate Proteins Related to Lipid Metabolism,PARTIAL,2018-03-29,2019-04-18,https://www.ebi.ac.uk/pride/archive/projects/PXD009365
PXD009390,2,6,Combining laser capture micro-dissection and proteomics reveals an active translation machinery controlling invadosome formation,PARTIAL,2018-04-04,2018-10-19,https://www.ebi.ac.uk/pride/archive/projects/PXD009390
PXD009503,2,7,Targeting G protein-coupled receptor signaling at the G protein level with a selective nanobody inhibitor,PARTIAL,2018-04-16,2018-10-19,https://www.ebi.ac.uk/pride/archive/projects/PXD009503
PXD009524,2,4,DNA mismatch repair activity of MutLα is regulated by CK2-dependent phosphorylation of MLH1 (S477),PARTIAL,2018-04-17,2018-08-28,https://www.ebi.ac.uk/pride/archive/projects/PXD009524
PXD009532,2,4,Physcomitrella patens protonema endogenous peptides,PARTIAL,2018-04-18,2018-12-14,https://www.ebi.ac.uk/pride/archive/projects/PXD009532
PXD009604,2,98,Toxoplasma GRA protein identification,COMPLETE,2018-04-25,2018-11-02,https://www.ebi.ac.uk/pride/archive/projects/PXD009604
PXD009672,2,5,Improving silkworm genome annotation using a proteogenomics approach,PARTIAL,2019-03-01,2019-07-01,https://www.ebi.ac.uk/pride/archive/projects/PXD009672
PXD009697,2,6,Improving silkworm genome annotation using a proteogenomics approach,PARTIAL,2019-06-24,2019-07-01,https://www.ebi.ac.uk/pride/archive/projects/PXD009697
PXD009711,2,5,Mode of action studies for a novel anti-leishmania compound,PARTIAL,2018-11-30,2018-11-30,https://www.ebi.ac.uk/pride/archive/projects/PXD009711
PXD009716,2,3,glyXtoolMS Example Data Sets -  glyXtoolMS: An Open-Source Pipeline for Semiautomated Analysis of Glycopeptide Mass Spectrometry Data,PARTIAL,2018-09-20,2018-09-24,https://www.ebi.ac.uk/pride/archive/projects/PXD009716
PXD009724,2,4,Small-molecule inhibitors reveal an indispensable scaffolding role of RIPK2 in NOD2 signaling,PARTIAL,2018-05-09,2018-07-25,https://www.ebi.ac.uk/pride/archive/projects/PXD009724
PXD009752,2,10,LC-MSMS of the lc2 MHC class I immunopeptidome,COMPLETE,2018-05-11,2018-10-22,https://www.ebi.ac.uk/pride/archive/projects/PXD009752
PXD009754,2,10,LC-MSMS of the lc4 MHC class I immunopeptidome,COMPLETE,2018-05-11,2018-10-22,https://www.ebi.ac.uk/pride/archive/projects/PXD009754
PXD009755,2,10,LC-MSMS of the lc6 MHC class I immunopeptidome,COMPLETE,2018-05-11,2018-10-22,https://www.ebi.ac.uk/pride/archive/projects/PXD009755
PXD009761,2,8,The proteomics analyses of different silkworm tissues(embryo and testis),PARTIAL,2018-05-11,2019-07-01,https://www.ebi.ac.uk/pride/archive/projects/PXD009761
PXD009864,2,4,Mitten crab hepatopancreas LC-MSMS,PARTIAL,2018-05-23,2019-08-14,https://www.ebi.ac.uk/pride/archive/projects/PXD009864
PXD010011,2,5,The Insulin/IGF Signaling Cascade Modulates SUMOylation to Regulate Aging and Proteostasis in C. elegans.,PARTIAL,2018-06-04,2018-06-06,https://www.ebi.ac.uk/pride/archive/projects/PXD010011
PXD010197,2,6,Farnesylated Heat Shock Protein 40 is a component of membrane-bound RISC in Arabidopsis,PARTIAL,2018-06-22,2018-09-10,https://www.ebi.ac.uk/pride/archive/projects/PXD010197
PXD010388,2,8,Lotus rhizome LC-MSMS -  Proteomic analysis showing the signaling pathways involved in the rhizome enlargement process in Nelumbo nucifera,PARTIAL,2018-07-11,2019-11-12,https://www.ebi.ac.uk/pride/archive/projects/PXD010388
PXD010405,2,4,Development of chemical proteomics for the folateome and analysis of the kinetoplastid folateome - Part 1,PARTIAL,2018-07-12,2018-10-02,https://www.ebi.ac.uk/pride/archive/projects/PXD010405
PXD010440,2,15,Quantitative phosphoproteomic analysis reveals common regulatory mechanisms of immune components during effector- and PAMP-triggered immunity,PARTIAL,2018-07-16,2018-10-11,https://www.ebi.ac.uk/pride/archive/projects/PXD010440
PXD010451,2,3,Venomics  reveals an ant venom peptidome,PARTIAL,2018-07-17,2018-08-29,https://www.ebi.ac.uk/pride/archive/projects/PXD010451
PXD010470,2,4,SseF-SscB Interaction -  Revealing the mechanisms of membrane protein export by virulence-associated bacterial secretion systems,PARTIAL,2018-07-18,2018-10-16,https://www.ebi.ac.uk/pride/archive/projects/PXD010470
PXD010490,2,5,Detection of SEPs by MS (Second Round),PARTIAL,2018-07-19,2019-10-14,https://www.ebi.ac.uk/pride/archive/projects/PXD010490
PXD010492,2,4,saliva of salivasaliva,PARTIAL,2018-07-19,2022-12-12,https://www.ebi.ac.uk/pride/archive/projects/PXD010492
PXD010495,2,13,Effect of purification of galactooligosaccharides derived from lactulose with Saccharomyces cerevisiae on their capacity to bind immune cell receptor Dectin-2,COMPLETE,2018-07-19,2018-12-11,https://www.ebi.ac.uk/pride/archive/projects/PXD010495
PXD010537,2,9,Phospho and expression proteomics in chinese hamster ovary cells,PARTIAL,2018-08-09,2020-02-26,https://www.ebi.ac.uk/pride/archive/projects/PXD010537
PXD010579,2,8,Stable-protein Pair Analysis as A Novel Strategy to Identify Proteomic Signatures: Application to Seminal Plasma From Infertile Patients.,COMPLETE,2018-10-19,2019-02-25,https://www.ebi.ac.uk/pride/archive/projects/PXD010579
PXD010675,2,5,Peanut stunt virus–satellite RNA triggers changes in phosphorylation in N. benthamiana infected plants at the early stage of the infection,PARTIAL,2018-08-03,2018-10-25,https://www.ebi.ac.uk/pride/archive/projects/PXD010675
PXD010720,2,6,Characterization of extracellular enzymes involved in natural decomposition of conifer wood,PARTIAL,2018-11-27,2018-11-28,https://www.ebi.ac.uk/pride/archive/projects/PXD010720
PXD010777,2,6,Analysis of the TBK1 interactors from TBK1-deficient A549 cells reconstituted with moTAP TBK1 or empty vector,PARTIAL,2018-08-15,2018-09-25,https://www.ebi.ac.uk/pride/archive/projects/PXD010777
PXD010943,2,9,SWATH-MS Analysis of Gfi1-mutant bone marrow neutrophils,PARTIAL,2018-08-30,2020-04-07,https://www.ebi.ac.uk/pride/archive/projects/PXD010943
PXD010963,2,4,Locus-specific proteomics identification of OCT4 regulators,PARTIAL,2018-08-31,2019-01-07,https://www.ebi.ac.uk/pride/archive/projects/PXD010963
PXD011011,2,6,Porcine LC-MSMS -  Porcine Breast Extracellular Matrix Hydrogel for Spatial Tissue Culture,PARTIAL,2018-09-05,2019-11-12,https://www.ebi.ac.uk/pride/archive/projects/PXD011011
PXD011118,2,5,A novel germline variant in CSF3R highlights the potent oncogenic effects of loss of N-glycosylation and its implication for therapeutic intervention,PARTIAL,2018-09-18,2018-11-06,https://www.ebi.ac.uk/pride/archive/projects/PXD011118
PXD011164,2,3,Nemo-like kinase drives Foxp3 stability and is critical for maintenance of immune tolerance by regulatory T cells,PARTIAL,2018-09-24,2019-09-02,https://www.ebi.ac.uk/pride/archive/projects/PXD011164
PXD011237,2,10,CpaA is a Glycan-Specific Adamalysin-like Protease Secreted by Acinetobacter baumannii that Inactivates Coagulation Factor XII,COMPLETE,2018-10-01,2024-02-05,https://www.ebi.ac.uk/pride/archive/projects/PXD011237
PXD011241,2,4,Exosomes of p53 mutant H1299 cells,PARTIAL,2018-10-01,2018-12-04,https://www.ebi.ac.uk/pride/archive/projects/PXD011241
PXD011256,2,7,Analysis of YAP1 phosphorylation sites induced by TAK1,PARTIAL,2018-10-02,2018-11-04,https://www.ebi.ac.uk/pride/archive/projects/PXD011256
PXD011273,2,4,Ixodes scapularis chemotactic protein identification,PARTIAL,2018-10-04,2021-09-08,https://www.ebi.ac.uk/pride/archive/projects/PXD011273
PXD011356,2,10,Identification of novel pyrazolopyrimidine compounds that modulate the shelterin complex and telomere length regulation via phosphoglycerate kinase 1 and stress sensor DJ1,COMPLETE,2018-10-15,2019-07-19,https://www.ebi.ac.uk/pride/archive/projects/PXD011356
PXD011368,2,4,MCF-7 Flag-need8 IP-MS,PARTIAL,2018-10-16,2022-04-01,https://www.ebi.ac.uk/pride/archive/projects/PXD011368
PXD011371,2,10,binding specificity of Native Odorant-Binding Protein isoforms is driven by phosphorylation and O-N-acetylglucosamiylation in the pig (sus scrofa),COMPLETE,2018-10-16,2019-02-15,https://www.ebi.ac.uk/pride/archive/projects/PXD011371
PXD011395,2,4,MCF-7 PTEN-Nedd8 IP-MS,PARTIAL,2018-10-17,2022-05-20,https://www.ebi.ac.uk/pride/archive/projects/PXD011395
PXD011418,2,7,Assessing the effect of number of single hit vs. 3 repetitive hits in a mouse of closed head injury (rCHI) at 3 and 7 days post injury (DPI) in the cortex and hippocampus tissue,PARTIAL,2018-10-19,2025-05-23,https://www.ebi.ac.uk/pride/archive/projects/PXD011418
PXD011421,2,4,Integrated Quantitative Phosphoproteomics and Cell-based Functional Screening Reveals Specific Pathological Cardiac Hypertrophy-related Phosphorylation Sites,PARTIAL,2018-10-19,2021-09-08,https://www.ebi.ac.uk/pride/archive/projects/PXD011421
PXD011504,2,5,Sysmetex proteome data for SLX mineral growth,PARTIAL,2018-10-29,2020-06-29,https://www.ebi.ac.uk/pride/archive/projects/PXD011504
PXD011522,2,6,Galectin-8 facilitates B cell responses to surface-tethered antigens by promoting antigen extraction at the B cell synapse,PARTIAL,2018-10-30,2018-12-14,https://www.ebi.ac.uk/pride/archive/projects/PXD011522
PXD011542,2,4,Spliceosome disassembly factors ILP1 and NTR1 promote microRNA biogenesis in Arabidopsis,PARTIAL,2018-10-31,2019-11-12,https://www.ebi.ac.uk/pride/archive/projects/PXD011542
PXD011552,2,5,SUMO conjugation to the pattern recognition receptor FLS2 triggers intracellular signalling in plant innate immunity,PARTIAL,2018-11-01,2019-11-12,https://www.ebi.ac.uk/pride/archive/projects/PXD011552
PXD011577,2,4,lnc-EAPV binding proteins in  C57BL/6J BMDMs,PARTIAL,2018-11-05,2018-11-07,https://www.ebi.ac.uk/pride/archive/projects/PXD011577
PXD011786,2,8,MS for identifying CENP-E ubiquitination sites and MS for GST-Ub4 interacting proteins,PARTIAL,2018-11-21,2019-01-28,https://www.ebi.ac.uk/pride/archive/projects/PXD011786
PXD011865,2,4,SFPQ interacted proteins in HEK293T nucleus and cytoplasm,PARTIAL,2018-11-28,2019-01-10,https://www.ebi.ac.uk/pride/archive/projects/PXD011865
PXD011880,2,8,Dataset 1: SNO-CoA Targets in Mouse Kidney,PARTIAL,2018-11-29,2018-12-11,https://www.ebi.ac.uk/pride/archive/projects/PXD011880
PXD011881,2,8,Dataset 2: Targets of SCoR-mediated Denitrosylation,PARTIAL,2018-11-29,2018-12-11,https://www.ebi.ac.uk/pride/archive/projects/PXD011881
PXD011943,2,4,The relative intensity of RhPIP2;1 at Ser 273. Membrane proteins were extracted from mock (left) and dehydrated (right) leaves and were used for LC-MS analysis - Part 2,PARTIAL,2018-12-05,2019-01-16,https://www.ebi.ac.uk/pride/archive/projects/PXD011943
PXD011994,2,3,A Proteomic Analysis of the Myocardium in Hypertrophic Obstructive Cardiomyopathy,PARTIAL,2018-12-10,2019-08-14,https://www.ebi.ac.uk/pride/archive/projects/PXD011994
PXD011999,2,5,DARPin_study -  Systemic analysis of tyrosine kinase signaling reveals a common adaptive response program in a HER2-positive breast cancer,PARTIAL,2018-12-10,2019-01-28,https://www.ebi.ac.uk/pride/archive/projects/PXD011999
PXD012023,2,4,Serine-Threonine Kinase Encoded by a Split hipA Homologous Gene of Escherichia coli Inhibits Tryptophanyl-tRNA Synthetase,PARTIAL,2018-12-12,2019-06-24,https://www.ebi.ac.uk/pride/archive/projects/PXD012023
PXD012026,2,5,Chemical phosphoproteomic approaches reveal substrate specificity of protein phosphatases-1 and -2,PARTIAL,2018-12-12,2020-07-14,https://www.ebi.ac.uk/pride/archive/projects/PXD012026
PXD012068,2,4,Cyclin dependent kinase 5 (CDK5) regulates the circadian clock,PARTIAL,2018-12-14,2019-12-04,https://www.ebi.ac.uk/pride/archive/projects/PXD012068
PXD012092,2,12,Transcriptomic alterations induced by physiologically relevant level of mono(2-ethylhexyl) phthalate (MEHP) in oocytes and blastocysts,COMPLETE,2018-12-18,2019-05-09,https://www.ebi.ac.uk/pride/archive/projects/PXD012092
PXD012095,2,15,MS-based analysis of enzymatic methylation of an in vitro-transcribed lncRNA,PARTIAL,2018-12-18,2018-12-31,https://www.ebi.ac.uk/pride/archive/projects/PXD012095
PXD012141,2,5,Proteomic changes in oocytes after in vitro maturation in lipotoxic conditions are different from those in cumulus cells,PARTIAL,2018-12-21,2019-04-02,https://www.ebi.ac.uk/pride/archive/projects/PXD012141
PXD012201,2,4,Identification of PAC1 interactome in activated T cells,PARTIAL,2018-12-31,2020-01-07,https://www.ebi.ac.uk/pride/archive/projects/PXD012201
PXD012303,2,4,SILAC analysis of long bone osteoblasts isolated from Tgif1+/+ and Tgif1-/- mice,PARTIAL,2019-01-10,2019-01-29,https://www.ebi.ac.uk/pride/archive/projects/PXD012303
PXD012466,2,12,"DSSO,Xlink,LC-MSMS - DSSO as linker, study of protein-protein interaction by LC-MSMS",COMPLETE,2019-01-22,2020-04-15,https://www.ebi.ac.uk/pride/archive/projects/PXD012466
PXD012478,2,5,Targets of anti-trophoblast antibodies,PARTIAL,2019-01-23,2019-03-05,https://www.ebi.ac.uk/pride/archive/projects/PXD012478
PXD012488,2,4,Boyce 4023 GlcNac Mapping Project,PARTIAL,2019-09-05,2019-12-12,https://www.ebi.ac.uk/pride/archive/projects/PXD012488
PXD012525,2,8,Schistosomes- exosomal miRNAs: modulators of T helper (CD+) cell differentiation,PARTIAL,2019-01-28,2019-12-10,https://www.ebi.ac.uk/pride/archive/projects/PXD012525
PXD012554,2,3,In situ imaging of the bacterial flagellar motor reveals stable inner- and outer-membrane associated sub-complexes during motor assembly and disassembly,PARTIAL,2019-01-29,2019-05-21,https://www.ebi.ac.uk/pride/archive/projects/PXD012554
PXD012563,2,8,USP8 maintains ESC stemness via deubiquitination of EPG5,PARTIAL,2019-01-30,2019-02-25,https://www.ebi.ac.uk/pride/archive/projects/PXD012563
PXD012606,2,3,Ubiquitin ligase WWP2 targets RNA polymerase II in a DNA-PK-dependent transcription shutoff circuitry for DNA repair,PARTIAL,2019-02-07,2019-03-29,https://www.ebi.ac.uk/pride/archive/projects/PXD012606
PXD012609,2,6,Label free quantitative proteomics of EZH2 knocked down-tamoxifen resistant MCF-7 cells unravels novel targets for regaining sensitivity towards Tamoxifen,PARTIAL,2019-02-07,2019-09-30,https://www.ebi.ac.uk/pride/archive/projects/PXD012609
PXD012694,2,7,RASSF1A controls Tissue Stiffness and Cancer Stem-like Cells in Lung Adenocarcinoma,PARTIAL,2019-02-13,2019-05-20,https://www.ebi.ac.uk/pride/archive/projects/PXD012694
PXD012700,2,9,Bolt: A new age peptide search engine for comprehensive MS/MS sequencing through vast protein databases in minutes,PARTIAL,2019-02-14,2019-08-29,https://www.ebi.ac.uk/pride/archive/projects/PXD012700
PXD012702,2,18,A pathogenic CtBP1 missense mutation causes altered cofactor binding and transcriptional activity,COMPLETE,2019-02-14,2019-05-09,https://www.ebi.ac.uk/pride/archive/projects/PXD012702
PXD012729,2,6,Identify UFM1 targeted protein,PARTIAL,2019-02-15,2019-04-02,https://www.ebi.ac.uk/pride/archive/projects/PXD012729
PXD012734,2,3,Identification of mitotic substrates of phospho-regulated USP9X,PARTIAL,2019-02-15,2020-03-25,https://www.ebi.ac.uk/pride/archive/projects/PXD012734
PXD012837,2,4,IP-MS analysis,PARTIAL,2019-02-22,2020-05-26,https://www.ebi.ac.uk/pride/archive/projects/PXD012837
PXD012892,2,4,Identification of human FGF9 IRES interacting proteins,PARTIAL,2019-02-27,2019-11-13,https://www.ebi.ac.uk/pride/archive/projects/PXD012892
PXD012928,2,10,Mass spectrometric analysis of Collagen alpha-1 (II) chain from Capra hircus,PARTIAL,2019-03-01,2019-05-06,https://www.ebi.ac.uk/pride/archive/projects/PXD012928
PXD013033,2,3,Proteomics of Human Blood and Semen Exosomes,PARTIAL,2019-03-11,2019-11-06,https://www.ebi.ac.uk/pride/archive/projects/PXD013033
PXD013069,2,5,Spheroids treated with and without Drug,PARTIAL,2019-08-19,2019-09-03,https://www.ebi.ac.uk/pride/archive/projects/PXD013069
PXD013122,2,3,Tyrosine-protein phophatase non-receptor type 2 (PTPN2) deficiency increases short-lived effector T-cell survival and augments autonomous proliferation of T-cells,PARTIAL,2019-03-18,2020-07-29,https://www.ebi.ac.uk/pride/archive/projects/PXD013122
PXD013216,2,9,Analysis of PKD1 autophosphorylation in vitro and confirmation of stoichiometric S742 phosphorylation of a recombinant PRKD1 kinase domain,PARTIAL,2019-03-25,2019-08-19,https://www.ebi.ac.uk/pride/archive/projects/PXD013216
PXD013248,2,10,TBK1 mediates NOD2 and TLR2 mediated PI31 phosphorylation,COMPLETE,2019-03-26,2026-05-28,https://www.ebi.ac.uk/pride/archive/projects/PXD013248
PXD013265,2,3,Integration of metabolomics and transcriptomics to reveal metabolic characteristics and key targets associated with cisplatin resistance in non-small cell lung cancer,PARTIAL,2019-03-27,2019-08-12,https://www.ebi.ac.uk/pride/archive/projects/PXD013265
PXD013354,2,3,Identification of human proteins whose binding to the N6-methyladenosine-containing hairpin from 28S rRNA is modulated by methylation,PARTIAL,2019-04-03,2019-11-22,https://www.ebi.ac.uk/pride/archive/projects/PXD013354
PXD013390,2,11,Cxorf67-FLAG co-immunoprecipitation analysis from 293T cells,COMPLETE,2019-04-08,2019-04-09,https://www.ebi.ac.uk/pride/archive/projects/PXD013390
PXD013402,2,6,SWATH-proteomics analysis of ibrutinib mechanism of action in neutropenia and acute myeloid leukemia initiating mutated granulocyte-colony stimulating factor receptor,PARTIAL,2019-04-08,2020-04-27,https://www.ebi.ac.uk/pride/archive/projects/PXD013402
PXD013484,2,13,O-GalNAc–glycosylated nuclear proteins,COMPLETE,2019-04-12,2019-04-17,https://www.ebi.ac.uk/pride/archive/projects/PXD013484
PXD013496,2,4,SILAC-based quantitative proteomics of endoplasmic reticulum stress,PARTIAL,2019-04-15,2019-11-01,https://www.ebi.ac.uk/pride/archive/projects/PXD013496
PXD013594,2,12,Investigating the dynamics of the SecA–SecYEG complex dynamic by HDX-MS,PARTIAL,2019-04-23,2019-07-16,https://www.ebi.ac.uk/pride/archive/projects/PXD013594
PXD013856,2,4,Stabilizing Heterochromatin by DGCR8 Alleviates Senescence and Osteoarthritis,PARTIAL,2019-05-15,2019-05-28,https://www.ebi.ac.uk/pride/archive/projects/PXD013856
PXD013933,2,11,Immunoproteomic study of Candida albicans hyphal secretome for the identification of diagnostic biomarker candidates of invasive candidiasis,COMPLETE,2019-05-20,2021-07-05,https://www.ebi.ac.uk/pride/archive/projects/PXD013933
PXD013952,2,18,Bidirectional Control of Coronary Vascular Resistance by Eicosanoids via a Novel GPCR,PARTIAL,2019-05-21,2022-04-13,https://www.ebi.ac.uk/pride/archive/projects/PXD013952
PXD014029,2,4,Assembly of a nuclear lamin coil 2 fragment,PARTIAL,2019-05-28,2025-12-15,https://www.ebi.ac.uk/pride/archive/projects/PXD014029
PXD014033,2,11,Protein-tyrosine kinase 2-beta activates Interferon Regulatory Factor 5 to control inflammation,COMPLETE,2019-05-28,2021-10-14,https://www.ebi.ac.uk/pride/archive/projects/PXD014033
PXD014077,2,3,Proteomic dissection of CFAP44 deficient axonemes,PARTIAL,2019-06-03,2020-01-20,https://www.ebi.ac.uk/pride/archive/projects/PXD014077
PXD014111,2,5,"iTRAQ-based quantitative proteomic analysis of nuclear fractions of glioma (WHO grade II, III and IV) tissues to identify altered transcriptional regulatory proteins",PARTIAL,2019-06-04,2019-08-06,https://www.ebi.ac.uk/pride/archive/projects/PXD014111
PXD014153,2,7,The mechanism of infochemicals induced colony formation and flocculation in the microalga Scenedesmus subspicatus,PARTIAL,2019-06-06,2020-05-06,https://www.ebi.ac.uk/pride/archive/projects/PXD014153
PXD014283,2,6,A binding site hotspot map of the FKBP12–rapamycin–FRB ternary complex by photo-affinity labeling and mass spectrometry-based proteomics,PARTIAL,2019-06-18,2024-01-04,https://www.ebi.ac.uk/pride/archive/projects/PXD014283
PXD014298,2,11,The C-terminal domains SnRK2-box and ABA-box have a role in sugarcane SnRK2s auto-activation and activity,PARTIAL,2019-06-19,2019-11-13,https://www.ebi.ac.uk/pride/archive/projects/PXD014298
PXD014344,2,5,SILAC labeling efficiency for c-di-GMP and CobB,PARTIAL,2019-06-21,2019-06-24,https://www.ebi.ac.uk/pride/archive/projects/PXD014344
PXD014473,2,3,Interactome of overexpressed BAG3 in HEK293T cells,PARTIAL,2019-07-03,2019-10-10,https://www.ebi.ac.uk/pride/archive/projects/PXD014473
PXD014533,2,5,Identification of nutrient dependend PIK3C2B regulators,PARTIAL,2019-07-09,2019-10-02,https://www.ebi.ac.uk/pride/archive/projects/PXD014533
PXD014580,2,3,Quantitative proteomics profiling of NSPs in Leishmania mexicana parasites during starvation,PARTIAL,2019-07-11,2019-12-03,https://www.ebi.ac.uk/pride/archive/projects/PXD014580
PXD014736,2,3,c-Met activation leads to the establishment of a TGFβ receptor regulatory network required for bladder cancer invasion,PARTIAL,2019-07-24,2019-08-26,https://www.ebi.ac.uk/pride/archive/projects/PXD014736
PXD014741,2,3,"Loss of ZBTB24, a novel non-homologous end-joining protein, impairs class-switch recombination in ICF syndrome",PARTIAL,2019-07-24,2020-08-19,https://www.ebi.ac.uk/pride/archive/projects/PXD014741
PXD014823,2,3,Global proteomic profiling of meningioma cohort,PARTIAL,2019-07-30,2020-08-27,https://www.ebi.ac.uk/pride/archive/projects/PXD014823
PXD014938,2,17,MKPV (aka MuCPV) and related chapparvoviruses are nephro-tropic and encode novel accessory proteins p15 and NS2.,PARTIAL,2019-08-08,2020-01-06,https://www.ebi.ac.uk/pride/archive/projects/PXD014938
PXD014974,2,3,Haloferax volcanii_Shotgun_Archaeal Proteome Project,PARTIAL,2019-08-12,2020-05-11,https://www.ebi.ac.uk/pride/archive/projects/PXD014974
PXD014988,2,4,Long non-coding RNA HOTTIP promotes CCL3 expression and induces cartilage degradation by sponging miR-455-3p,PARTIAL,2019-08-12,2019-08-12,https://www.ebi.ac.uk/pride/archive/projects/PXD014988
PXD015008,2,3,MELK mediates the stability of EZH2 throught site-specific phosphorylation in extranodal natural killer/T-cell lymphoma,PARTIAL,2019-08-13,2019-08-26,https://www.ebi.ac.uk/pride/archive/projects/PXD015008
PXD015049,2,4,Proteomic landscape of atypical antipsychotics clinical response in blood  plasma from schizophrenia patients,PARTIAL,2019-08-16,2020-06-01,https://www.ebi.ac.uk/pride/archive/projects/PXD015049
PXD015213,2,4,A snapshot of blood plasma proteomics in clinical response to atypical antipsychotics in schizophrenia – An exploratory study,PARTIAL,2019-08-29,2020-06-01,https://www.ebi.ac.uk/pride/archive/projects/PXD015213
PXD015234,2,5,Non-reversible tissue fixation by EDC carbodiimide allows for imaging extracellular vesicles in situ,PARTIAL,2019-08-30,2019-11-18,https://www.ebi.ac.uk/pride/archive/projects/PXD015234
PXD015255,2,4,Human neuronal extracellular vesicles contain a transcriptional network and tetraspanin-defined subpopulations,PARTIAL,2019-08-30,2021-09-08,https://www.ebi.ac.uk/pride/archive/projects/PXD015255
PXD015271,2,7,Disome-seq reveals sequence-mediated coupling of translational pauses and protein structures,PARTIAL,2019-09-02,2020-12-10,https://www.ebi.ac.uk/pride/archive/projects/PXD015271
PXD015377,2,4,Global PhosphoTyrosinylated Protein Profile of Cell-Matrix Adhesion Complexes of Trabecular Meshwork Cells,PARTIAL,2019-09-09,2020-06-02,https://www.ebi.ac.uk/pride/archive/projects/PXD015377
PXD015441,2,6,Yildirim 4398 Nup153 Interactome,PARTIAL,2021-03-09,2021-03-10,https://www.ebi.ac.uk/pride/archive/projects/PXD015441
PXD015454,2,3,Identification of ubiquitination site in BCL-XL after PROTAC DT2216 treatment,PARTIAL,2019-09-16,2019-10-08,https://www.ebi.ac.uk/pride/archive/projects/PXD015454
PXD015474,2,4,The dynamic proteome of influenza A virus infection identifies M segment splicing as a host range determinant,PARTIAL,2019-11-08,2019-11-11,https://www.ebi.ac.uk/pride/archive/projects/PXD015474
PXD015483,2,5,A conserved signaling complex controls warm temperature-mediated plant growth,PARTIAL,2019-09-17,2021-03-25,https://www.ebi.ac.uk/pride/archive/projects/PXD015483
PXD015608,2,4,LncRNA REG1CP promotes tumorigenesis through an enhancer complex to recruit FANCJ helicase for REG3A transcription,PARTIAL,2019-09-26,2020-01-13,https://www.ebi.ac.uk/pride/archive/projects/PXD015608
PXD015659,2,9,Site mapping of PGK1 O-GlcNAcylation,PARTIAL,2019-10-01,2019-11-06,https://www.ebi.ac.uk/pride/archive/projects/PXD015659
PXD015673,2,18,Regulation of epidermal differentiation through KDF1-mediated deubiquitination of IKKα,COMPLETE,2019-10-02,2020-05-13,https://www.ebi.ac.uk/pride/archive/projects/PXD015673
PXD015791,2,5,LINC01018 Pulldown LCMS protein identification,PARTIAL,2019-10-11,2019-10-14,https://www.ebi.ac.uk/pride/archive/projects/PXD015791
PXD015793,2,11,Structural analysis of the intrinsically disordered splicing factor Spp2 and its complex with the DEAH-box ATPase Prp2,PARTIAL,2019-10-11,2020-05-26,https://www.ebi.ac.uk/pride/archive/projects/PXD015793
PXD015810,2,6,Pacific oyster phagosome LC-MSMS,PARTIAL,2019-10-14,2020-04-27,https://www.ebi.ac.uk/pride/archive/projects/PXD015810
PXD015824,2,5,The GATOR2–mTORC2 axis mediates Sestrin2-induced AKT Ser/Thr kinase activation,PARTIAL,2019-10-15,2020-01-15,https://www.ebi.ac.uk/pride/archive/projects/PXD015824
PXD015827,2,3,Starvation-specific NSPs in Leishmania mexicana parasites by quantitative proteomics,PARTIAL,2019-10-15,2019-12-04,https://www.ebi.ac.uk/pride/archive/projects/PXD015827
PXD015830,2,4,PPARgamma ubiquitination sites in HEK293T cells,PARTIAL,2019-10-15,2019-11-01,https://www.ebi.ac.uk/pride/archive/projects/PXD015830
PXD016008,2,4,Mass spectrometry proteomics detecting interaction proteins of Kindlin-2,PARTIAL,2019-10-24,2019-12-16,https://www.ebi.ac.uk/pride/archive/projects/PXD016008
PXD016044,2,4,H3K9bhb identification of CD8+Tm cells,PARTIAL,2019-10-28,2019-11-14,https://www.ebi.ac.uk/pride/archive/projects/PXD016044
PXD016146,2,5,MALDI rat liver anticancer drug spiked-in dataset (imzML),PARTIAL,2019-11-05,2019-11-06,https://www.ebi.ac.uk/pride/archive/projects/PXD016146
PXD016147,2,11,BAP and ADCK4 interactor proteomic data LC-MS/MS,COMPLETE,2019-11-05,2021-09-08,https://www.ebi.ac.uk/pride/archive/projects/PXD016147
PXD016197,2,4,Quantitative Proteomic Analysis of C57BL/6J mice after optic nerve crush Using iTRAQ Labeling,PARTIAL,2019-11-08,2020-05-26,https://www.ebi.ac.uk/pride/archive/projects/PXD016197
PXD016215,2,6,Profiling of a high mannose-type N-glycosylated lipase using hydrophilic interaction chromatography-mass spectrometry,PARTIAL,2019-11-11,2020-05-04,https://www.ebi.ac.uk/pride/archive/projects/PXD016215
PXD016255,2,4,Purified Porcine  ATP synthaseLCMSMS,PARTIAL,2019-11-13,2020-01-13,https://www.ebi.ac.uk/pride/archive/projects/PXD016255
PXD016257,2,8,Targeted quantification of flg22-responsive BSU1 phosphorylation sites,PARTIAL,2019-11-13,2023-03-10,https://www.ebi.ac.uk/pride/archive/projects/PXD016257
PXD016311,2,3,Major Antigen and paramyosin proteins as candidate biomarkers for serodiagnosis of canine infection by zoonotic Onchocerca lupi,PARTIAL,2019-11-18,2021-09-09,https://www.ebi.ac.uk/pride/archive/projects/PXD016311
PXD016321,2,8,Mitochondrial Proteome of Affected Neurons in a Mouse Model of Leigh Syndrome,PARTIAL,2019-11-18,2020-07-28,https://www.ebi.ac.uk/pride/archive/projects/PXD016321
PXD016367,2,7,Purification of proteasome-interacting proteins for MS analysis.,PARTIAL,2019-11-20,2026-03-20,https://www.ebi.ac.uk/pride/archive/projects/PXD016367
PXD016397,2,5,male and female poplar leaves phosphoproteome,PARTIAL,2019-11-22,2020-01-31,https://www.ebi.ac.uk/pride/archive/projects/PXD016397
PXD016422,2,5,Biotin proximity tagging favors unfolded proteins and enables the study of intrinsically disordered regions,PARTIAL,2019-11-25,2020-01-29,https://www.ebi.ac.uk/pride/archive/projects/PXD016422
PXD016456,2,10,Mobilization and cellular distribution of phosphate in the diatom Phaeodactylum tricornutum,COMPLETE,2019-11-27,2020-04-30,https://www.ebi.ac.uk/pride/archive/projects/PXD016456
PXD016577,2,7,Proteomics analysis of Tsr1-purified yeast pre-40S particles,PARTIAL,2019-12-04,2020-03-09,https://www.ebi.ac.uk/pride/archive/projects/PXD016577
PXD016580,2,4,Phosphorylation ratio of pT vs pY ERK in MEK phosphorylation reaction determined by mass spectrometry,PARTIAL,2019-12-04,2020-01-14,https://www.ebi.ac.uk/pride/archive/projects/PXD016580
PXD016581,2,3,Identification of Saliva Proteins of the Whitefly Bemisia tabaci,PARTIAL,2019-12-04,2020-01-15,https://www.ebi.ac.uk/pride/archive/projects/PXD016581
PXD016582,2,5,Intra-patient clonal diversity in HLA class I peptide ligand presentation,PARTIAL,2019-12-04,2020-10-26,https://www.ebi.ac.uk/pride/archive/projects/PXD016582
PXD016606,2,7,Identification of Arabidopsis NAI2 complex,PARTIAL,2019-12-04,2020-01-17,https://www.ebi.ac.uk/pride/archive/projects/PXD016606
PXD016607,2,4,Arabidopsis SME interactome reveals spliceosome components,PARTIAL,2019-12-04,2023-03-03,https://www.ebi.ac.uk/pride/archive/projects/PXD016607
PXD016636,2,4,Phosphoproteomic analysis of mouse neurons with SRPK2 overexpression or knockdown,PARTIAL,2019-12-06,2022-02-14,https://www.ebi.ac.uk/pride/archive/projects/PXD016636
PXD016811,2,9,sRNA scr5239 involved in important feedback loop of S. coelicolor central metabolism,PARTIAL,2019-12-18,2020-01-28,https://www.ebi.ac.uk/pride/archive/projects/PXD016811
PXD016884,2,10,Peptide mapping of SRSF7_RRM isoforms in murine P19 cells,COMPLETE,2019-12-20,2020-05-27,https://www.ebi.ac.uk/pride/archive/projects/PXD016884
PXD016990,2,4,Interspecies assertiveness of Lactobacillus curvatus and Lactobacillus sakei in sausage fermentations,PARTIAL,2020-01-07,2021-01-07,https://www.ebi.ac.uk/pride/archive/projects/PXD016990
PXD016997,2,6,Identification of proteome changes in apoptotic NSCLC cells,PARTIAL,2020-01-07,2020-05-27,https://www.ebi.ac.uk/pride/archive/projects/PXD016997
PXD017023,2,4,Tryp-N: A thermostable protease for the production of N-terminal argininyl and lysinyl peptides,PARTIAL,2020-01-09,2020-04-22,https://www.ebi.ac.uk/pride/archive/projects/PXD017023
PXD017034,2,5,Identification of the intermolecular disulfide bonds between NPGPx and ZAP70,PARTIAL,2020-01-09,2021-01-25,https://www.ebi.ac.uk/pride/archive/projects/PXD017034
PXD017065,2,5,Tau posttranslational modifications,PARTIAL,2020-01-10,2021-09-09,https://www.ebi.ac.uk/pride/archive/projects/PXD017065
PXD017215,2,10,A novel polyubiquitin chain linkage formed by viral Ubiquitin resists cleavage by deubiquitinating enzymes,PARTIAL,2020-05-22,2020-06-28,https://www.ebi.ac.uk/pride/archive/projects/PXD017215
PXD017229,2,10,Revisiting high resolution crystal structure of Phormidium rubidum phycocyanin using X-ray and mass spectrometry,COMPLETE,2020-01-21,2021-09-09,https://www.ebi.ac.uk/pride/archive/projects/PXD017229
PXD017239,2,12,TEX264 coordinates p97- and SPRTN-mediated resolution of topoisomerase 1-DNA adducts,COMPLETE,2020-01-21,2020-03-13,https://www.ebi.ac.uk/pride/archive/projects/PXD017239
PXD017351,2,5,Ssrp1 co-immunoprecipitation and mass spectrometry,PARTIAL,2020-01-31,2020-08-24,https://www.ebi.ac.uk/pride/archive/projects/PXD017351
PXD017381,2,6,Cardiopoietic stem cell therapy restores infarction-altered cardiac proteome,PARTIAL,2020-02-04,2020-03-23,https://www.ebi.ac.uk/pride/archive/projects/PXD017381
PXD017452,2,17,Analysis of Global Protein Expression in PIWIL1 knockdown PDAC cell line,PARTIAL,2020-02-11,2020-02-18,https://www.ebi.ac.uk/pride/archive/projects/PXD017452
PXD017526,2,9,Quantitative proteomics on HeLa cell surface (iTraq),PARTIAL,2020-02-14,2020-04-22,https://www.ebi.ac.uk/pride/archive/projects/PXD017526
PXD017532,2,4,Sex estimation of a Mesolithic infant through enamel peptides by LC-MS/MS,PARTIAL,2020-02-17,2021-11-29,https://www.ebi.ac.uk/pride/archive/projects/PXD017532
PXD017592,2,10,Proteomics of Hypnale hypnale (Hump-nosed pit viper) venom from the Western Ghats of India,COMPLETE,2020-02-18,2020-03-19,https://www.ebi.ac.uk/pride/archive/projects/PXD017592
PXD017670,2,7,FilaminC pull-down experiment from myotube lysates,PARTIAL,2020-02-21,2020-05-25,https://www.ebi.ac.uk/pride/archive/projects/PXD017670
PXD017792,2,10,CL-MS OF hE1a (DHTKD1) or G729R hE1a with hE2o,COMPLETE,2020-02-28,2020-04-22,https://www.ebi.ac.uk/pride/archive/projects/PXD017792
PXD017836,2,4,Multi-omic detection of Mycobacterium leprae in archaeological human dental calculus,PARTIAL,2020-03-03,2020-10-19,https://www.ebi.ac.uk/pride/archive/projects/PXD017836
PXD017882,2,8,Identification and characterization of novel peptide components in the venom of Indian marine cone snails,PARTIAL,2020-03-04,2021-09-09,https://www.ebi.ac.uk/pride/archive/projects/PXD017882
PXD017900,2,3,Rats cortex proteomics mass spectrometry analysis,PARTIAL,2020-03-05,2021-09-09,https://www.ebi.ac.uk/pride/archive/projects/PXD017900
PXD018017,2,7,Identification and analysis of histone lysine 2-hydroxyisobutyrylation in Arabidopsis,PARTIAL,2020-03-12,2021-06-09,https://www.ebi.ac.uk/pride/archive/projects/PXD018017
PXD018028,2,7,c-di-GMP-induced conformational dynamics of the c-di-GMP-binding protein A (CdbA) from Myxococcus xanthus,PARTIAL,2020-03-18,2020-04-16,https://www.ebi.ac.uk/pride/archive/projects/PXD018028
PXD018040,2,5,Identifying dynamic protein and RNA proximity interaction networks of actinin reveals RNA-binding and metabolic regulatory mechanisms,PARTIAL,2020-03-13,2022-02-15,https://www.ebi.ac.uk/pride/archive/projects/PXD018040
PXD018078,2,4,ULK1-dependent phosphorylation of RIPK1 within the intermediate domain,PARTIAL,2020-03-17,2020-04-22,https://www.ebi.ac.uk/pride/archive/projects/PXD018078
PXD018096,2,10,African Penguin (Spheniscus demersus)  Plasma Samples,PARTIAL,2020-03-19,2021-09-09,https://www.ebi.ac.uk/pride/archive/projects/PXD018096
PXD018159,2,10,Synergistic on auxin and cytokinin 1 positively regulates growth and attenuates soil pathogen resistance,COMPLETE,2020-03-23,2020-05-26,https://www.ebi.ac.uk/pride/archive/projects/PXD018159
PXD018291,2,13,A decision tree searching strategy to boost the identification of cross-linked peptides,COMPLETE,2020-03-30,2020-11-23,https://www.ebi.ac.uk/pride/archive/projects/PXD018291
PXD018302,2,5,VESTIGIAL-LIKE 1 IS A SHARED TARGETABLE CANCER-PLACENTA ANTIGEN  EXPRESSED BY PANCREATIC AND BASAL-LIKE BREAST CANCERS,PARTIAL,2020-03-31,2020-10-19,https://www.ebi.ac.uk/pride/archive/projects/PXD018302
PXD018338,2,5,SWATH-based quantitative proteomics data derived from whole grain of Malaysian local pigmented and non-pigmented rice varieties,PARTIAL,2020-04-02,2020-04-27,https://www.ebi.ac.uk/pride/archive/projects/PXD018338
PXD018362,2,4,Organoid-trasplant model systems to study in vivo the effects of obesity on the pancreatic carcinogenesis,PARTIAL,2020-04-04,2020-05-26,https://www.ebi.ac.uk/pride/archive/projects/PXD018362
PXD018373,2,10,Conserved protein Pir2ARS2 mediates gene repression through cryptic introns in lncRNAs,COMPLETE,2020-04-04,2020-04-07,https://www.ebi.ac.uk/pride/archive/projects/PXD018373
PXD018392,2,4,Identification of differentially regulated proteins of Caenorhabditis elegans during Salmonella enterica Serovar Typhi exposure using Mass Spectrometry,PARTIAL,2020-04-06,2020-05-12,https://www.ebi.ac.uk/pride/archive/projects/PXD018392
PXD018461,2,26,Copper Limitation in Nitrososphaera viennensis,COMPLETE,2020-04-10,2020-07-15,https://www.ebi.ac.uk/pride/archive/projects/PXD018461
PXD018589,2,39,SMD-IPTL 4-plex yeast and BSA-yeast,COMPLETE,2020-04-15,2020-04-27,https://www.ebi.ac.uk/pride/archive/projects/PXD018589
PXD018681,2,11,"NRS1, a nitrogen source-regulated microprotein, confers an alternative mechanism of G1/S transcriptional activation in budding yeast",COMPLETE,2020-04-20,2021-08-25,https://www.ebi.ac.uk/pride/archive/projects/PXD018681
PXD018682,2,12,MS analysis of SARS-CoV2 proteins from patient samples,COMPLETE,2020-04-20,2020-04-24,https://www.ebi.ac.uk/pride/archive/projects/PXD018682
PXD018726,2,38,"Proteomic Investigations of Two Pakistani Naja Snake Venoms Species Unravel the Venom Complexity, Posttranslational Modifications and Presence of Extracellular Vesicles",COMPLETE,2020-04-22,2020-10-29,https://www.ebi.ac.uk/pride/archive/projects/PXD018726
PXD018727,2,13,Arabidopsis CASEIN KINASE 2 controls Aluminium toxicity and phosphate deficiency through control of the DNA damage response,PARTIAL,2020-04-22,2021-03-29,https://www.ebi.ac.uk/pride/archive/projects/PXD018727
PXD018749,2,6,The Mi-2 nucleosome remodeler and the Rpd3 histone deacetylase are involved in piRNA-guided heterochromatin formation,COMPLETE,2020-07-21,2020-07-21,https://www.ebi.ac.uk/pride/archive/projects/PXD018749
PXD018790,2,7,A Collision-induced Dissociation Cleavable Isobaric Tag for Peptide Fragment Ion-based Quantification in Proteomics,PARTIAL,2020-04-24,2020-08-17,https://www.ebi.ac.uk/pride/archive/projects/PXD018790
PXD018795,2,6,Spectral library for targeted analysis of mouse kidney cortical collecting duct,PARTIAL,2020-04-24,2020-12-21,https://www.ebi.ac.uk/pride/archive/projects/PXD018795
PXD018806,2,11,Tandem Mass Tag proteomics in CHCHD10 patient cells,COMPLETE,2020-04-26,2022-04-04,https://www.ebi.ac.uk/pride/archive/projects/PXD018806
PXD018867,2,13,Insights into the natural defences of a coral reef fish against gill ectoparasites: integrated metabolome and microbiome approach.,COMPLETE,2020-04-28,2020-11-25,https://www.ebi.ac.uk/pride/archive/projects/PXD018867
PXD018889,2,4,Identification of SjEV proteins between male and female schistosomes,PARTIAL,2020-04-29,2020-08-19,https://www.ebi.ac.uk/pride/archive/projects/PXD018889
PXD018945,2,7,Nuclear moonlighting of cytosolic glyceraldehyde-3-phosphate dehydrogenase regulates Arabidopsis response to heat stress,COMPLETE,2020-06-15,2021-09-09,https://www.ebi.ac.uk/pride/archive/projects/PXD018945
PXD018975,2,8,Cortical actin tension regulates secretory protein trafficking  and the endoplasmic reticulum stress response,PARTIAL,2020-05-05,2022-06-10,https://www.ebi.ac.uk/pride/archive/projects/PXD018975
PXD019032,2,20,A Cytoskeletal Protein Complex is Essential for Division of Intracellular Amastigotes of Leishmania mexicana (LAND-483 and LAND-536),PARTIAL,2020-05-07,2020-08-17,https://www.ebi.ac.uk/pride/archive/projects/PXD019032
PXD019047,2,14,HDX-MS reveals the perturbed structural dynamics underlie inhibition and altered specificity of the multidrug efflux pump AcrB,PARTIAL,2020-08-18,2020-10-07,https://www.ebi.ac.uk/pride/archive/projects/PXD019047
PXD019059,2,11,Aberrant membrane lipid composition and biophysical properties contribute to impair calcium exchanges in elliptocytosis - A severe case study,COMPLETE,2020-05-08,2020-08-04,https://www.ebi.ac.uk/pride/archive/projects/PXD019059
PXD019110,2,8,Structural basis of human full-length kindlin-3 homotrimer in an auto-inhibited state,PARTIAL,2020-05-12,2020-06-08,https://www.ebi.ac.uk/pride/archive/projects/PXD019110
PXD019121,2,7,Cell wall proteome of Tuwongella immobilis,PARTIAL,2020-05-12,2020-08-10,https://www.ebi.ac.uk/pride/archive/projects/PXD019121
PXD019137,2,5,Proline hydroxylation of ChREBP,PARTIAL,2020-05-13,2020-10-19,https://www.ebi.ac.uk/pride/archive/projects/PXD019137
PXD019163,2,4,Glycosylation analysis of SARS-CoV-2 S and hCoV-HKU1 S,PARTIAL,2020-05-13,2020-06-18,https://www.ebi.ac.uk/pride/archive/projects/PXD019163
PXD019202,2,8,Bacillus subtilis RNase M5 cleaves dsRNA in two steps via a two Mg2+-ion dependent mechanism,PARTIAL,2020-05-14,2021-02-10,https://www.ebi.ac.uk/pride/archive/projects/PXD019202
PXD019203,2,3,Actin Methionine Methylation HPLC-MS/MS analysis,PARTIAL,2020-05-14,2020-06-24,https://www.ebi.ac.uk/pride/archive/projects/PXD019203
PXD019430,2,9,VAV3 in ERBB4-mediated cancer cell migration,PARTIAL,2020-05-28,2020-06-24,https://www.ebi.ac.uk/pride/archive/projects/PXD019430
PXD019441,2,4,: Proteome of Prostate Cell Line-derived Extracellular Vesicles,PARTIAL,2020-05-28,2020-06-27,https://www.ebi.ac.uk/pride/archive/projects/PXD019441
PXD019590,2,10,Wobble tRNA modification dependent protein aggregates modification,COMPLETE,2020-06-04,2021-02-24,https://www.ebi.ac.uk/pride/archive/projects/PXD019590
PXD019676,2,7,The interplay between GTP cyclohydrolase and the HSP90 chaperone machinery induces epithelial-to-mesenchymal transition through epidermal growth factor receptor signaling in breast cancer,COMPLETE,2022-05-11,2022-05-11,https://www.ebi.ac.uk/pride/archive/projects/PXD019676
PXD019750,2,6,Coordinate β-adrenergic inhibition of mitochondrial activity and angiogenesis arrest tumor growth,COMPLETE,2020-06-15,2020-06-28,https://www.ebi.ac.uk/pride/archive/projects/PXD019750
PXD019896,2,7,RNAseJ pull down to identify associated proteins,COMPLETE,2020-06-19,2023-06-22,https://www.ebi.ac.uk/pride/archive/projects/PXD019896
PXD019923,2,6,USP11 deubiquitinates monoubiquitinated SPRTN to repair DNA-protein crosslinks,PARTIAL,2020-06-22,2021-04-01,https://www.ebi.ac.uk/pride/archive/projects/PXD019923
PXD019931,2,7,Ub-like SAMP1 and its associated proteins,COMPLETE,2020-06-22,2023-06-22,https://www.ebi.ac.uk/pride/archive/projects/PXD019931
PXD019932,2,7,"RNase J, RecJ3, RNase J, RecJ3, Cdc48a and Cas7 co-purify with RecJ4-StrepII in the presence of γATP. and Cas7 co-purify with RecJ4-StrepII in the presence of γATP.",COMPLETE,2020-06-22,2023-06-22,https://www.ebi.ac.uk/pride/archive/projects/PXD019932
PXD019939,2,5,Analysis of SARS-CoV-2 S protein by LC-MS,PARTIAL,2020-06-22,2020-09-09,https://www.ebi.ac.uk/pride/archive/projects/PXD019939
PXD019954,2,6,Receptor identification of Cyr61 on hunan colorectal cancer cell by LC-MS,PARTIAL,2020-06-22,2022-02-15,https://www.ebi.ac.uk/pride/archive/projects/PXD019954
PXD020008,2,54,CB1 receptor-mediated inhibitory LTD triggers presynaptic remodeling via protein synthesis and ubiquitination,COMPLETE,2020-06-25,2020-09-23,https://www.ebi.ac.uk/pride/archive/projects/PXD020008
PXD020010,2,3,Characterization of METTL9-mediated methylation of DNAJB12,PARTIAL,2020-06-25,2020-11-19,https://www.ebi.ac.uk/pride/archive/projects/PXD020010
PXD020081,2,3,Phosphorylation level of SIRT1 in proliferating and senescent IMR90 cells,PARTIAL,2020-06-29,2020-09-29,https://www.ebi.ac.uk/pride/archive/projects/PXD020081
PXD020090,2,4,Identification of novel 53BP1 associated proteins,PARTIAL,2020-06-29,2021-09-09,https://www.ebi.ac.uk/pride/archive/projects/PXD020090
PXD020098,2,4,Biotin-modified cardiac-hypertrophy-associated piRNA (CHAPIR) pulldown proteins,PARTIAL,2020-06-29,2024-07-04,https://www.ebi.ac.uk/pride/archive/projects/PXD020098
PXD020100,2,9,Equine gluteal muscle LC-MSMS: Thoroughbred,COMPLETE,2020-06-29,2021-01-07,https://www.ebi.ac.uk/pride/archive/projects/PXD020100
PXD020133,2,8,CaMKK2 Inactivation by cAMP-PKA Signaling and 14-3-3 Adaptor Proteins,PARTIAL,2020-07-01,2020-11-06,https://www.ebi.ac.uk/pride/archive/projects/PXD020133
PXD020190,2,7,The trypanosome UDP-glucose pyrophosphorylase is active in both the glycosomal and cytosolic compartments and is imported into glycosomes by piggybacking,PARTIAL,2020-07-03,2021-06-10,https://www.ebi.ac.uk/pride/archive/projects/PXD020190
PXD020213,2,3,Identification of GltB-interacting proteins by CoIP-MS,PARTIAL,2020-07-06,2021-09-09,https://www.ebi.ac.uk/pride/archive/projects/PXD020213
PXD020223,2,6,Small extracellular vesicles-delivered LSD1 promotes gastric cancer cell stemness,PARTIAL,2020-07-06,2021-12-22,https://www.ebi.ac.uk/pride/archive/projects/PXD020223
PXD020359,2,5,Isolation and mass spectrometry analysis of Atg9 vesicles from Saccharomyces cerevisiae,PARTIAL,2020-07-14,2022-03-03,https://www.ebi.ac.uk/pride/archive/projects/PXD020359
PXD020418,2,7,Exploring GPCR-arrestin interfaces with genetically encoded crosslinkers,COMPLETE,2020-07-17,2020-09-21,https://www.ebi.ac.uk/pride/archive/projects/PXD020418
PXD020494,2,452,Pathological pathways and biomarker in Mucolipidosis type IV mice and post mortem patient.,PARTIAL,2020-07-22,2021-08-10,https://www.ebi.ac.uk/pride/archive/projects/PXD020494
PXD020525,2,5,Structural basis of ubiquitination mediated by protein splicing in early Eukarya,PARTIAL,2020-07-23,2021-01-18,https://www.ebi.ac.uk/pride/archive/projects/PXD020525
PXD020607,2,3,The component parts of bacteriophage virions accurately defined by a new machine-learning approach built on evolutionary features.,PARTIAL,2020-07-28,2021-04-30,https://www.ebi.ac.uk/pride/archive/projects/PXD020607
PXD020665,2,9,Identification of new proteins related with cisplatin resistance in S. cerevisiae,PARTIAL,2020-07-31,2021-02-25,https://www.ebi.ac.uk/pride/archive/projects/PXD020665
PXD020667,2,7,A new role for the DEAD-box RNA helicase DDX3 in co-translational protein quality control,PARTIAL,2020-07-31,2021-07-23,https://www.ebi.ac.uk/pride/archive/projects/PXD020667
PXD020732,2,11,Lysine acetylation of F-actin decreases tropomyosin-based inhibition of actomyosin activity,COMPLETE,2020-08-05,2020-09-04,https://www.ebi.ac.uk/pride/archive/projects/PXD020732
PXD020734,2,21,Peli1-mediated TSC1 ubiquitination site,PARTIAL,2020-08-05,2020-11-23,https://www.ebi.ac.uk/pride/archive/projects/PXD020734
PXD020749,2,5,Affinity purification of biotinylated AtACINUS and Mass Spectrometric analysis to identify PTMs on AtACINUS,PARTIAL,2020-08-05,2020-12-02,https://www.ebi.ac.uk/pride/archive/projects/PXD020749
PXD020770,2,6,Proteome and Phosphoproteome of AhR-dependent non-genomic signaling in endotoxin-activated macrophages,PARTIAL,2020-08-06,2021-03-30,https://www.ebi.ac.uk/pride/archive/projects/PXD020770
PXD020818,2,4,The length distribution of MHC-I binding peptides,PARTIAL,2020-08-10,2022-02-25,https://www.ebi.ac.uk/pride/archive/projects/PXD020818
PXD020912,2,7,Citrus sinensis challenged with LotP,COMPLETE,2020-08-14,2021-09-09,https://www.ebi.ac.uk/pride/archive/projects/PXD020912
PXD020943,2,9,NIK expression stimulated G6PD phosphorylation,COMPLETE,2020-08-17,2020-10-05,https://www.ebi.ac.uk/pride/archive/projects/PXD020943
PXD020982,2,6,MS/MS analysis of Ub-conjugated UbcH7 ubiquitination sites,PARTIAL,2020-08-19,2021-04-16,https://www.ebi.ac.uk/pride/archive/projects/PXD020982
PXD021016,2,3,Murine alveolar macrophage cell line MH-S was transduced with lentivirus expressing GFP alone or GFP plus murine MFSD7C tagged with Myc and FLAG epitopes.,PARTIAL,2020-08-20,2020-08-20,https://www.ebi.ac.uk/pride/archive/projects/PXD021016
PXD021039,2,18,Mass spectrometry runs and analysis of host proteins co-immunoprecipitated with RABV M protein,PARTIAL,2020-08-21,2021-09-09,https://www.ebi.ac.uk/pride/archive/projects/PXD021039
PXD021142,2,6,Phosphoproteomic response in nitrosamine-exposed mice,PARTIAL,2020-08-26,2021-02-10,https://www.ebi.ac.uk/pride/archive/projects/PXD021142
PXD021144,2,37,Mapping the Host Circulating Exosome Response to SARS-CoV-2,PARTIAL,2020-08-26,2021-03-18,https://www.ebi.ac.uk/pride/archive/projects/PXD021144
PXD021231,2,5,Shotgun  proteomics of Cutibacterium granulosum VPI 0507,PARTIAL,2020-09-01,2021-04-26,https://www.ebi.ac.uk/pride/archive/projects/PXD021231
PXD021306,2,7,PI3Kalpha Immunocomplex Identification,COMPLETE,2020-09-04,2022-02-16,https://www.ebi.ac.uk/pride/archive/projects/PXD021306
PXD021423,2,4,Global Lysine Crotonylation Alterations of Host Cell Proteins Caused by Brucella GNAT Containing Effector BspF,PARTIAL,2020-09-11,2021-09-09,https://www.ebi.ac.uk/pride/archive/projects/PXD021423
PXD021513,2,3,Biostimulant impacts of Glutacetine® and derivated formulations on bread wheat grain proteome,PARTIAL,2020-09-16,2021-05-21,https://www.ebi.ac.uk/pride/archive/projects/PXD021513
PXD021536,2,7,Heat stress triggers protein secretion into the extracellular matrix of sorghum cell suspension cultures,PARTIAL,2020-09-17,2020-10-29,https://www.ebi.ac.uk/pride/archive/projects/PXD021536
PXD021544,2,3,Human cancer cell MCF-7 IP-PTEN MS,PARTIAL,2020-09-17,2022-04-04,https://www.ebi.ac.uk/pride/archive/projects/PXD021544
PXD021591,2,3,Structural basis of heterotetrameric assembly and disease mutations in the human cis-prenyltransferase complex.,PARTIAL,2020-09-21,2022-02-15,https://www.ebi.ac.uk/pride/archive/projects/PXD021591
PXD021604,2,10,Cellular States Dictate Adaptive Signaling Responses to KRASG12C Inhibition: Tyrosine Phosphorylation,COMPLETE,2020-09-22,2021-02-15,https://www.ebi.ac.uk/pride/archive/projects/PXD021604
PXD021662,2,7,AIM32 is a dual-localized 2Fe-2S mitochondrial protein that functions in redox quality control,COMPLETE,2020-09-24,2022-02-16,https://www.ebi.ac.uk/pride/archive/projects/PXD021662
PXD021676,2,6,T7 DNA Polymerase with fluorescent unnatural amino acid,COMPLETE,2020-09-25,2020-10-19,https://www.ebi.ac.uk/pride/archive/projects/PXD021676
PXD021713,2,8,Quantitative analysis of rtPA-associated ICH protein serum and plasma biomarkers in acute ischemic stroke,PARTIAL,2020-09-28,2021-11-25,https://www.ebi.ac.uk/pride/archive/projects/PXD021713
PXD021782,2,6,Identification of N-linked glycosylated peptides in the open ocean diatom Thalassiosira oceanica,PARTIAL,2020-10-02,2021-09-09,https://www.ebi.ac.uk/pride/archive/projects/PXD021782
PXD021823,2,4,Systematic analysis of intronic microRNAs reveals cooperativity within the multi-component FTX locus to promote colon cancer development,PARTIAL,2020-10-05,2021-01-05,https://www.ebi.ac.uk/pride/archive/projects/PXD021823
PXD021873,2,6,Molecular architecture and domain arrangement of the placental malaria protein VAR2CSA suggests a model for carbohydrate binding,PARTIAL,2020-10-07,2020-12-02,https://www.ebi.ac.uk/pride/archive/projects/PXD021873
PXD021996,2,8,A novel structure of GPI anchored proteins,COMPLETE,2020-10-15,2022-05-31,https://www.ebi.ac.uk/pride/archive/projects/PXD021996
PXD022080,2,8,"The MbovP280 of mycoplasma bovis immunoprecipitates with the wole cell lysates of bovine macrophage (BoMac),and then LC-MS/MS was used to identify the MbovP280-binding ligands",PARTIAL,2020-10-19,2021-09-09,https://www.ebi.ac.uk/pride/archive/projects/PXD022080
PXD022110,2,24,Identification of novel protein-coding sequences in Eucalyptus grandis plants by high-resolution mass spectrometry,PARTIAL,2020-10-21,2021-01-07,https://www.ebi.ac.uk/pride/archive/projects/PXD022110
PXD022178,2,6,Proteomic Analysis of Foxc1-interacting proteins in HEK293T cells,PARTIAL,2020-10-26,2021-09-09,https://www.ebi.ac.uk/pride/archive/projects/PXD022178
PXD022311,2,7,Cancer-secreted miRNAs regulate amino-acid-induced mTORC1 signaling and fibroblast protein synthesis,PARTIAL,2020-11-03,2020-11-24,https://www.ebi.ac.uk/pride/archive/projects/PXD022311
PXD022401,2,4,Nicotiana benthamiana AP-MS for TSWV NSs,PARTIAL,2020-11-06,2021-01-04,https://www.ebi.ac.uk/pride/archive/projects/PXD022401
PXD022410,2,5,Phosphorylation of Rif1 by Plk1,PARTIAL,2020-11-06,2021-08-26,https://www.ebi.ac.uk/pride/archive/projects/PXD022410
PXD022413,2,3,An early endosomal network participates to enterocyte functions and intestinal  homeostasis,PARTIAL,2020-11-06,2022-08-12,https://www.ebi.ac.uk/pride/archive/projects/PXD022413
PXD022524,2,6,PAM complex sequesters from TIM translocon and becomes part of an insoluble protein fraction under protein folding stress,PARTIAL,2020-11-13,2022-09-03,https://www.ebi.ac.uk/pride/archive/projects/PXD022524
PXD022542,2,3,Identification of chromatin-associated proteins occupying the promoter region of CDKN1A,PARTIAL,2020-11-16,2021-09-07,https://www.ebi.ac.uk/pride/archive/projects/PXD022542
PXD022598,2,4,Post-translational modification analysis of VDAC1 in ALS-SOD1 model cells reveals specific asparagine and glutamine deamination,PARTIAL,2020-11-18,2020-12-10,https://www.ebi.ac.uk/pride/archive/projects/PXD022598
PXD022641,2,6,High fat diet mice intestinal epithelial exosomal proteins were analyzed by MSMS.,PARTIAL,2020-11-20,2021-03-23,https://www.ebi.ac.uk/pride/archive/projects/PXD022641
PXD022646,2,4,HpZ-interactome-analysis in hepatoma cells,PARTIAL,2020-11-20,2021-03-06,https://www.ebi.ac.uk/pride/archive/projects/PXD022646
PXD022668,2,8,Distinct extracellular-matrix remodeling events precede symptoms of inflammation,PARTIAL,2020-11-23,2020-12-02,https://www.ebi.ac.uk/pride/archive/projects/PXD022668
PXD022682,2,4,Lipocalin 13 enhances insulin secretion but is dispensable for systemic metabolic control,PARTIAL,2020-11-24,2021-02-02,https://www.ebi.ac.uk/pride/archive/projects/PXD022682
PXD022712,2,124,Integrative analysis of two russeted and non-russeted closely related apple varieties during fruit development provides new insights about the cuticle/suberin interplay,PARTIAL,2020-11-24,2022-02-22,https://www.ebi.ac.uk/pride/archive/projects/PXD022712
PXD022717,2,3,SMC Complexes Are Guarded by the SUMO Protease Ulp2 Against SUMO-Chain-Mediated Turnover,PARTIAL,2020-11-25,2021-08-05,https://www.ebi.ac.uk/pride/archive/projects/PXD022717
PXD022811,2,10,SOX4 AND SMARCA4 COOPERATIVELY REGULATE PI3K SIGNALING THROUGH TRANSCRIPTIONAL ACTIVATION OF TGFBR2 IN BASAL LIKE BREAST CANCER,COMPLETE,2020-11-30,2021-03-02,https://www.ebi.ac.uk/pride/archive/projects/PXD022811
PXD022869,2,8,Structural basis of chaperone regulation by a post-translational modification,COMPLETE,2020-12-02,2021-04-27,https://www.ebi.ac.uk/pride/archive/projects/PXD022869
PXD022987,2,10,The Ubiquitin-Specific Protease USP36 Promotes Small Nucleolar Ribonucleoprotein Group SUMOylation and is Essential for Ribosome Biogenesis,PARTIAL,2020-12-08,2021-03-29,https://www.ebi.ac.uk/pride/archive/projects/PXD022987
PXD022997,2,3,Loss of α-actinin-3 during human evolution provides superior cold resilience and muscle heat generation,PARTIAL,2020-12-08,2021-03-16,https://www.ebi.ac.uk/pride/archive/projects/PXD022997
PXD022998,2,8,Evaluation of the p53 isoform Δ133p53β aggregation capacity,PARTIAL,2020-12-08,2021-06-04,https://www.ebi.ac.uk/pride/archive/projects/PXD022998
PXD023214,2,5,Proteomics analysis of fermentation broth under different nitrogen sources in Starmerella bombicola,PARTIAL,2020-12-18,2022-02-16,https://www.ebi.ac.uk/pride/archive/projects/PXD023214
PXD023251,2,4,Mass spectrometry analysis of proteins interacting with STC1,PARTIAL,2020-12-21,2020-12-23,https://www.ebi.ac.uk/pride/archive/projects/PXD023251
PXD023258,2,7,BUB-1 targets PP2A:B56 to regulates chromosome congression during meiosis I in C. elegans oocytes,PARTIAL,2020-12-21,2021-08-23,https://www.ebi.ac.uk/pride/archive/projects/PXD023258
PXD023284,2,3,HLA binding of self-peptides is biased towards proteins with specific molecular functions,PARTIAL,2020-12-23,2026-05-28,https://www.ebi.ac.uk/pride/archive/projects/PXD023284
PXD023352,2,8,Gas plasma combined with antibiotics for the eradication of methicillin-resistant Staphylococcus aureus biofilm,COMPLETE,2021-01-04,2021-09-09,https://www.ebi.ac.uk/pride/archive/projects/PXD023352
PXD023415,2,6,The nucleolus functions as the compartment for histone 1 H2B protein degradation,PARTIAL,2021-01-05,2021-09-09,https://www.ebi.ac.uk/pride/archive/projects/PXD023415
PXD023428,2,9,Autophagy in PDGFRα+ Mesenchymal Cells is Essential for Intestinal Stem Cell Survival: MALDI data,PARTIAL,2021-01-06,2022-05-26,https://www.ebi.ac.uk/pride/archive/projects/PXD023428
PXD023479,2,9,Nuclear SIRT3 counteracts human stem cell senescence,PARTIAL,2021-01-08,2021-09-09,https://www.ebi.ac.uk/pride/archive/projects/PXD023479
PXD023533,2,8,Rab5a-VPS34 unnatural amino acid mediated crosslinking,COMPLETE,2021-01-12,2021-12-21,https://www.ebi.ac.uk/pride/archive/projects/PXD023533
PXD023656,2,6,3 days injured in vivo ASCs proteome,COMPLETE,2021-01-18,2021-11-04,https://www.ebi.ac.uk/pride/archive/projects/PXD023656
PXD023722,2,5,Protein idetification by using DNA pull-down & MS assay,PARTIAL,2021-01-21,2021-03-23,https://www.ebi.ac.uk/pride/archive/projects/PXD023722
PXD023778,2,3,Proteomic Analysis of the human Myocardium in non-hypertrophic control and hypertrophy patients,PARTIAL,2021-06-07,2021-06-14,https://www.ebi.ac.uk/pride/archive/projects/PXD023778
PXD023781,2,6,SARS-CoV-2 infects brain astrocytes of COVID-19 patients and impairs neuronal viability,COMPLETE,2021-01-25,2022-09-01,https://www.ebi.ac.uk/pride/archive/projects/PXD023781
PXD023790,2,5,HAX1 controls mitochondrial proteostasis,PARTIAL,2021-01-25,2022-05-19,https://www.ebi.ac.uk/pride/archive/projects/PXD023790
PXD023831,2,7,Post-translational modification mapping - CRK10 WT and crk10-A397T kinase domain,PARTIAL,2021-01-26,2023-07-20,https://www.ebi.ac.uk/pride/archive/projects/PXD023831
PXD023957,2,5,The phosphorylation of the Smad2/3 linker region by Nemo-like kinase regulates TGF-β signaling,PARTIAL,2021-02-03,2021-09-10,https://www.ebi.ac.uk/pride/archive/projects/PXD023957
PXD023959,2,4,Ubiquitinated sites on VPS34 by UBE3C LC-MSMS,PARTIAL,2021-02-03,2021-02-19,https://www.ebi.ac.uk/pride/archive/projects/PXD023959
PXD023962,2,4,Spruce dehydrins analysis by LC-MS/MS,PARTIAL,2021-02-03,2021-03-03,https://www.ebi.ac.uk/pride/archive/projects/PXD023962
PXD024031,2,6,Proteomic analysis of small extracellular vesicles released from polarized MDCK cells,PARTIAL,2021-02-08,2021-03-03,https://www.ebi.ac.uk/pride/archive/projects/PXD024031
PXD024054,2,20,Human mitochondrial protein import proteomics LFQ,COMPLETE,2021-02-08,2021-12-18,https://www.ebi.ac.uk/pride/archive/projects/PXD024054
PXD024059,2,13,The plant thimet oligopeptidases TOP1 and TOP2 have divergent redox sensitivities and substrate cleavage specificity,COMPLETE,2021-02-08,2021-04-19,https://www.ebi.ac.uk/pride/archive/projects/PXD024059
PXD024065,2,15,Interaction of Hsp70 Ssb1 and atypical Hsp70 Ssz1,COMPLETE,2021-02-08,2021-08-26,https://www.ebi.ac.uk/pride/archive/projects/PXD024065
PXD024066,2,6,Human mitochondrial protein import proteomics - Proteinase K control,PARTIAL,2021-02-08,2021-12-20,https://www.ebi.ac.uk/pride/archive/projects/PXD024066
PXD024083,2,10,TMT-based proteomics of longissimus lumborum muscle in newly weaned piglets after dietary Spirulina inclusion and enzyme supplementation,PARTIAL,2021-02-09,2021-05-24,https://www.ebi.ac.uk/pride/archive/projects/PXD024083
PXD024101,2,36,Community Evaluation of Glycoproteomics Informatics Solutions Reveals High-Performance Search Strategies for Glycopeptide Analysis,PARTIAL,2021-02-10,2021-11-03,https://www.ebi.ac.uk/pride/archive/projects/PXD024101
PXD024143,2,3,"A Mid-Holocene reindeer antler from Regstrup, Sjælland, Denmark",PARTIAL,2021-02-11,2021-11-25,https://www.ebi.ac.uk/pride/archive/projects/PXD024143
PXD024223,2,19,Compatibility of distinct label-free proteomic workflows in absolute quantification of proteins linked to the oocyte quality in human follicular fluid (the Triple-Quad TOF workflow),PARTIAL,2021-02-17,2021-07-23,https://www.ebi.ac.uk/pride/archive/projects/PXD024223
PXD024253,2,30,Retention time as an extra dimension for proteome-wide cross-link identification,COMPLETE,2021-02-19,2021-07-29,https://www.ebi.ac.uk/pride/archive/projects/PXD024253
PXD024343,2,3,Coiled-Coil Domain-Containing 68 Downregulation Promotes Colorectal Cancer Cell Growth by Inhibiting ITCH-Mediated CDK4 Degradation,PARTIAL,2021-02-24,2021-04-14,https://www.ebi.ac.uk/pride/archive/projects/PXD024343
PXD024373,2,6,Screening HIF-1 Cofactors in Breast Cancer Cells by RIME,COMPLETE,2021-02-25,2022-02-17,https://www.ebi.ac.uk/pride/archive/projects/PXD024373
PXD024494,2,9,LC-MS/MS analysis of p-Npl3 experiment,COMPLETE,2021-03-03,2021-04-20,https://www.ebi.ac.uk/pride/archive/projects/PXD024494
PXD024599,2,6,Dynamic methylation of histone H3K18 in differentiating Theileria parasites,PARTIAL,2021-03-09,2021-03-25,https://www.ebi.ac.uk/pride/archive/projects/PXD024599
PXD024603,2,4,ArfGAP1 inhibits mTORC1 lysosomal localization and activation,PARTIAL,2021-03-09,2021-04-01,https://www.ebi.ac.uk/pride/archive/projects/PXD024603
PXD024638,2,9,Venom proteomic analysis of two medically important Nigerian viperidae (Echis ocellatus and Bitis arietans) snake species,COMPLETE,2021-03-10,2021-03-11,https://www.ebi.ac.uk/pride/archive/projects/PXD024638
PXD024672,2,10,Indentification of B7H3 WT/NQ N-Glycosites,PARTIAL,2021-03-15,2021-03-15,https://www.ebi.ac.uk/pride/archive/projects/PXD024672
PXD024693,2,6,Identification of circGlis3 binding proteins in MS-1 cells by LC-MS,PARTIAL,2021-03-12,2021-11-15,https://www.ebi.ac.uk/pride/archive/projects/PXD024693
PXD024874,2,4,DOT1L AP-MS in human K562 cells to characterize its associated proteins,PARTIAL,2021-03-19,2021-06-18,https://www.ebi.ac.uk/pride/archive/projects/PXD024874
PXD024921,2,13,TMT-based proteomic analysis of CSF in dogs with intervertebral disc herniation,PARTIAL,2021-03-22,2021-11-25,https://www.ebi.ac.uk/pride/archive/projects/PXD024921
PXD024966,2,7,EAE Optic Nerve Injections with LPC 18:1 (iTRAQ),COMPLETE,2021-03-24,2022-02-17,https://www.ebi.ac.uk/pride/archive/projects/PXD024966
PXD024996,2,3,iTRAQ analysis of Metformin treated AGS cells,PARTIAL,2021-03-25,2021-09-10,https://www.ebi.ac.uk/pride/archive/projects/PXD024996
PXD025001,2,15,ATG7KO SILAC Secretome_Proteome,PARTIAL,2021-03-25,2021-09-10,https://www.ebi.ac.uk/pride/archive/projects/PXD025001
PXD025072,2,12,Efficiency of isotopic labbeling in whole Drosophila body,COMPLETE,2021-03-29,2021-09-22,https://www.ebi.ac.uk/pride/archive/projects/PXD025072
PXD025106,2,7,Silver binding proteins in S. aureus,PARTIAL,2021-03-30,2021-09-10,https://www.ebi.ac.uk/pride/archive/projects/PXD025106
PXD025138,2,3,Prognostic accuracy of MALDI-TOF mass spectrometric analysis of plasma in COVID-19,PARTIAL,2021-04-01,2021-06-22,https://www.ebi.ac.uk/pride/archive/projects/PXD025138
PXD025166,2,4,Lrrc23 WT and KO whole sperm proteomic analysis,PARTIAL,2021-04-06,2021-11-02,https://www.ebi.ac.uk/pride/archive/projects/PXD025166
PXD025176,2,6,EAE Optic Nerves Injected with LPC 18:1 + Isobaric C13-His,COMPLETE,2021-04-06,2022-02-17,https://www.ebi.ac.uk/pride/archive/projects/PXD025176
PXD025220,2,6,Crosslinking mass spectrometry of the unconventional kinetoplastid kinetochore proteins KKT16-KKT17-KKT18,PARTIAL,2021-04-06,2021-04-07,https://www.ebi.ac.uk/pride/archive/projects/PXD025220
PXD025292,2,6,biotin RNA pulldown assay of lnc-GD2H and mass spectrometry,PARTIAL,2021-04-09,2021-05-18,https://www.ebi.ac.uk/pride/archive/projects/PXD025292
PXD025300,2,5,Revealing the dynamic allosteric changes required for formation of the cysteine synthase complex by hydrogen-deuterium exchange mass spectrometry,PARTIAL,2021-04-09,2021-06-07,https://www.ebi.ac.uk/pride/archive/projects/PXD025300
PXD025320,2,7,The proteome of equine oviductal fluid varies before and after ovulation: a comparative study,PARTIAL,2021-04-12,2022-02-17,https://www.ebi.ac.uk/pride/archive/projects/PXD025320
PXD025338,2,4,"ADAR1 interactome analysis, LC-MS/MS",PARTIAL,2021-04-13,2022-05-29,https://www.ebi.ac.uk/pride/archive/projects/PXD025338
PXD025356,2,4,Secretory autophagy mediates mitochondria clearance in the absence of the mATG8-conjugation machinery,PARTIAL,2021-04-13,2022-06-03,https://www.ebi.ac.uk/pride/archive/projects/PXD025356
PXD025471,2,5,A synthetic protein as efficient multitarget regulator against complement over-activation,COMPLETE,2021-04-19,2024-04-17,https://www.ebi.ac.uk/pride/archive/projects/PXD025471
PXD025486,2,92,Mouse brain MALDI-imaging proteomics profiling,PARTIAL,2021-04-20,2021-05-17,https://www.ebi.ac.uk/pride/archive/projects/PXD025486
PXD025515,2,8,TMT-based quantitative proteomics of exosomes from porcine colostrum and milk,COMPLETE,2021-06-24,2022-02-08,https://www.ebi.ac.uk/pride/archive/projects/PXD025515
PXD025623,2,5,Huh-7 Over-expression FNDC4 LC-MS,PARTIAL,2021-04-26,2022-02-17,https://www.ebi.ac.uk/pride/archive/projects/PXD025623
PXD025803,2,12,Human cytomegalovirus-induced host protein citrullination is crucial for viral replication,PARTIAL,2021-05-05,2021-07-20,https://www.ebi.ac.uk/pride/archive/projects/PXD025803
PXD025892,2,4,Shotgun proteome analysis of Hemerocallis citrina floral and extrafloral nectar,PARTIAL,2021-05-09,2023-03-11,https://www.ebi.ac.uk/pride/archive/projects/PXD025892
PXD025896,2,8,Identification of phosphorylation sites on Abl2,COMPLETE,2021-05-13,2022-02-17,https://www.ebi.ac.uk/pride/archive/projects/PXD025896
PXD025992,2,4,E3 ubiquitin ligase RNF213 employs a non-canonical zinc finger active site and is allosterically regulated by ATP,PARTIAL,2021-05-13,2026-08-18,https://www.ebi.ac.uk/pride/archive/projects/PXD025992
PXD026014,2,5,Transcriptome and Proteomic Analysis Reveals Up-Regulation of Innate Immunity Related Genes Expression in Caprine Herpesvirus 1 Infected Madin Darby Bovine Kidney Cells,PARTIAL,2021-05-14,2022-02-17,https://www.ebi.ac.uk/pride/archive/projects/PXD026014
PXD026037,2,6,Multiplexed isobaric quantitative Protein Interaction Reporter (iqPIR) cross-linking on standard proteins,PARTIAL,2021-05-17,2023-03-11,https://www.ebi.ac.uk/pride/archive/projects/PXD026037
PXD026049,2,4,Drosophila melanogaster male reproduction system iTraq phosphoproteome,PARTIAL,2021-05-17,2024-09-29,https://www.ebi.ac.uk/pride/archive/projects/PXD026049
PXD026062,2,7,Identification of AcpP-MukB binding sites using cross-linking mass spectrometry,PARTIAL,2021-05-17,2021-11-25,https://www.ebi.ac.uk/pride/archive/projects/PXD026062
PXD026082,2,8,Human antibodies enhance association of macrophages to Candida albicans and reduce fungal-mediated epithelial damage,PARTIAL,2021-05-18,2022-04-04,https://www.ebi.ac.uk/pride/archive/projects/PXD026082
PXD026090,2,8,Identification of phosphorylated residues on human MX2 obtained from 293T cells,COMPLETE,2021-05-19,2021-07-16,https://www.ebi.ac.uk/pride/archive/projects/PXD026090
PXD026096,2,3,A new cost-effective ribosome profiling technique complements the functional genome annotation and reveals a key role of genic 3’ untranslated region in plant translatomic variation,PARTIAL,2021-05-19,2021-05-30,https://www.ebi.ac.uk/pride/archive/projects/PXD026096
PXD026117,2,5,LC-MS analysis of in vitro SUMOylated SRFR1 protein.,COMPLETE,2021-05-20,2022-02-17,https://www.ebi.ac.uk/pride/archive/projects/PXD026117
PXD026281,2,9,Mapping of phosphorylation sites on Sgk3 by LC-MS/MS,PARTIAL,2021-05-26,2022-02-17,https://www.ebi.ac.uk/pride/archive/projects/PXD026281
PXD026353,2,5,SCFFbxw5 targets kinesin-13 proteins to facilitate ciliogenesis,PARTIAL,2021-05-28,2021-08-12,https://www.ebi.ac.uk/pride/archive/projects/PXD026353
PXD026428,2,26,Enhanced Access to the Human Phosphoproteome with Genetically Encoded Phosphothreonine,COMPLETE,2021-06-02,2022-11-11,https://www.ebi.ac.uk/pride/archive/projects/PXD026428
PXD026458,2,7,HDX-MS Analysis of CD47 Conformational Dynamics,PARTIAL,2021-06-03,2021-07-15,https://www.ebi.ac.uk/pride/archive/projects/PXD026458
PXD026480,2,3,human breast cancer cell line LC-MS/MS,PARTIAL,2021-06-04,2022-05-27,https://www.ebi.ac.uk/pride/archive/projects/PXD026480
PXD026533,2,4,Ubiquitylation of RIPK3 beyond-the-RHIM limits RIPK3 activity and cell death,PARTIAL,2021-06-07,2022-08-12,https://www.ebi.ac.uk/pride/archive/projects/PXD026533
PXD026539,2,4,CDK4/6 inhibition promotes anti-tumor immunity,PARTIAL,2021-06-07,2021-06-08,https://www.ebi.ac.uk/pride/archive/projects/PXD026539
PXD026560,2,7,Analysis of SARS-CoV-2 S protein by LC-MS,PARTIAL,2021-06-08,2021-06-08,https://www.ebi.ac.uk/pride/archive/projects/PXD026560
PXD026589,2,3,Plasma from Rainbow trout housed for 7 days in normoxic and hypoxic water,PARTIAL,2021-06-09,2021-06-18,https://www.ebi.ac.uk/pride/archive/projects/PXD026589
PXD026593,2,5,Proteomic signatures of schizophrenia-sourced iPSC-derived neural progenitors and neurons,PARTIAL,2021-06-09,2023-03-11,https://www.ebi.ac.uk/pride/archive/projects/PXD026593
PXD026718,2,5,APEX-Gal1 Labeled C2C12 Myoblasts,PARTIAL,2021-06-15,2021-07-05,https://www.ebi.ac.uk/pride/archive/projects/PXD026718
PXD026830,2,5,Co-immunoprecipitation of G-quadruplex-containing Core Promoter and nanoLC-FAMIS-MS/MS,PARTIAL,2021-06-21,2021-07-19,https://www.ebi.ac.uk/pride/archive/projects/PXD026830
PXD026877,2,3,LC-MS proteomics quantitative analysis of pancreatic cancer cells overexpressing NEK2,PARTIAL,2021-06-23,2021-06-29,https://www.ebi.ac.uk/pride/archive/projects/PXD026877
PXD026898,2,38,Nuclear condensates of p300 formed though the structured catalytic core can act as a storage pool of p300 with reduced HAT activity,COMPLETE,2021-06-24,2021-08-26,https://www.ebi.ac.uk/pride/archive/projects/PXD026898
PXD027017,2,4,Indentification of CaMKK2-binding proteins in 293T cells,PARTIAL,2021-06-30,2021-07-24,https://www.ebi.ac.uk/pride/archive/projects/PXD027017
PXD027076,2,11,Proteomic analysis of the pathogen surface in cholera identifies host proteins involved in defense and microbiota recognition,COMPLETE,2021-07-02,2021-10-02,https://www.ebi.ac.uk/pride/archive/projects/PXD027076
PXD027087,2,8,Analysis of fulvestrant-treated breast cancer cells by LC-MS/MS,COMPLETE,2021-07-05,2022-08-30,https://www.ebi.ac.uk/pride/archive/projects/PXD027087
PXD027129,2,3,Chorioallantoic membrane (CAM) and embryonic blood serum proteomics,PARTIAL,2021-07-06,2022-08-12,https://www.ebi.ac.uk/pride/archive/projects/PXD027129
PXD027161,2,10,"Original TIMS-TOF pro BSA data sets for MaxLynx, a novel computational proteomics workflow for XL-MS integrated into the MaxQuant environment.",PARTIAL,2021-12-21,2022-01-11,https://www.ebi.ac.uk/pride/archive/projects/PXD027161
PXD027186,2,3,GFP-DLC1 interactome in MCF7 breast cancer cells,PARTIAL,2021-07-08,2022-05-20,https://www.ebi.ac.uk/pride/archive/projects/PXD027186
PXD027207,2,8,Xenopus Hwa IP-MS in 1 cell stage embryos,PARTIAL,2021-07-09,2021-09-29,https://www.ebi.ac.uk/pride/archive/projects/PXD027207
PXD027260,2,7,Screening of host proteins interacting with African swine fever virus MGF360-9L,PARTIAL,2021-07-13,2022-02-17,https://www.ebi.ac.uk/pride/archive/projects/PXD027260
PXD027272,2,9,O-Fucosylation of CPN20 by SPINDLY Derepresses Abscisic Acid Signaling during Seed Germination and Seedling Development--Partial Submission,PARTIAL,2021-07-13,2022-02-17,https://www.ebi.ac.uk/pride/archive/projects/PXD027272
PXD027364,2,4,Thrombospondin-4 is a soluble dermal signal that selectively promotes fibroblast migration and keratinocyte proliferation for skin regeneration and wound healing,PARTIAL,2021-07-16,2022-02-17,https://www.ebi.ac.uk/pride/archive/projects/PXD027364
PXD027426,2,4,"Nam Lot enamel proteome: part of a multi-proxy approach to exploring Homo sapiens arrival, environments and adaptations in Southeast Asia",PARTIAL,2021-07-20,2021-11-30,https://www.ebi.ac.uk/pride/archive/projects/PXD027426
PXD027487,2,7,Interactome of GIGYF2 and EIF4E2 with and without SMG1i treatement,PARTIAL,2021-07-22,2021-10-12,https://www.ebi.ac.uk/pride/archive/projects/PXD027487
PXD027507,2,4,A novel C1q domain-containing protein isolated from the bivalve mollusk Modiolus kurilensis recognizing glycans enriched with acidic galactans,PARTIAL,2021-07-22,2022-02-17,https://www.ebi.ac.uk/pride/archive/projects/PXD027507
PXD027524,2,6,Ubiquitination in treated T. cruzi parasites,PARTIAL,2021-07-25,2022-02-17,https://www.ebi.ac.uk/pride/archive/projects/PXD027524
PXD027539,2,3,ESRRB Facilitates the Conversion of Trophoblast-like Stem Cells from Induced Pluripotent Stem cells by Directly Regulating KRT8 and CDX2,PARTIAL,2021-07-25,2022-02-17,https://www.ebi.ac.uk/pride/archive/projects/PXD027539
PXD027549,2,3,O-GlcNAcylation of fatty acid synthase under nutritional stress as a pro-survival mechanism in cancer cells,PARTIAL,2021-07-25,2022-02-13,https://www.ebi.ac.uk/pride/archive/projects/PXD027549
PXD027707,2,8,"Target identification of CQ31, a selective activator of the CARD8 inflammasome",PARTIAL,2021-08-05,2021-11-17,https://www.ebi.ac.uk/pride/archive/projects/PXD027707
PXD027711,2,4,Identification of NTRC interacting partners during cold acclimation,PARTIAL,2021-08-05,2023-08-09,https://www.ebi.ac.uk/pride/archive/projects/PXD027711
PXD027774,2,5,Hydra vulgaris extracellular vesicles,PARTIAL,2021-08-05,2022-02-17,https://www.ebi.ac.uk/pride/archive/projects/PXD027774
PXD027782,2,3,"AOH1996, a small molecule ligand of PCNA, modulates PCNA interaction with RPB1",PARTIAL,2021-08-06,2023-08-03,https://www.ebi.ac.uk/pride/archive/projects/PXD027782
PXD027789,2,4,pChem_benchmarking_dataset_lysinome_profiling,PARTIAL,2021-08-06,2022-12-16,https://www.ebi.ac.uk/pride/archive/projects/PXD027789
PXD027822,2,7,Label-free LC-MS/MS of Ubiquitinated proteins derived from UPs-4T1/WT and UPs-4T1/EPB nanovaccine,PARTIAL,2021-08-09,2021-08-20,https://www.ebi.ac.uk/pride/archive/projects/PXD027822
PXD027826,2,6,Human RKO cells LC-MSMS (gel-based proteomics),PARTIAL,2021-08-09,2021-08-15,https://www.ebi.ac.uk/pride/archive/projects/PXD027826
PXD027837,2,7,Formation and persistence of polyglutamine aggregates in mistranslating cells,COMPLETE,2021-08-10,2022-02-17,https://www.ebi.ac.uk/pride/archive/projects/PXD027837
PXD027875,2,7,Mycobacterium tuberculosis encodes a YhhN family membrane protein with lysoplasmalogenase activity that protects against toxic effects of lysolipids,PARTIAL,2021-08-12,2022-05-20,https://www.ebi.ac.uk/pride/archive/projects/PXD027875
PXD027882,2,4,Aspirin Acetylates Thioredoxin Reductase 1 (isoform 4),PARTIAL,2021-08-12,2022-02-17,https://www.ebi.ac.uk/pride/archive/projects/PXD027882
PXD027886,2,4,Identifying Layilin Interaction Partners,PARTIAL,2021-08-12,2022-02-21,https://www.ebi.ac.uk/pride/archive/projects/PXD027886
PXD027918,2,4,Phosphorylation of Primpol for repriming actiivity,PARTIAL,2021-08-13,2021-12-27,https://www.ebi.ac.uk/pride/archive/projects/PXD027918
PXD028051,2,4,Specific deletion of protein phosphatase 6 catalytic subunit in Sertoli cells leads to disruption of spermatogenesis,PARTIAL,2021-08-20,2022-02-15,https://www.ebi.ac.uk/pride/archive/projects/PXD028051
PXD028113,2,6,Quantification of mitochondrial Complex I,COMPLETE,2021-08-25,2022-02-15,https://www.ebi.ac.uk/pride/archive/projects/PXD028113
PXD028114,2,8,RNA-binding proteins associating with the 3’UTR of the ATP6V1A transcript in SIRT1 knock-down cells,PARTIAL,2021-08-25,2023-03-10,https://www.ebi.ac.uk/pride/archive/projects/PXD028114
PXD028246,2,3,Human HEK293T cells LC-MS/MS (Gel-based proteomics),PARTIAL,2021-09-09,2023-05-10,https://www.ebi.ac.uk/pride/archive/projects/PXD028246
PXD028273,2,5,"Proteomic characterisation of byssus components in the pearl oyster, Pinctada maxima",PARTIAL,2021-09-09,2022-07-31,https://www.ebi.ac.uk/pride/archive/projects/PXD028273
PXD028327,2,4,Identification of splicing legumain from Momordica cochinchinesis,PARTIAL,2021-09-09,2022-02-15,https://www.ebi.ac.uk/pride/archive/projects/PXD028327
PXD028350,2,4,Triatoma sordida salivary glands LC-MSMS,PARTIAL,2021-09-09,2022-02-15,https://www.ebi.ac.uk/pride/archive/projects/PXD028350
PXD028397,2,5,"SFB-tagged(S-protein tag, Flag epitope tag, and streptavidin-binding peptide tag) RNF4 wild-type and CS mutant LC-MSMS",PARTIAL,2021-09-09,2022-08-11,https://www.ebi.ac.uk/pride/archive/projects/PXD028397
PXD028435,2,8,Single muscle fiber proteomics reveals remodeling of focal adhesions in response to muscle unloading and microgravity,PARTIAL,2021-09-09,2023-03-10,https://www.ebi.ac.uk/pride/archive/projects/PXD028435
PXD028553,2,5,"Proteomic analysis of the reaction center-light harvesting 1 complex from Rhodobacter sphaeroides, identifying a previously uncharacterized protein component encoded by a newly-identified  ORF.",PARTIAL,2021-09-16,2022-02-16,https://www.ebi.ac.uk/pride/archive/projects/PXD028553
PXD028563,2,4,Proteomic analysis of different pgr5 mutants and pgrl1ab in Arabidopsis thaliana,PARTIAL,2021-09-16,2022-08-12,https://www.ebi.ac.uk/pride/archive/projects/PXD028563
PXD028582,2,7,Tyrosine Phosphorylation of NLRP3 by Src Family Protein Tyrosine Kinase Lyn Suppresses NLRP3 Inflammasome Activation,COMPLETE,2021-09-16,2022-05-19,https://www.ebi.ac.uk/pride/archive/projects/PXD028582
PXD028707,2,5,Determination of proteins labeling by Turbo-ID in PIGS-HRD1-CD55-TKO cells,PARTIAL,2021-09-22,2023-02-19,https://www.ebi.ac.uk/pride/archive/projects/PXD028707
PXD028785,2,10,Salmonella effector SopB reorganizes cytoskeletal vimentin to maintain replication vacuoles for efficient infection,PARTIAL,2021-09-27,2023-03-11,https://www.ebi.ac.uk/pride/archive/projects/PXD028785
PXD028798,2,7,Analysis of proteins that bind promoter of the PDR5 multidrug transporter gene in Saccharomyces cerevisiae using minichromosome isolation and LC-MS/MS,PARTIAL,2021-09-28,2022-02-22,https://www.ebi.ac.uk/pride/archive/projects/PXD028798
PXD028824,2,6,DOT1L regulates pericentromeric heterochromatin,PARTIAL,2021-09-29,2023-05-26,https://www.ebi.ac.uk/pride/archive/projects/PXD028824
PXD028825,2,6,Citrullination of glucokinase is linked to autoimmune diabetes,PARTIAL,2021-12-02,2022-03-17,https://www.ebi.ac.uk/pride/archive/projects/PXD028825
PXD028863,2,10,Mass spectrometry (MS) datasets of PURPL RNA pulldown samples in A375 cells,PARTIAL,2021-09-29,2022-02-16,https://www.ebi.ac.uk/pride/archive/projects/PXD028863
PXD028867,2,6,Inner nuclear protein Matrin-3 coordinates cell differentiation by stabilizing chromatin architecture,COMPLETE,2021-09-29,2021-11-11,https://www.ebi.ac.uk/pride/archive/projects/PXD028867
PXD028912,2,9,Ubiquitin remenants identification following  in vitro assay of 20S and 26S proteasome using naked and ubiquitined cyclin,PARTIAL,2021-10-04,2021-11-02,https://www.ebi.ac.uk/pride/archive/projects/PXD028912
PXD029020,2,3,Human breast cancer cell LC-MS/MS,PARTIAL,2021-10-08,2022-06-09,https://www.ebi.ac.uk/pride/archive/projects/PXD029020
PXD029059,2,5,Identification of FgPacC interactor,PARTIAL,2021-10-11,2022-08-11,https://www.ebi.ac.uk/pride/archive/projects/PXD029059
PXD029141,2,8,AC016745.3 RNA pulldown mass spectrometry data,PARTIAL,2021-10-15,2022-02-15,https://www.ebi.ac.uk/pride/archive/projects/PXD029141
PXD029189,2,6,GPI-glycan structures of Prion from PGAP4-KO mouse brains,PARTIAL,2021-10-18,2022-04-04,https://www.ebi.ac.uk/pride/archive/projects/PXD029189
PXD029190,2,6,GPI-glycan structures of Prion from WT mouse brains,PARTIAL,2021-10-18,2022-04-04,https://www.ebi.ac.uk/pride/archive/projects/PXD029190
PXD029295,2,5,hepatocyte grwoth factor receptor (MET) LC-MSMS,PARTIAL,2021-10-22,2023-04-07,https://www.ebi.ac.uk/pride/archive/projects/PXD029295
PXD029319,2,9,Putative methylomirabilis lanthanidiphila surface layer protein,PARTIAL,2021-10-25,2022-01-06,https://www.ebi.ac.uk/pride/archive/projects/PXD029319
PXD029335,2,4,hMADS cells secretome identification LC/MS/MS,PARTIAL,2021-10-25,2021-12-01,https://www.ebi.ac.uk/pride/archive/projects/PXD029335
PXD029361,2,6,TWIST1 methylation by SETD6 selectively antagonizes LINC-PINT expression in Glioblastoma multiforme,COMPLETE,2021-10-26,2022-08-12,https://www.ebi.ac.uk/pride/archive/projects/PXD029361
PXD029395,2,6,Jaltomata herrerae nectar proteins,COMPLETE,2021-10-28,2022-01-05,https://www.ebi.ac.uk/pride/archive/projects/PXD029395
PXD029419,2,6,Proteomics of the periodontal pathogen Prevotella intermedia secretome in biofilm and planktonic lifestyles,PARTIAL,2021-10-29,2022-05-19,https://www.ebi.ac.uk/pride/archive/projects/PXD029419
PXD029507,2,5,Enhanced antigen cross-presentation in human colorectal cancer-associated fibroblasts through upregulation of the lysosomal protease Cathepsin S,PARTIAL,2021-11-02,2022-03-03,https://www.ebi.ac.uk/pride/archive/projects/PXD029507
PXD029538,2,4,Neuralized-like protein 4 (Neurl4) mediates ADP-ribosylation of mitochondrial proteins,PARTIAL,2021-11-03,2022-02-04,https://www.ebi.ac.uk/pride/archive/projects/PXD029538
PXD029584,2,5,Adaptiven mechanism of antibiotic resistant Staphylococus aureus to host environment,PARTIAL,2021-11-05,2022-05-31,https://www.ebi.ac.uk/pride/archive/projects/PXD029584
PXD029637,2,6,"Deficiency of the ER protein seipin results in generalised lipodystrophy by incompletely understood mechanisms. Here, we report mitochondrial abnormalities in seipin deficient patient cells.Seipin localizes at endoplasmic reticulum-mitochondria contact sites to control mitochondrial calcium import and metabolism in adipocytes",PARTIAL,2021-11-09,2022-01-18,https://www.ebi.ac.uk/pride/archive/projects/PXD029637
PXD029688,2,6,identify the possible proteins that specifically bind to the 59-bp nucleotide sequence containing rs2280381,PARTIAL,2021-11-11,2022-02-26,https://www.ebi.ac.uk/pride/archive/projects/PXD029688
PXD029698,2,4,Quantitative analysis of global crotonylome of RAW264.7 cells treated by butyrate based on TMT markers,PARTIAL,2021-11-12,2025-06-16,https://www.ebi.ac.uk/pride/archive/projects/PXD029698
PXD029707,2,5,Splice-Switching Oligonucleotide-mediated Correction of a Deep Intronic Splice-variant in TIMMDC1 in Cells of Patients with Severe Early Onset Neurodegenerative Disorder.,PARTIAL,2021-11-12,2022-02-17,https://www.ebi.ac.uk/pride/archive/projects/PXD029707
PXD029712,2,5,AMOXICILLIN HAPTENATION OF α-ENOLASE,PARTIAL,2021-11-12,2022-02-17,https://www.ebi.ac.uk/pride/archive/projects/PXD029712
PXD029720,2,3,Human Jurkat T cells SENP1 immunoprecipitates LC-MS,PARTIAL,2021-11-12,2022-01-13,https://www.ebi.ac.uk/pride/archive/projects/PXD029720
PXD029783,2,6,Spirocyclic dimer (SpiD7) activates unfolded protein response (UPR) to selectively inhibit growth and induce apoptosis of cancer cells,COMPLETE,2021-11-17,2022-05-20,https://www.ebi.ac.uk/pride/archive/projects/PXD029783
PXD029817,2,3,human pancreatic cancer LC-MS/MS,PARTIAL,2021-11-20,2022-12-02,https://www.ebi.ac.uk/pride/archive/projects/PXD029817
PXD029836,2,5,dia-PASEF HeLa dilution series 0.2ng - 200ng on Bruker timsTOF Pro 2,PARTIAL,2021-11-20,2022-06-20,https://www.ebi.ac.uk/pride/archive/projects/PXD029836
PXD029839,2,8,Cultured cell LC-MS Analysis to check PTM,PARTIAL,2021-11-20,2022-03-31,https://www.ebi.ac.uk/pride/archive/projects/PXD029839
PXD030036,2,4,prostate cancer cell LNCaP_cell glycosylation_GDF15 glycosylation inducing CRPC,PARTIAL,2021-11-29,2022-08-12,https://www.ebi.ac.uk/pride/archive/projects/PXD030036
PXD030037,2,5,Identification of phosphorylation sites of transcription factor after reaction with protein kinase,PARTIAL,2021-11-29,2022-05-20,https://www.ebi.ac.uk/pride/archive/projects/PXD030037
PXD030110,2,6,LC-MS/MS identification of Kbz sites on histones catalyzed by non-enzymatic and enzymatic ways.,COMPLETE,2021-12-02,2022-05-19,https://www.ebi.ac.uk/pride/archive/projects/PXD030110
PXD030167,2,4,Surgical trauma in mice modifies the content of circulating extracellular vesicles,PARTIAL,2021-12-03,2022-01-08,https://www.ebi.ac.uk/pride/archive/projects/PXD030167
PXD030190,2,4,Succinylome and acetylome analyses of Staphylococcus aureusSuccinylome and acetylome analyses of Staphylococcus aureus,PARTIAL,2021-12-05,2022-11-09,https://www.ebi.ac.uk/pride/archive/projects/PXD030190
PXD030213,2,7,Modeling CRL4A ligase complex to predict target protein ubiquitination induced by CRBN-recruiting PROTACs,COMPLETE,2021-12-06,2022-05-19,https://www.ebi.ac.uk/pride/archive/projects/PXD030213
PXD030215,2,4,Global analysis of RNA-binding proteins identifies a positive feedback loop between LARP1 and MYC that promotes tumorigenesis,PARTIAL,2021-12-06,2022-03-10,https://www.ebi.ac.uk/pride/archive/projects/PXD030215
PXD030282,2,4,Synechococcus elongatus PCC 7942 proteomics,PARTIAL,2021-12-09,2023-10-24,https://www.ebi.ac.uk/pride/archive/projects/PXD030282
PXD030302,2,9,NuA4 and H2A.Z control environmental responses and autotrophic growth in Arabidopsis,COMPLETE,2021-12-11,2021-12-20,https://www.ebi.ac.uk/pride/archive/projects/PXD030302
PXD030418,2,6,METTL8 is required for 3-methylcytosine modification in human mitochondrial tRNAs,PARTIAL,2021-12-15,2022-05-19,https://www.ebi.ac.uk/pride/archive/projects/PXD030418
PXD030421,2,38,Impact of carbon source supplementations on Pseudomonas aeruginosa physiology,PARTIAL,2021-12-15,2022-05-08,https://www.ebi.ac.uk/pride/archive/projects/PXD030421
PXD030446,2,8,The effect of dietary Spirulina microalga on the intestinal function of the post-weaned piglet,PARTIAL,2021-12-16,2022-09-20,https://www.ebi.ac.uk/pride/archive/projects/PXD030446
PXD030508,2,17,Unveiling grapevine-Plasmopara viticola dynamics through a combined analysis of leaf and apoplast proteome modulation at 6 hours of interaction,COMPLETE,2021-12-17,2022-11-09,https://www.ebi.ac.uk/pride/archive/projects/PXD030508
PXD030540,2,5,SRSF1 as a novel interacting partner for IFITM1/3 unravels the emergent role of IFITM1/3 mediating protein expression,PARTIAL,2021-12-20,2022-10-13,https://www.ebi.ac.uk/pride/archive/projects/PXD030540
PXD030548,2,10,Agonist-induced phosphorylation of orthologues of the orphan receptor GPR35 as an activation biomarker,COMPLETE,2021-12-20,2022-04-04,https://www.ebi.ac.uk/pride/archive/projects/PXD030548
PXD030570,2,4,LC-MS/MS identification of BMAL1 interaction proteins,PARTIAL,2021-12-21,2022-03-18,https://www.ebi.ac.uk/pride/archive/projects/PXD030570
PXD030665,2,10,A nuclear receptor facilitates differentiation of human PSCs into more mature hepatocytes,COMPLETE,2021-12-30,2022-03-25,https://www.ebi.ac.uk/pride/archive/projects/PXD030665
PXD030715,2,6,Activation of STAT3 through SRC and EGFR Drives Resistance to a Mitotic Kinesin Inhibitor in Glioblastoma,COMPLETE,2022-01-04,2023-05-10,https://www.ebi.ac.uk/pride/archive/projects/PXD030715
PXD030730,2,4,breast cancer mitochondria pulldown,PARTIAL,2022-01-05,2022-02-22,https://www.ebi.ac.uk/pride/archive/projects/PXD030730
PXD030749,2,5,Identification of SFXN1 partners LC-MSMS,PARTIAL,2022-01-05,2022-10-14,https://www.ebi.ac.uk/pride/archive/projects/PXD030749
PXD030752,2,17,Signaling mechanisms of the prototypical psychedelic LSD,PARTIAL,2022-01-05,2023-10-24,https://www.ebi.ac.uk/pride/archive/projects/PXD030752
PXD030769,2,3,The high mobility group protein HMG20A cooperates with the histone reader PHF14 to modulate cancer signaling pathways.,PARTIAL,2022-01-06,2022-10-13,https://www.ebi.ac.uk/pride/archive/projects/PXD030769
PXD030810,2,4,HOXB13 WT and G84E mass spectrometry,PARTIAL,2022-01-07,2023-03-11,https://www.ebi.ac.uk/pride/archive/projects/PXD030810
PXD030845,2,11,Pytheas SARS-CoV-2 spike protein mRNA sample analysis,PARTIAL,2022-01-09,2022-05-04,https://www.ebi.ac.uk/pride/archive/projects/PXD030845
PXD030860,2,5,The serum of COVID-19 asymptomatic patients  in circulating angiogenic cells ex-vivo,PARTIAL,2022-01-10,2022-05-20,https://www.ebi.ac.uk/pride/archive/projects/PXD030860
PXD030879,2,4,Gasdermin E mediates resistance of pancreatic adenocarcinoma to enzymatic digestion through a YBX1-mucin pathway,PARTIAL,2022-01-11,2022-05-20,https://www.ebi.ac.uk/pride/archive/projects/PXD030879
PXD030883,2,21,Protein composition of circulating exosomes depend on tuberculosis disease state,COMPLETE,2022-01-11,2022-05-20,https://www.ebi.ac.uk/pride/archive/projects/PXD030883
PXD030901,2,4,Proteins are well-preserved in shells toasted at 300°C revealed by proteomics,PARTIAL,2022-01-12,2022-07-01,https://www.ebi.ac.uk/pride/archive/projects/PXD030901
PXD030910,2,7,SARS-CoV-2 infects adipocytes in a fat depot- and viral strain-dependent manner,COMPLETE,2022-01-12,2024-02-29,https://www.ebi.ac.uk/pride/archive/projects/PXD030910
PXD030912,2,3,Lysine 2-hydroxyisobutyrylation contributes to aflatoxin production in Aspergillus flavus,PARTIAL,2022-01-12,2022-06-06,https://www.ebi.ac.uk/pride/archive/projects/PXD030912
PXD030968,2,12,"Impact of simutaneous exposure to cold and metals on Salix viminalis transcriptome, proteome and antioxidative machinery",COMPLETE,2022-01-14,2024-01-26,https://www.ebi.ac.uk/pride/archive/projects/PXD030968
PXD030978,2,9,"GATD3A, a mitochondrial deglycase with evolutionary origins from gammaproteobacteria, restricts the formation of advanced glycation endproducts",PARTIAL,2022-01-14,2022-03-02,https://www.ebi.ac.uk/pride/archive/projects/PXD030978
PXD031003,2,186,Mapping of phosphorylation target sites of obscurin-kin 1 within the cytoplasmic domain of N-cadherin by LC-MS/MS,PARTIAL,2022-01-17,2024-05-23,https://www.ebi.ac.uk/pride/archive/projects/PXD031003
PXD031012,2,8,ALS-Associated KIF5A Mutations Abolish Autoinhibition Resulting in a Toxic Gain of Function,COMPLETE,2022-01-17,2022-06-09,https://www.ebi.ac.uk/pride/archive/projects/PXD031012
PXD031064,2,4,Human LC-MS/MS for MBTPS1/S1P protein,PARTIAL,2022-01-19,2022-05-04,https://www.ebi.ac.uk/pride/archive/projects/PXD031064
PXD031147,2,16,Comparing two acetification profiles from natural raw materials: a quantitative approach in Komagataeibacter europaeus,PARTIAL,2022-01-21,2022-04-06,https://www.ebi.ac.uk/pride/archive/projects/PXD031147
PXD031176,2,4,the secretome of Pseudoalteromonas prydzensis ACAM 620,PARTIAL,2022-01-22,2022-09-14,https://www.ebi.ac.uk/pride/archive/projects/PXD031176
PXD031212,2,8,Shotgun proteomic data obtained from whole cell lysates of ´Geobacer ammonificans´,PARTIAL,2022-01-25,2023-07-11,https://www.ebi.ac.uk/pride/archive/projects/PXD031212
PXD031214,2,6,Identification of a HTT-specific binding motif in DNAJB1 essential for suppression and disaggregation of HTT,PARTIAL,2022-03-21,2022-10-14,https://www.ebi.ac.uk/pride/archive/projects/PXD031214
PXD031252,2,6,"GRK2/3-regulated, but not constitutive, phosphorylation of the G protein-coupled receptor GPR84 controls arrestin interactions and subsequent function",COMPLETE,2022-01-26,2022-06-09,https://www.ebi.ac.uk/pride/archive/projects/PXD031252
PXD031258,2,4,"human, gastric cancer line, LC-MSMS",COMPLETE,2022-01-26,2022-08-12,https://www.ebi.ac.uk/pride/archive/projects/PXD031258
PXD031365,2,5,Hage et.al Mus musculus lung LC-MSMS,PARTIAL,2022-01-31,2022-02-28,https://www.ebi.ac.uk/pride/archive/projects/PXD031365
PXD031373,2,6,Lack of the mitochondrial NAD transporter SLC25A51 redistributes NAD+ compartmentalization and cellular ADP-ribosylation,PARTIAL,2022-02-01,2023-10-24,https://www.ebi.ac.uk/pride/archive/projects/PXD031373
PXD031417,2,4,Ubiquitination of protein Tau in Alzheimer's disease,PARTIAL,2022-02-03,2022-05-19,https://www.ebi.ac.uk/pride/archive/projects/PXD031417
PXD031463,2,10,The AMA1-RON complex drives Plasmodium sporozoite invasion in the mosquito and mammalian hosts,PARTIAL,2022-02-05,2022-08-12,https://www.ebi.ac.uk/pride/archive/projects/PXD031463
PXD031569,2,4,GPR56 (ADGRG1) and Transglutaminase (TG2) interaction in Regulation of Mesenchymal Transition in Glioblastoma.,PARTIAL,2022-02-10,2022-05-04,https://www.ebi.ac.uk/pride/archive/projects/PXD031569
PXD031583,2,10,Proteomic analysis of Balneola and Vibrio isolates,COMPLETE,2022-02-10,2022-05-20,https://www.ebi.ac.uk/pride/archive/projects/PXD031583
PXD031592,2,23,The Ubiquitin-Specific Protease USP36 SUMOylates EXOSC10 and promotes the nucleolar RNA exosome function in rRNA processing,PARTIAL,2022-02-10,2023-07-20,https://www.ebi.ac.uk/pride/archive/projects/PXD031592
PXD031593,2,4,EGF promotes PKM2 O-GlcNAcylation by stimulating O-GlcNAc transferase phosphorylation at Y976 and their subsequent association,PARTIAL,2022-02-10,2022-08-22,https://www.ebi.ac.uk/pride/archive/projects/PXD031593
PXD031605,2,3,Identification of muscle biomarkers in McArdle disease,PARTIAL,2022-02-11,2022-06-09,https://www.ebi.ac.uk/pride/archive/projects/PXD031605
PXD031606,2,6,Sequence and structural Sequence and structural variations determining the recruitment of WNK kinases to the KLHL3 E3 ligase,COMPLETE,2022-02-11,2022-03-07,https://www.ebi.ac.uk/pride/archive/projects/PXD031606
PXD031628,2,3,People with HIV have higher percentages of circulating CCR5+ CD8+ T cells and lower percentages of CCR5+ regulatory T cells,PARTIAL,2022-02-11,2022-08-12,https://www.ebi.ac.uk/pride/archive/projects/PXD031628
PXD031702,2,4,LC-MS/MS Proteomics analysis of PDL1 protein in 293T cell line,PARTIAL,2022-02-16,2022-10-13,https://www.ebi.ac.uk/pride/archive/projects/PXD031702
PXD031736,2,6,Food vacuole proteome of P. berghei heme pathway ferrochelatase knockout parasite by LC-MS/MS,PARTIAL,2022-02-17,2022-05-10,https://www.ebi.ac.uk/pride/archive/projects/PXD031736
PXD031738,2,6,Assessment of host hemoglobin accumulation in P. berghei heme pathway ferrochelatase knockout parasite food vacuole by iTRAQ,PARTIAL,2022-02-17,2022-05-10,https://www.ebi.ac.uk/pride/archive/projects/PXD031738
PXD031844,2,11,LncRNA LINC01186 directly bingding proteins in Hepatocellular carcinoma,PARTIAL,2022-02-23,2022-07-23,https://www.ebi.ac.uk/pride/archive/projects/PXD031844
PXD031867,2,5,"In Streptococcus thermophilus, ammonia from urea hydrolysis paradoxically boosts acidification and reveals a new regulatory mechanism of glycolysis",PARTIAL,2022-02-24,2022-04-14,https://www.ebi.ac.uk/pride/archive/projects/PXD031867
PXD031934,2,7,The role of IRAKM in IL-1β-treated adipocytes,COMPLETE,2022-02-28,2022-06-09,https://www.ebi.ac.uk/pride/archive/projects/PXD031934
PXD031971,2,6,Mass spectrometry identification data for the interactomics of SMYD3,PARTIAL,2022-03-01,2023-03-11,https://www.ebi.ac.uk/pride/archive/projects/PXD031971
PXD031997,2,8,Investigating the monomer-dimer transition of PKD1 kinase domain with EDC crosslinking,PARTIAL,2022-03-02,2023-03-11,https://www.ebi.ac.uk/pride/archive/projects/PXD031997
PXD032002,2,4,Characterization of the Chemotherapy-treated PyMT Matrisome,PARTIAL,2022-03-02,2022-03-14,https://www.ebi.ac.uk/pride/archive/projects/PXD032002
PXD032027,2,10,HPLC-MS datasets of LINP1 RNA pulldown samples in A431 cells,PARTIAL,2022-03-03,2023-05-10,https://www.ebi.ac.uk/pride/archive/projects/PXD032027
PXD032051,2,6,Proteomic and phosphoproteomic profiling reveals ACSS2 facilitating metabolic support in Acute Myeloid Leukemia,PARTIAL,2022-03-03,2024-06-11,https://www.ebi.ac.uk/pride/archive/projects/PXD032051
PXD032145,2,6,EXTL3ΔN purification from transgenic HEK,COMPLETE,2022-03-09,2022-07-12,https://www.ebi.ac.uk/pride/archive/projects/PXD032145
PXD032197,2,5,Verification of utORFs in Drosophila melanogaster,PARTIAL,2022-03-11,2022-04-06,https://www.ebi.ac.uk/pride/archive/projects/PXD032197
PXD032270,2,4,The role of testosterone in spermatogenesis: lessons from proteome profiling of human spermatozoa in testosterone deficiency,PARTIAL,2022-03-14,2022-05-09,https://www.ebi.ac.uk/pride/archive/projects/PXD032270
PXD032277,2,5,CHD2 maintains spermatogonial self-renewal by promoting chromatin activity and mRNA stability,PARTIAL,2022-03-14,2023-03-11,https://www.ebi.ac.uk/pride/archive/projects/PXD032277
PXD032292,2,6,Identification and analysis of phosphorylation within Xenopus laevis linker histone H1.0,COMPLETE,2022-03-15,2022-08-12,https://www.ebi.ac.uk/pride/archive/projects/PXD032292
PXD032360,2,6,MS-based proteomic characterization of Toxoplasma gondii GRA28-associated complexes,COMPLETE,2022-03-17,2022-11-02,https://www.ebi.ac.uk/pride/archive/projects/PXD032360
PXD032363,2,4,Mitoproteomics of neuronal mitochondria of EAE mice,PARTIAL,2022-03-17,2023-10-18,https://www.ebi.ac.uk/pride/archive/projects/PXD032363
PXD032739,2,10,Characterization vy crosslinking-mass spectrometry of plastid-encoded RNA polymerase purified from Sinapis alba.,PARTIAL,2022-03-23,2022-09-12,https://www.ebi.ac.uk/pride/archive/projects/PXD032739
PXD032824,2,8,Sphingomyelin phodiesterase acid-like 3A promotes hepatocellular carcinoma growth through the enhancer of rudimentary homologSphingomyelin phodiesterase acid-like 3A promotes hepatocellular carcinoma growth through the enhancer of rudimentary homolog,PARTIAL,2022-03-26,2022-05-23,https://www.ebi.ac.uk/pride/archive/projects/PXD032824
PXD032969,2,6,Plasma proteome profiling of healthy subjects undergoing bed rest reveals unload-dependent changes linked to muscle atrophy.Plasma proteome profiling of healthy subjects undergoing bed rest reveals unload-dependent changes linked to muscle atrophy.,PARTIAL,2022-04-03,2023-03-11,https://www.ebi.ac.uk/pride/archive/projects/PXD032969
PXD033026,2,70,Spatiotemporal proximity labeling tools to track GlcNAc-modified functional protein hubs during cellular signaling,COMPLETE,2022-04-06,2022-10-15,https://www.ebi.ac.uk/pride/archive/projects/PXD033026
PXD033043,2,62,Spatiotemporal proximity labeling tools to track GlcNAc-modified functional protein hubs during cellular signaling,COMPLETE,2022-04-07,2022-10-15,https://www.ebi.ac.uk/pride/archive/projects/PXD033043
PXD033044,2,72,Spatiotemporal proximity labeling tools to track GlcNAc-modified functional protein hubs during cellular signaling,COMPLETE,2022-04-07,2022-10-15,https://www.ebi.ac.uk/pride/archive/projects/PXD033044
PXD033046,2,4,Pseudolycoriella hygida saliva proteome,PARTIAL,2022-04-07,2023-04-07,https://www.ebi.ac.uk/pride/archive/projects/PXD033046
PXD033062,2,66,Spatiotemporal proximity labeling tools to track GlcNAc-modified functional protein hubs during cellular signaling,COMPLETE,2022-04-07,2022-10-15,https://www.ebi.ac.uk/pride/archive/projects/PXD033062
PXD033063,2,113,Spatiotemporal proximity labeling tools to track GlcNAc-modified functional protein hubs during cellular signaling,COMPLETE,2022-04-07,2022-10-15,https://www.ebi.ac.uk/pride/archive/projects/PXD033063
PXD033066,2,115,Spatiotemporal proximity labeling tools to track GlcNAc-modified functional protein hubs during cellular signaling,COMPLETE,2022-04-07,2022-10-15,https://www.ebi.ac.uk/pride/archive/projects/PXD033066
PXD033076,2,5,Identification of protein interactors of SARS-CoV-2 NSP13  in HEK293T cells,PARTIAL,2022-04-07,2024-09-21,https://www.ebi.ac.uk/pride/archive/projects/PXD033076
PXD033083,2,3,Human UFSP1 is an active UFM1-specific protease,PARTIAL,2022-04-07,2022-04-08,https://www.ebi.ac.uk/pride/archive/projects/PXD033083
PXD033104,2,6,LC-MS/MS of Rab21 pull-down or control sample,COMPLETE,2022-04-08,2023-10-24,https://www.ebi.ac.uk/pride/archive/projects/PXD033104
PXD033112,2,6,LC-MS/MS of human MFN2 interaction proteins,COMPLETE,2022-04-08,2023-10-24,https://www.ebi.ac.uk/pride/archive/projects/PXD033112
PXD033172,2,4,Segmental Bronchial Allergen Challenge Elicits Distinct Metabolic Phenotypes in Allergic Asthma,PARTIAL,2022-04-12,2022-06-09,https://www.ebi.ac.uk/pride/archive/projects/PXD033172
PXD033174,2,6,Glorund IP-MS in Drosophila late stage oocyte enriched ovary,COMPLETE,2022-04-12,2022-06-07,https://www.ebi.ac.uk/pride/archive/projects/PXD033174
PXD033175,2,7,Glorund corsslinked IP-MS in Drosophila late stage oocyte enriched ovary,COMPLETE,2022-04-12,2022-06-07,https://www.ebi.ac.uk/pride/archive/projects/PXD033175
PXD033196,2,8,Proteins bound to BTBD7_hsa_circ_0000563 in coronary artery disease,PARTIAL,2022-04-13,2023-03-11,https://www.ebi.ac.uk/pride/archive/projects/PXD033196
PXD033234,2,5,CryoEM structure of mitochondrial complex I from the thermophilic eukaryote Chaetomium thermophilum,PARTIAL,2022-04-14,2022-11-29,https://www.ebi.ac.uk/pride/archive/projects/PXD033234
PXD033244,2,5,Calcium-dependent proximal biotinylation via Cal-ID,PARTIAL,2022-04-14,2024-02-04,https://www.ebi.ac.uk/pride/archive/projects/PXD033244
PXD033257,2,6,Unveiling the mechanism of action of nature-inspired anti-cancer compounds using a multi-Omics approach,PARTIAL,2022-04-14,2023-01-17,https://www.ebi.ac.uk/pride/archive/projects/PXD033257
PXD033342,2,5,N-linked glycan analysis of native SARS-CoV-2 Delta variant Spike,PARTIAL,2022-04-21,2023-05-10,https://www.ebi.ac.uk/pride/archive/projects/PXD033342
PXD033359,2,8,Human prostate cancer cell TUBB4A LC-MS,PARTIAL,2022-04-21,2022-06-09,https://www.ebi.ac.uk/pride/archive/projects/PXD033359
PXD033378,2,4,The role of actin II in the mosquito stages of Plasmodium berghei,COMPLETE,2022-04-23,2023-02-16,https://www.ebi.ac.uk/pride/archive/projects/PXD033378
PXD033416,2,9,"Elizabethkingia anophelis Outer membrane vesicle proteomic, LC-MS/MS",COMPLETE,2022-04-24,2022-07-11,https://www.ebi.ac.uk/pride/archive/projects/PXD033416
PXD033454,2,4,A Bioorthogonal Chemical Reporter for the Detection and Identification of Protein Lactylation,PARTIAL,2022-04-25,2022-06-23,https://www.ebi.ac.uk/pride/archive/projects/PXD033454
PXD033537,2,8,Venomics of the Central-European Myrmicine Ants Myrmica rubra and Myrmica ruginodis,COMPLETE,2022-04-28,2022-06-09,https://www.ebi.ac.uk/pride/archive/projects/PXD033537
PXD033588,2,4,Ochlerotatus triseriatus saliva proteome,PARTIAL,2022-05-04,2022-10-15,https://www.ebi.ac.uk/pride/archive/projects/PXD033588
PXD033616,2,3,Druggable Serine Proteases of Leishmania by Activity‐Based Protein Profiling,PARTIAL,2022-05-04,2022-07-04,https://www.ebi.ac.uk/pride/archive/projects/PXD033616
PXD033645,2,7,O-Glycoproteomic Analysis of Engineered Heavily-Glycosylated Fusion Proteins using NanoHILIC-MS,PARTIAL,2022-05-04,2023-03-11,https://www.ebi.ac.uk/pride/archive/projects/PXD033645
PXD033694,2,4,Characterization of the SF3B1 interactome,PARTIAL,2022-05-05,2022-08-22,https://www.ebi.ac.uk/pride/archive/projects/PXD033694
PXD033829,2,4,Identification of the potential regulators of G6PD activity in different cell cycle,PARTIAL,2022-05-12,2023-05-18,https://www.ebi.ac.uk/pride/archive/projects/PXD033829
PXD033858,2,9,Proteomic network of antibiotic-induced outer membrane vesicles released by extensively drug-resistant Elizabethkingia anophelis,COMPLETE,2022-05-12,2022-07-11,https://www.ebi.ac.uk/pride/archive/projects/PXD033858
PXD033861,2,7,"Human RBM33_HNSC_LC-MS/MS in project ""RBM33 Acts as an m6A Reader Required for ALKBH5-mediated m6A Demethylation""",PARTIAL,2022-05-12,2023-05-30,https://www.ebi.ac.uk/pride/archive/projects/PXD033861
PXD033865,2,6,29-Plex Tandem Mass Tag Mass Spectrometry Enabling Accurate Quantification by Interference Correction,PARTIAL,2022-05-12,2023-03-10,https://www.ebi.ac.uk/pride/archive/projects/PXD033865
PXD033914,2,4,Pre-mRNA splicing function of the ubiquitin-like protein Hub1/UBL-5 in Caenorhabditis elegans,PARTIAL,2022-05-16,2024-05-21,https://www.ebi.ac.uk/pride/archive/projects/PXD033914
PXD033937,2,3,Proteasome dysfunction leads to enhanced autophagy mediated degradation of mutant lamin A/C,PARTIAL,2022-05-17,2022-09-07,https://www.ebi.ac.uk/pride/archive/projects/PXD033937
PXD033939,2,6,Lysine long-chain fatty acylation regulates the TEAD transcription factor,COMPLETE,2022-05-17,2023-03-19,https://www.ebi.ac.uk/pride/archive/projects/PXD033939
PXD034054,2,7,Crosslinks Analysis of Cryptochrome and Timeless Proteins,PARTIAL,2022-05-25,2023-02-03,https://www.ebi.ac.uk/pride/archive/projects/PXD034054
PXD034069,2,4,Serum proteomics of wild type mice and Mdm2 adipocyte-specific knock-in mice fed high-fat diet,PARTIAL,2022-05-25,2022-08-11,https://www.ebi.ac.uk/pride/archive/projects/PXD034069
PXD034074,2,5,The eWAT proteomics of wild type mice and Mdm2 adipocyte-specific knock-in mice fed high-fat diet,PARTIAL,2022-05-25,2022-08-11,https://www.ebi.ac.uk/pride/archive/projects/PXD034074
PXD034097,2,3,"High throughput screen of 100,000 small molecules in C9orf72 ALS neurons missing files",PARTIAL,2022-05-25,2025-03-07,https://www.ebi.ac.uk/pride/archive/projects/PXD034097
PXD034100,2,4,CIP2A-TOPBP1 Interaction in Human Mitotic Cells,PARTIAL,2022-05-25,2022-07-19,https://www.ebi.ac.uk/pride/archive/projects/PXD034100
PXD034213,2,4,"PHACTR1, a coronary artery disease risk gene, drives endothelial dysfunction",PARTIAL,2022-05-30,2022-08-16,https://www.ebi.ac.uk/pride/archive/projects/PXD034213
PXD034393,2,7,Autoinhibition of Trio guanine nucleotide exchange factor activity for Rac1 by its spectrin repeats is disrupted by neurodevelopmental disorder-related genetic variants.,PARTIAL,2022-06-07,2022-10-13,https://www.ebi.ac.uk/pride/archive/projects/PXD034393
PXD034397,2,5,Structure of Cancer Antigen Mesothelin and Its Complex with Therapeutic Antibodies,PARTIAL,2022-06-07,2023-05-10,https://www.ebi.ac.uk/pride/archive/projects/PXD034397
PXD034445,2,3,"HeLa cells were transfected with MARVELD1, then treated with or without HU treatment,following with IP and LC-MSMS analysis",PARTIAL,2022-06-09,2023-05-10,https://www.ebi.ac.uk/pride/archive/projects/PXD034445
PXD034511,2,3,A complex epigenome-splicing crosstalk governs epithelial to mesenchymal transition in metastasis and brain development,PARTIAL,2022-06-14,2022-06-21,https://www.ebi.ac.uk/pride/archive/projects/PXD034511
PXD034601,2,9,Similar skeletal properties yet different components - A comparison between distinct stony corals,COMPLETE,2022-06-16,2022-08-13,https://www.ebi.ac.uk/pride/archive/projects/PXD034601
PXD034602,2,7,PTX3 structure determination using a hybrid cryo-electron microscopy and AlphaFold approach offers insights into ligand binding and complement activation,COMPLETE,2022-06-16,2022-10-14,https://www.ebi.ac.uk/pride/archive/projects/PXD034602
PXD034650,2,11,: Arginine methylation of BRD4 by PRMT2/4 governs transcription and DNA repair,PARTIAL,2022-06-19,2023-03-11,https://www.ebi.ac.uk/pride/archive/projects/PXD034650
PXD034652,2,5,Free fatty acid and α‐lactalbumin‐oleic acid complexes in preterm human milk are cytotoxic to fetal intestinal cells in vitro,PARTIAL,2022-06-19,2022-08-12,https://www.ebi.ac.uk/pride/archive/projects/PXD034652
PXD034654,2,8,The proteomic changes in MCF-7 cells in exposure to cytotoxin,PARTIAL,2022-06-19,2026-07-13,https://www.ebi.ac.uk/pride/archive/projects/PXD034654
PXD034782,2,5,LC-MS/MS Proteomics analysis of LncRNA SNHG6 in HEPG2 cell line,PARTIAL,2022-06-21,2022-10-14,https://www.ebi.ac.uk/pride/archive/projects/PXD034782
PXD034784,2,3,iTRAQ based proteomic analysis to reveal the mechanism of tigecycline resistance in Acinetobacter baumannii,PARTIAL,2022-06-21,2023-07-20,https://www.ebi.ac.uk/pride/archive/projects/PXD034784
PXD034822,2,13,Graft versus host disease treatment with mesenchymal stem cells,PARTIAL,2022-06-22,2024-05-22,https://www.ebi.ac.uk/pride/archive/projects/PXD034822
PXD034851,2,4,Viral biomarker detection and validation using MALDI Mass Spectrometry Imaging (MSI),PARTIAL,2022-06-22,2022-10-13,https://www.ebi.ac.uk/pride/archive/projects/PXD034851
PXD034894,2,4,Integrative structure determination of an 85-kilodalton PTBP1-IRES complex in solution reveals a strong compaction with pronounced conformational flexibility,PARTIAL,2022-06-26,2023-10-24,https://www.ebi.ac.uk/pride/archive/projects/PXD034894
PXD034899,2,4,Acetylation of p62 regulates base excision repair through interaction with APE1,PARTIAL,2022-06-26,2022-07-19,https://www.ebi.ac.uk/pride/archive/projects/PXD034899
PXD034958,2,4,Prognostic value of molecular intratumor heterogeneity in primary oral cancer and its lymph node metastases assessed by mass spectrometry imaging,PARTIAL,2022-06-29,2022-10-13,https://www.ebi.ac.uk/pride/archive/projects/PXD034958
PXD034982,2,8,b1-integrin binding and lysosome targeting aptamer homes to triple-negative breast cancer in mice,COMPLETE,2022-06-30,2023-08-24,https://www.ebi.ac.uk/pride/archive/projects/PXD034982
PXD034998,2,4,bioprospecting for fungal enzymes for applications in microalgal-biomass based biorefineries,PARTIAL,2022-06-30,2023-03-10,https://www.ebi.ac.uk/pride/archive/projects/PXD034998
PXD035013,2,6,Mass spectrometry of immunoprecipitations from control and Er blood group,PARTIAL,2022-06-30,2024-01-26,https://www.ebi.ac.uk/pride/archive/projects/PXD035013
PXD035041,2,14,A molecular study of Italian ryegrass grown on Martian regolith simulant,COMPLETE,2022-06-30,2022-11-07,https://www.ebi.ac.uk/pride/archive/projects/PXD035041
PXD035049,2,8,Aggrelyte-2 Promotes Protein Solubility and Decreases Stiffness in Lenses through Lysine Acetylation and Disulfide Reduction,PARTIAL,2022-06-30,2023-05-10,https://www.ebi.ac.uk/pride/archive/projects/PXD035049
PXD035067,2,10,CELF1 Mass-spectrometric Identification of post-translational modification,PARTIAL,2022-07-07,2024-10-30,https://www.ebi.ac.uk/pride/archive/projects/PXD035067
PXD035073,2,6,comparative proteomics and elemental analysis reveal molecular adaption of Mollusca radula to different lifestyles,PARTIAL,2022-07-04,2022-10-27,https://www.ebi.ac.uk/pride/archive/projects/PXD035073
PXD035182,2,15,SAMHD1 controls innate immunity by regulating condensation of immunogenic self RNA,PARTIAL,2022-07-08,2023-02-06,https://www.ebi.ac.uk/pride/archive/projects/PXD035182
PXD035305,2,8,MX2 Viral Substrate Breadth and Inhibitory Activity Are Regulated by Protein Phosphorylation,COMPLETE,2022-07-13,2022-07-21,https://www.ebi.ac.uk/pride/archive/projects/PXD035305
PXD035340,2,3,Spatially variant immune infiltration scoring in human cancer tissues,PARTIAL,2022-07-14,2022-10-14,https://www.ebi.ac.uk/pride/archive/projects/PXD035340
PXD035434,2,4,Identification of FgSreA interactor,PARTIAL,2022-07-20,2024-01-26,https://www.ebi.ac.uk/pride/archive/projects/PXD035434
PXD035539,2,11,The Skp1-Cullin1-FBXO1 complex is a pleiotropic regulator required for the formation of gametes and zoites in Plasmodium berghei,COMPLETE,2022-07-24,2023-04-28,https://www.ebi.ac.uk/pride/archive/projects/PXD035539
PXD035689,2,14,A rare human centenarian variant of SIRT6 enhances genome stability and interaction with Lamin A,COMPLETE,2022-08-01,2022-10-21,https://www.ebi.ac.uk/pride/archive/projects/PXD035689
PXD035716,2,4,Identification of AKTIP protein interaction partners in breast cancer cells MCF7,PARTIAL,2022-08-02,2023-01-02,https://www.ebi.ac.uk/pride/archive/projects/PXD035716
PXD035722,2,4,The interactome of G3BP1 in UMUC3 cells,PARTIAL,2022-08-02,2024-05-23,https://www.ebi.ac.uk/pride/archive/projects/PXD035722
PXD035763,2,12,Plastoglobules are a biosynthetic platform contributing to carotenoid accumulation during tomato fruit maturation,COMPLETE,2022-08-02,2023-03-11,https://www.ebi.ac.uk/pride/archive/projects/PXD035763
PXD035796,2,6,Recombinant Wine Haze Proteins rTLP and rCHI,PARTIAL,2022-08-04,2023-03-11,https://www.ebi.ac.uk/pride/archive/projects/PXD035796
PXD035802,2,4,Mycobacterium tuberculosis modified proteome under oxidative stress,PARTIAL,2022-08-04,2023-03-09,https://www.ebi.ac.uk/pride/archive/projects/PXD035802
PXD035870,2,9,Proteomics of mixtures of specific fractions from microbial isolates for multiplex proteotyping without labeling,COMPLETE,2022-08-08,2025-09-15,https://www.ebi.ac.uk/pride/archive/projects/PXD035870
PXD035922,2,5,The F-box protein SLOW MOTION regulates hypocotyl growth in Arabidopsis,PARTIAL,2022-08-10,2025-05-25,https://www.ebi.ac.uk/pride/archive/projects/PXD035922
PXD035980,2,4,Chemical crosslinking of the SPATA5-SPATA5L1-C1orf109-CINP complex,PARTIAL,2022-08-11,2024-04-17,https://www.ebi.ac.uk/pride/archive/projects/PXD035980
PXD036006,2,10,"Ctenopharyngodon idella, CIK cells, pull-down MS",PARTIAL,2022-08-12,2023-05-09,https://www.ebi.ac.uk/pride/archive/projects/PXD036006
PXD036015,2,3,Proteomics analysis of HepG2 after administration of dehydroabietic acid,PARTIAL,2022-08-12,2022-11-22,https://www.ebi.ac.uk/pride/archive/projects/PXD036015
PXD036178,2,16,Proteomics analysis of stool samples from preterm neonates with mass spectrometry for predicting necrotizing enterocolitis,PARTIAL,2022-08-21,2023-03-11,https://www.ebi.ac.uk/pride/archive/projects/PXD036178
PXD036192,2,103,MORF and MOZ acetyltransferases target unmethylated CpG islands through the winged helix domain,COMPLETE,2022-08-21,2023-03-11,https://www.ebi.ac.uk/pride/archive/projects/PXD036192
PXD036200,2,5,Identification of LC3-binding proteins on lipid droplets,PARTIAL,2022-08-21,2023-10-24,https://www.ebi.ac.uk/pride/archive/projects/PXD036200
PXD036220,2,6,Structural and functional studies of CC chemokine receptor 5 phosphorylation and its interactions with arrestin2,COMPLETE,2022-08-22,2023-05-24,https://www.ebi.ac.uk/pride/archive/projects/PXD036220
PXD036221,2,7,Pten regulates endocytic trafficking of cell adhesion and signaling molecules to pattern the retina,COMPLETE,2022-08-22,2024-08-09,https://www.ebi.ac.uk/pride/archive/projects/PXD036221
PXD036258,2,4,mTOR activity paces human blastocyst stage developmental progression (data set 2),PARTIAL,2023-02-27,2024-09-26,https://www.ebi.ac.uk/pride/archive/projects/PXD036258
PXD036267,2,5,Protein co-purifying with MLF2-MBP from Expi293 cells,COMPLETE,2022-08-25,2022-08-25,https://www.ebi.ac.uk/pride/archive/projects/PXD036267
PXD036270,2,4,Mass spectrometry analysis of the neutrophil secretome (Gelatinase/Specific granules),PARTIAL,2022-08-25,2022-10-13,https://www.ebi.ac.uk/pride/archive/projects/PXD036270
PXD036285,2,10,TraB is a component of the ER-Mitochondrial contact site regulating ER-Mitochondrial  interaction and mitophagy,COMPLETE,2022-08-25,2022-08-30,https://www.ebi.ac.uk/pride/archive/projects/PXD036285
PXD036321,2,4,The proteins that PHGDH interact with in mitchondria,PARTIAL,2022-08-26,2022-10-06,https://www.ebi.ac.uk/pride/archive/projects/PXD036321
PXD036346,2,8,BVES-HA IP-mass from AAV9-BVES-HA injected mouse skeletal muscle,PARTIAL,2022-08-26,2023-02-27,https://www.ebi.ac.uk/pride/archive/projects/PXD036346
PXD036348,2,18,Transcriptome and phosphoproteome analyses of gemcitabine-resistant gallbladder cancer cells provide novel insights into molecular changes occurring during acquired resistance,COMPLETE,2022-08-27,2023-05-03,https://www.ebi.ac.uk/pride/archive/projects/PXD036348
PXD036370,2,6,Phosphorylation detection of protein DGCR8 between  between control and coilin knockdown samples,PARTIAL,2022-08-28,2023-05-12,https://www.ebi.ac.uk/pride/archive/projects/PXD036370
PXD036433,2,12,"To elucidate the molecular mechanism behind Krt17-mediated regulation of immune system process, we conducted a co-IP assay using the anti-KRT17 antibody coupled with mass spectrometry (MS) analysis to identify the KRT17-interacting proteins in MC38 cell",PARTIAL,2022-08-31,2023-03-09,https://www.ebi.ac.uk/pride/archive/projects/PXD036433
PXD036482,2,3,HPLC-TIMS-TOF-MS of purified mitochondrial I+III2 supercomplex from Arabidopsis thaliana,PARTIAL,2022-09-02,2022-12-30,https://www.ebi.ac.uk/pride/archive/projects/PXD036482
PXD036506,2,4,Alteration in Tyrosine Phosphorylation of Cardiac Proteome and EGFR Pathway Contribute to Hypertrophic Cardiomyopathy,PARTIAL,2022-09-05,2023-03-10,https://www.ebi.ac.uk/pride/archive/projects/PXD036506
PXD036510,2,3,"Protein mass Protein mass spectrometry was used to detect the degree of biotinylation of V5-APEX2-HBC-NES after adding H2O2, and to search for host factors that interact with HBV core protein.spectrometry was used to detect the degree of biotinylation of V5-APEX2-HBC-NES after adding H2O2, and to search for host factors that interact with HBV core protein.",PARTIAL,2022-09-05,2025-05-06,https://www.ebi.ac.uk/pride/archive/projects/PXD036510
PXD036514,2,4,Identification of substrates of LarA-activated Lon protease and Identification of Lon protease interactome,PARTIAL,2022-09-05,2023-10-25,https://www.ebi.ac.uk/pride/archive/projects/PXD036514
PXD036533,2,4,Multi-omics data-based analysis characterizes molecular alterations of the vesicle genes in human colorectal cancer,PARTIAL,2022-09-05,2024-05-23,https://www.ebi.ac.uk/pride/archive/projects/PXD036533
PXD036565,2,4,Paenibacillus sp. GKG secreted proteins LC-MSMS,PARTIAL,2022-09-08,2022-10-20,https://www.ebi.ac.uk/pride/archive/projects/PXD036565
PXD036589,2,3,PPARγ lipodystrophy mutants reveal intermolecular interactions required for enhancer activation,PARTIAL,2022-09-08,2022-09-08,https://www.ebi.ac.uk/pride/archive/projects/PXD036589
PXD036592,2,5,Palaeoproteomics (COL1) of Chelonia mydas and Caretta caretta,PARTIAL,2022-09-08,2023-07-17,https://www.ebi.ac.uk/pride/archive/projects/PXD036592
PXD036594,2,4,prm-PASEF and g-dia-PASEF analysis of plasma samples from colorectal cancer and control patients,PARTIAL,2022-09-08,2023-04-11,https://www.ebi.ac.uk/pride/archive/projects/PXD036594
PXD036626,2,7,TAP and nano LC-MS/MS of Arabidopsis thaliana ABCE2 protein,PARTIAL,2022-09-12,2022-11-15,https://www.ebi.ac.uk/pride/archive/projects/PXD036626
PXD036629,2,3,BRCA mutational status shapes the stromal microenvironment of pancreatic cancer linking CLU+ CAF expression with HSF1 signaling,PARTIAL,2022-09-12,2022-10-12,https://www.ebi.ac.uk/pride/archive/projects/PXD036629
PXD036634,2,4,"To functionally investigate the manner that UBQLN1 regulate mitochondria function,we searched for the UBQLN1-interacting proteins,we first conducted LC-MS with 3Flag-UBQLN1 cell line",PARTIAL,2022-09-12,2024-07-03,https://www.ebi.ac.uk/pride/archive/projects/PXD036634
PXD036658,2,7,Flycodes enable preclinical analysis of dozens of antibodies using single cassette-dosed mice. Dataset 1/6,PARTIAL,2022-09-12,2025-02-26,https://www.ebi.ac.uk/pride/archive/projects/PXD036658
PXD036728,2,4,Specific post-translational modifications of VDAC3 in ALS-SOD1 model cells identified by High-Resolution Mass Spectrometry,PARTIAL,2022-09-14,2023-03-11,https://www.ebi.ac.uk/pride/archive/projects/PXD036728
PXD036736,2,5,Characterization of Chemotherapy-treated PyMT Liver Matrisome,PARTIAL,2022-09-14,2022-10-05,https://www.ebi.ac.uk/pride/archive/projects/PXD036736
PXD036779,2,3,Suppression of the nucleic acid precursor ribose 5-phosphate by RNA-mediated antiviral immunity.,PARTIAL,2022-09-17,2024-08-09,https://www.ebi.ac.uk/pride/archive/projects/PXD036779
PXD036821,2,11,The accessory protein ORF6 contributes to SARS-CoV-2 pathogenesis by regulating host and viral gene expression,PARTIAL,2022-09-17,2024-02-16,https://www.ebi.ac.uk/pride/archive/projects/PXD036821
PXD036899,2,3,LC-MS/MS analysis of co-immunoprecipitation products of METTL3,PARTIAL,2022-09-21,2023-08-18,https://www.ebi.ac.uk/pride/archive/projects/PXD036899
PXD036936,2,4,"Independent bivalve evolutionary adaptation towards chemosymbiosis, insights from the genome of vent thyasirid",PARTIAL,2022-09-22,2023-01-13,https://www.ebi.ac.uk/pride/archive/projects/PXD036936
PXD036953,2,7,The interactome of flavin adenine dinucleotide (FAD) with RNA-binding proteins,PARTIAL,2022-09-22,2022-10-06,https://www.ebi.ac.uk/pride/archive/projects/PXD036953
PXD036987,2,27,Analysis of Efg1 co-purifying proteins,COMPLETE,2022-09-25,2023-11-27,https://www.ebi.ac.uk/pride/archive/projects/PXD036987
PXD036995,2,4,Tyrosine phosphorylation regulates RIPK1 activity to limit cell death and inflammation,PARTIAL,2022-09-25,2022-10-12,https://www.ebi.ac.uk/pride/archive/projects/PXD036995
PXD037001,2,7,Identification of human gene LOC107984012 interacting proteins in AC16 cardiomyocytes by pull-down assays coupled to MS,PARTIAL,2022-09-25,2024-01-26,https://www.ebi.ac.uk/pride/archive/projects/PXD037001
PXD037024,2,6,Identification of circGlis3 binding proteins in MIN6 cells by LC-MS,PARTIAL,2022-09-27,2023-11-02,https://www.ebi.ac.uk/pride/archive/projects/PXD037024
PXD037029,2,5,Identification and analysis of the interaction network of African Swine Fever Virus D1133L with host proteins,PARTIAL,2022-09-27,2023-03-11,https://www.ebi.ac.uk/pride/archive/projects/PXD037029
PXD037034,2,7,Identification and functional characterization of proteins interacting with cohesin complex in yeast Saccharomyces cerevisiae.,COMPLETE,2022-09-27,2023-10-24,https://www.ebi.ac.uk/pride/archive/projects/PXD037034
PXD037046,2,9,Proteomic characterization of plasma membrane-enriched fraction from tobacco (Nicotiana tabacum L. cv Samsun) pollen tubes.,COMPLETE,2022-09-27,2022-10-27,https://www.ebi.ac.uk/pride/archive/projects/PXD037046
PXD037062,2,3,Proteomics analysis of the membrane vesicles in Pseudomonas aeruginosa under X-ray irradiation,PARTIAL,2022-09-28,2025-08-25,https://www.ebi.ac.uk/pride/archive/projects/PXD037062
PXD037101,2,4,Amino Acids Downregulate SIRT4 to Detoxify Ammonia through the Urea Cycle,PARTIAL,2022-09-30,2023-03-29,https://www.ebi.ac.uk/pride/archive/projects/PXD037101
PXD037131,2,12,TLK1 phosphorylates human RAD54,COMPLETE,2022-10-02,2023-10-24,https://www.ebi.ac.uk/pride/archive/projects/PXD037131
PXD037137,2,7,Identification of the expression of a novel protein in MCF7 cells,PARTIAL,2022-10-02,2023-03-11,https://www.ebi.ac.uk/pride/archive/projects/PXD037137
PXD037142,2,4,Amuc_2172 tandem affinity purification LCMSMS,PARTIAL,2022-10-03,2023-11-29,https://www.ebi.ac.uk/pride/archive/projects/PXD037142
PXD037186,2,5,cryo-EM study of bovine retinal pigment epithelium cell lysate,PARTIAL,2022-10-05,2023-01-02,https://www.ebi.ac.uk/pride/archive/projects/PXD037186
PXD037239,2,3,Fc glycosylation status of Vi vaccine-induced antibodies,PARTIAL,2022-10-10,2024-05-30,https://www.ebi.ac.uk/pride/archive/projects/PXD037239
PXD037312,2,6,CRL2ZER1/ZYG11B recognizes small N-terminal residues for degradation,PARTIAL,2022-10-12,2023-03-11,https://www.ebi.ac.uk/pride/archive/projects/PXD037312
PXD037317,2,4,Breast cancer cell MCF7+CYP1B1-AS1 LC-MS/MS,PARTIAL,2022-10-12,2023-10-24,https://www.ebi.ac.uk/pride/archive/projects/PXD037317
PXD037321,2,3,β-OHB Reduces Reinstatement of Cocaine Conditioned Place Preference Through Hippocampal CaMKII-α β-Hydroxybutyrylation,PARTIAL,2022-10-12,2022-11-30,https://www.ebi.ac.uk/pride/archive/projects/PXD037321
PXD037335,2,3,Target of L-menthol in keratinocytes,PARTIAL,2022-10-12,2022-11-09,https://www.ebi.ac.uk/pride/archive/projects/PXD037335
PXD037336,2,3,PP6 interated proteins in HaCaT cells treated with L-menthol,PARTIAL,2022-10-12,2022-11-09,https://www.ebi.ac.uk/pride/archive/projects/PXD037336
PXD037383,2,8,"Validation of the anti-Ro60 antibody (sc-100844, Sants Cruz Biotechnology, Inc) by coimmunoprecipitation from total HEK293 cell lysates",COMPLETE,2022-10-13,2022-10-14,https://www.ebi.ac.uk/pride/archive/projects/PXD037383
PXD037436,2,4,NLRP6 controls PTEN stability by promoting autophagic degradation of p85α to drive tumorigenesis,PARTIAL,2022-10-14,2023-07-02,https://www.ebi.ac.uk/pride/archive/projects/PXD037436
PXD037460,2,4,NLRP6 controls PTEN stability by promoting autophagic degradation of p85α to drive tumorigenesis,PARTIAL,2022-10-14,2023-07-02,https://www.ebi.ac.uk/pride/archive/projects/PXD037460
PXD037493,2,12,Confirmation of the binding site of spermine to ATP13A2 protein,PARTIAL,2022-10-17,2023-05-10,https://www.ebi.ac.uk/pride/archive/projects/PXD037493
PXD037495,2,4,The effect of GLP-1 receptor agonist liraglutide on the rat neurointermediate lobe phosphoproteome,PARTIAL,2022-10-17,2023-03-02,https://www.ebi.ac.uk/pride/archive/projects/PXD037495
PXD037573,2,4,Phosphoproteomic profiling highlights CDC42 and CDK2 as key players in the regulation of the TGF-β pathway in ALMS1 and BBS1.,PARTIAL,2022-10-19,2025-11-17,https://www.ebi.ac.uk/pride/archive/projects/PXD037573
PXD037619,2,59,Cms1 coordinates stepwise local 90S pre-ribosome assembly with timely snR83 release Table S2,COMPLETE,2022-10-20,2023-03-11,https://www.ebi.ac.uk/pride/archive/projects/PXD037619
PXD037670,2,4,ASCL1: a pioneer factor that induces subtype switching and characterizes adrenergic neuroblastoma,PARTIAL,2022-10-24,2023-12-08,https://www.ebi.ac.uk/pride/archive/projects/PXD037670
PXD037693,2,4,Targeted protein of USP20 by LC-MS/MS in HepG2 cells,PARTIAL,2022-10-25,2022-12-22,https://www.ebi.ac.uk/pride/archive/projects/PXD037693
PXD037697,2,3,FAM69C functions as a kinase for eIF2α and promotes stress granule assembly,PARTIAL,2022-10-25,2023-04-21,https://www.ebi.ac.uk/pride/archive/projects/PXD037697
PXD037703,2,7,A degradation motif in STAU1 defines a novel family of proteins involved in inflammation,COMPLETE,2022-10-25,2023-02-21,https://www.ebi.ac.uk/pride/archive/projects/PXD037703
PXD037763,2,6,Comprehensive evaluation of Ubiquinol-supplemented diet effects in the 3xTg AD mice using MALDI-MSI,PARTIAL,2022-10-27,2023-05-10,https://www.ebi.ac.uk/pride/archive/projects/PXD037763
PXD037768,2,3,Seb1 proximity dependent biotinylation (PDB) in Schizosaccharomyces pombe,PARTIAL,2022-10-27,2023-05-02,https://www.ebi.ac.uk/pride/archive/projects/PXD037768
PXD037771,2,3,Selenoproteins identification in selenized Fructobacillus tropaeoli,PARTIAL,2022-10-27,2026-01-30,https://www.ebi.ac.uk/pride/archive/projects/PXD037771
PXD037907,2,4,TMTC1 promotes invasiveness of ovarian cancer,PARTIAL,2022-11-03,2023-10-24,https://www.ebi.ac.uk/pride/archive/projects/PXD037907
PXD037926,2,3,Endothelial OTUD1 promotes Ang II-induced vascular remodeling by deubiquitinating SMAD3,PARTIAL,2022-11-03,2022-12-24,https://www.ebi.ac.uk/pride/archive/projects/PXD037926
PXD037928,2,3,circRIG-I associated proteins in HEK293T,PARTIAL,2022-11-03,2022-11-16,https://www.ebi.ac.uk/pride/archive/projects/PXD037928
PXD037936,2,6,Amino acid sequence of Antheraea mylitta cocoonase.,COMPLETE,2022-11-03,2025-12-15,https://www.ebi.ac.uk/pride/archive/projects/PXD037936
PXD037938,2,7,Phosphorylation states of the Neurospora crassa circadian clock protein Frequencey,PARTIAL,2022-11-03,2024-03-15,https://www.ebi.ac.uk/pride/archive/projects/PXD037938
PXD037998,2,13,Identification of miR-16/29 targets in adipocytes by LC-MSMS,COMPLETE,2022-11-07,2024-06-13,https://www.ebi.ac.uk/pride/archive/projects/PXD037998
PXD038027,2,3,Protocol for cell surface biotinylation of magnetic labeled and captured human peripheral blood mononuclear cells,PARTIAL,2022-11-07,2022-11-08,https://www.ebi.ac.uk/pride/archive/projects/PXD038027
PXD038045,2,3,Systematic analysis of lysine malonylation in Streptococcus mutans,PARTIAL,2022-11-08,2022-11-17,https://www.ebi.ac.uk/pride/archive/projects/PXD038045
PXD038106,2,3,Qualitative proteomic analysis of Extracellular vesicles (EVs) derived from oviductal epithelial cells,PARTIAL,2022-11-11,2023-10-24,https://www.ebi.ac.uk/pride/archive/projects/PXD038106
PXD038116,2,9,"Arabidopsis DMC1 ubiquitination sites identification, LC-MS/MS",PARTIAL,2022-11-11,2023-10-24,https://www.ebi.ac.uk/pride/archive/projects/PXD038116
PXD038119,2,5,"Characteristics of Mycobacterium tuberculosis PtpA interaction and activity on the alpha subunit of human mitochondrial trifunctional protein, a key enzyme of lipid metabolism",PARTIAL,2022-11-11,2023-06-29,https://www.ebi.ac.uk/pride/archive/projects/PXD038119
PXD038126,2,8,Arabidopsis meiotic-specific recombinase DMC1 IP-MS,PARTIAL,2022-11-14,2023-10-24,https://www.ebi.ac.uk/pride/archive/projects/PXD038126
PXD038130,2,4,Immune surveillance of brain metastatic cancer cells is mediated by IFITM1 (The coimmunoprecipitated proteins associated with the endogenous membrane IFITM1 of H1299 cells after IFNγ stimulation),PARTIAL,2022-11-14,2023-02-17,https://www.ebi.ac.uk/pride/archive/projects/PXD038130
PXD038135,2,12,Tartrate resistant acid phosphatase 5 (TRAP5) mediates immune cell recruitment in a murine model of pulmonary bacterial infection,PARTIAL,2022-11-14,2022-12-30,https://www.ebi.ac.uk/pride/archive/projects/PXD038135
PXD038231,2,6,N-terminal acetylation determination of PEXEL proteins,COMPLETE,2022-11-21,2023-02-13,https://www.ebi.ac.uk/pride/archive/projects/PXD038231
PXD038233,2,8,Target identification of methyl bestatin,PARTIAL,2022-11-22,2022-11-22,https://www.ebi.ac.uk/pride/archive/projects/PXD038233
PXD038281,2,4,Proteomics analysis of the corneal amyloid disaggregation effects by brain chaperone L-PGDS,PARTIAL,2022-11-22,2023-05-10,https://www.ebi.ac.uk/pride/archive/projects/PXD038281
PXD038286,2,9,Define the interactome of IBTK by Affinity purification coupled with mass spectrometry (AP-MS) and proximity-dependent biotinylation identification (BioID) methods,PARTIAL,2022-11-22,2024-05-10,https://www.ebi.ac.uk/pride/archive/projects/PXD038286
PXD038307,2,10,The identification of phosphorylation sites of IBTK by shotgun proteomics,PARTIAL,2022-11-23,2024-05-10,https://www.ebi.ac.uk/pride/archive/projects/PXD038307
PXD038392,2,12,Identification of N-terminal SUMOylation of mouse cofilin-1 by IP-MS,COMPLETE,2022-11-26,2023-10-24,https://www.ebi.ac.uk/pride/archive/projects/PXD038392
PXD038411,2,2,Identification of Ubiquitination site of PAICS by LC-MS/MS,PARTIAL,2022-11-26,2023-10-06,https://www.ebi.ac.uk/pride/archive/projects/PXD038411
PXD038433,2,4,Mass spectrum analysis foe GPR54-interacting proteins.,PARTIAL,2022-11-27,2023-10-18,https://www.ebi.ac.uk/pride/archive/projects/PXD038433
PXD038523,2,3,Phytophthora capsici Phosphorylated Proteomics,PARTIAL,2022-12-04,2024-03-26,https://www.ebi.ac.uk/pride/archive/projects/PXD038523
PXD038631,2,4,Structure of Anabaena flos-aquae gas vesicles revealed by cryo-ET,PARTIAL,2022-12-07,2023-03-30,https://www.ebi.ac.uk/pride/archive/projects/PXD038631
PXD038653,2,7,Posttranslation modification of NF-kB inducing kinase,PARTIAL,2022-12-07,2023-03-10,https://www.ebi.ac.uk/pride/archive/projects/PXD038653
PXD038664,2,5,Gendering Prehistory Through Science. Women and Early Social Complexity in Copper Age Iberia.,COMPLETE,2022-12-07,2023-07-06,https://www.ebi.ac.uk/pride/archive/projects/PXD038664
PXD038838,2,5,EFNB1 level predicts therapeutic response in DLBCL cell lines LC-MSMS,PARTIAL,2022-12-15,2023-12-23,https://www.ebi.ac.uk/pride/archive/projects/PXD038838
PXD038909,2,21,Spatial lipidomic profiling of mouse joint tissue demonstrates the essential role of PHOSPHO1 in growth plate homeostasis,PARTIAL,2022-12-19,2023-04-19,https://www.ebi.ac.uk/pride/archive/projects/PXD038909
PXD038935,2,14,The structural basis of the multi-step allosteric activation of Aurora B kinase,PARTIAL,2022-12-19,2023-05-31,https://www.ebi.ac.uk/pride/archive/projects/PXD038935
PXD038944,2,6,Mouse embryonic stem cells LCMS-MS,PARTIAL,2022-12-19,2023-02-23,https://www.ebi.ac.uk/pride/archive/projects/PXD038944
PXD039012,2,3, Kinase Impaired BTK Mutations Are Susceptible to Clinical Stage BTK and IKZF1/3 Degrader NX-2127,PARTIAL,2022-12-21,2023-12-09,https://www.ebi.ac.uk/pride/archive/projects/PXD039012
PXD039125,2,5,PerTurboID of Plasmofium falciparum cytoadhesion complex,PARTIAL,2023-01-02,2023-09-21,https://www.ebi.ac.uk/pride/archive/projects/PXD039125
PXD039136,2,17,"Human,Embryonic Kidney Cells(293T-Vector/Flag-△50),LC-MSMS",PARTIAL,2023-01-02,2023-01-30,https://www.ebi.ac.uk/pride/archive/projects/PXD039136
PXD039138,2,7,Extracellular vesicles of probiotic microorganism Streptococcus salivarius,PARTIAL,2023-01-02,2023-05-24,https://www.ebi.ac.uk/pride/archive/projects/PXD039138
PXD039152,2,8,Mass spectrometry analysis of Extracellular vesicles derived from naive HUVEc cells or ZIKV-infected HUVEc cells,PARTIAL,2023-01-02,2023-01-19,https://www.ebi.ac.uk/pride/archive/projects/PXD039152
PXD039223,2,4,p27-affinity-purified mass spectrometry anslysis,PARTIAL,2023-01-03,2023-01-05,https://www.ebi.ac.uk/pride/archive/projects/PXD039223
PXD039280,2,6,Proteomics of Pulmonary alveolar microlithiasis nodules,PARTIAL,2023-01-05,2023-03-11,https://www.ebi.ac.uk/pride/archive/projects/PXD039280
PXD039300,2,3,Identification of the DNALI1 interactome from mouse testis to identify its role in spermatogenesis,PARTIAL,2023-01-06,2023-03-11,https://www.ebi.ac.uk/pride/archive/projects/PXD039300
PXD039321,2,12,Fe-S clusters-binding proteins in mitoribosome,COMPLETE,2023-01-09,2024-01-26,https://www.ebi.ac.uk/pride/archive/projects/PXD039321
PXD039324,2,6,Dose and route of administration determine the efficacy of prophylactic immunotherapy for peanut allergy in a Brown Norway rat model,COMPLETE,2023-01-09,2023-02-21,https://www.ebi.ac.uk/pride/archive/projects/PXD039324
PXD039383,2,7,A Comprehensive Analysis of the Genomic and Proteomic Profiles of a Megalocytivirus isolated from Larimichthys crocea,PARTIAL,2023-04-17,2025-02-25,https://www.ebi.ac.uk/pride/archive/projects/PXD039383
PXD039388,2,7,Tankyrase-1regulates RBP-mediated mRNA turnover to promotemuscle fiber formation.,PARTIAL,2023-01-13,2024-05-24,https://www.ebi.ac.uk/pride/archive/projects/PXD039388
PXD039395,2,4,Svf1-GFP pulldowns from Limar et al. 2023 JCB,COMPLETE,2023-01-13,2023-03-06,https://www.ebi.ac.uk/pride/archive/projects/PXD039395
PXD039472,2,13,Ninety-six–hour starved peripheral blood mononuclear cell supernatant inhibited LA7 breast cancer stem cells induced tumor,PARTIAL,2023-01-16,2023-02-21,https://www.ebi.ac.uk/pride/archive/projects/PXD039472
PXD039478,2,4,Enhanced Ca2+-channeling complex formation at the ER-mitochondria interface underlies the pathogenesis of alcohol-associated liver disease,COMPLETE,2023-01-16,2023-05-10,https://www.ebi.ac.uk/pride/archive/projects/PXD039478
PXD039630,2,4,In-depth proteomic analysis of paraffin-embedded tissue samples from colorectal cancer patients revealed TXNDC17 and SLC8A1 as key proteins associated to the disease.,PARTIAL,2023-01-24,2025-05-04,https://www.ebi.ac.uk/pride/archive/projects/PXD039630
PXD039644,2,4,Fibrillar osteoid niche mimicry through inclusion of visco-elastic and topographical cues,PARTIAL,2023-01-25,2024-03-13,https://www.ebi.ac.uk/pride/archive/projects/PXD039644
PXD039664,2,4,Tetraspanin 4 stabilizes membrane swellings and facilitates their maturation into migrasomes,PARTIAL,2023-01-25,2023-01-29,https://www.ebi.ac.uk/pride/archive/projects/PXD039664
PXD039704,2,3,"UBE2O targets a novel substrate IFIT3 for ubiquitination and degradation, impeding the interferon pathway activation and interferon sensitization in hepatocellular carcinoma",PARTIAL,2023-01-27,2024-01-26,https://www.ebi.ac.uk/pride/archive/projects/PXD039704
PXD039711,2,3,"UBE2O targets a novel substrate IFIT3 for ubiquitination and degradation, impeding the interferon pathway activation and interferon sensitization in hepatocellular carcinoma",PARTIAL,2023-01-27,2024-01-26,https://www.ebi.ac.uk/pride/archive/projects/PXD039711
PXD039716,2,3,validation of the purified sCM12 protein from Pfs230,PARTIAL,2023-01-27,2025-10-30,https://www.ebi.ac.uk/pride/archive/projects/PXD039716
PXD039780,2,12,Identification of proteins crosslinked to lysosomal sphingosine and cholesterol probes,PARTIAL,2023-02-01,2023-02-07,https://www.ebi.ac.uk/pride/archive/projects/PXD039780
PXD039847,2,14,Bottom-up Proteomics of Saliva in Autoimmune Hepatitis and Primary Biliary Cholangitis,PARTIAL,2023-02-03,2023-10-24,https://www.ebi.ac.uk/pride/archive/projects/PXD039847
PXD039889,2,6,Characterization of secreted feimin by LC-MS/MS,PARTIAL,2023-02-06,2024-10-10,https://www.ebi.ac.uk/pride/archive/projects/PXD039889
PXD039984,2,4,Mining the human gut microbiome identifies mycobacterial D-arabinan degrading enzymes,PARTIAL,2023-02-09,2023-03-24,https://www.ebi.ac.uk/pride/archive/projects/PXD039984
PXD039993,2,11,Charge site manipulation to enhance top-down fragmentation efficiency,PARTIAL,2023-02-09,2023-06-27,https://www.ebi.ac.uk/pride/archive/projects/PXD039993
PXD040154,2,12,Phycocyanin-Allophycocyanin LC-MSMS,PARTIAL,2023-02-16,2023-05-10,https://www.ebi.ac.uk/pride/archive/projects/PXD040154
PXD040165,2,5,Evaluation of EVE peptidome presentation on B16 cell line and tumors,PARTIAL,2023-02-16,2025-03-21,https://www.ebi.ac.uk/pride/archive/projects/PXD040165
PXD040180,2,6,Expression of spider silk in tobacco improves drought tolerance with minimal effects on its mechanotype,COMPLETE,2023-02-16,2025-05-06,https://www.ebi.ac.uk/pride/archive/projects/PXD040180
PXD040199,2,4,TUBA1C: a new potential target of LncRNA EGFR-AS1 promotes gastric cancer progression,PARTIAL,2023-02-16,2023-05-10,https://www.ebi.ac.uk/pride/archive/projects/PXD040199
PXD040200,2,5,KK-LC-1 as a feasible therapeutic target to eliminate ALDH+ stem cells in triple negative breast cancer,PARTIAL,2023-02-16,2023-04-12,https://www.ebi.ac.uk/pride/archive/projects/PXD040200
PXD040227,2,6,Membranes prime the RapGEF EPAC1 to transduce cAMP signaling,PARTIAL,2023-02-17,2023-04-07,https://www.ebi.ac.uk/pride/archive/projects/PXD040227
PXD040281,2,7,A standardized and reproducible workflow for membrane glass slides in routine histology and spatial proteomics,PARTIAL,2023-02-20,2023-10-24,https://www.ebi.ac.uk/pride/archive/projects/PXD040281
PXD040426,2,6,Identificaiton of novel acetylation sites in UHRF1 mediated by acetyltransferase MOF,PARTIAL,2023-02-27,2024-03-06,https://www.ebi.ac.uk/pride/archive/projects/PXD040426
PXD040439,2,3,PQBP1-associated proteins spectrums in HEK-293 cells,PARTIAL,2023-02-27,2023-03-16,https://www.ebi.ac.uk/pride/archive/projects/PXD040439
PXD040524,2,4,Pooled CRISPR Screening Identifies P-Bodies as Repressors of Cancer Epithelial-Mesenchymal Transition,PARTIAL,2023-03-01,2023-12-22,https://www.ebi.ac.uk/pride/archive/projects/PXD040524
PXD040547,2,4,Tissue-specific O-GlcNAcylation profiling reveals enrichment of ribosomal substrates in Drosophila mushroom body critical for associative learning,PARTIAL,2023-03-02,2024-04-10,https://www.ebi.ac.uk/pride/archive/projects/PXD040547
PXD040551,2,64,Milk protein based cryogel monoliths as novel encapsulant of probiotic bacteria. Part II: L. rhamnosus GG storage stability and bioactivity under in vitro digestion,COMPLETE,2023-03-02,2023-08-18,https://www.ebi.ac.uk/pride/archive/projects/PXD040551
PXD040733,2,6,cryo-EM study of human liver cell lysate,PARTIAL,2023-03-09,2024-01-26,https://www.ebi.ac.uk/pride/archive/projects/PXD040733
PXD040739,2,4,Ritual revealed: psychotropic substances in a Ptolemaic Egyptian vase,PARTIAL,2023-03-10,2024-02-26,https://www.ebi.ac.uk/pride/archive/projects/PXD040739
PXD040806,2,3,DNA polymerase POLD1 promotes proliferation and metastasis of bladder cancer by stabilizing MYC,PARTIAL,2023-03-13,2023-03-29,https://www.ebi.ac.uk/pride/archive/projects/PXD040806
PXD040810,2,4,"Msh2 depletion impairs cell differentiation, proliferation and metabolism in esophageal organoids",PARTIAL,2023-03-13,2026-09-21,https://www.ebi.ac.uk/pride/archive/projects/PXD040810
PXD040847,2,10,Altered profile of glycosylated proteins in serum samples obtained from patients with Hashimoto′s thyroiditis following depletion of highly abundant proteins,PARTIAL,2023-03-14,2023-06-22,https://www.ebi.ac.uk/pride/archive/projects/PXD040847
PXD040893,2,5,Unbiased mapping of the MCU interactome,PARTIAL,2023-03-15,2024-09-30,https://www.ebi.ac.uk/pride/archive/projects/PXD040893
PXD041040,2,6,A Treg specific long non-coding RNA maintains immune-metabolic homeostasis in ageing liver,PARTIAL,2023-03-23,2023-05-18,https://www.ebi.ac.uk/pride/archive/projects/PXD041040
PXD041043,2,8,Stabilization of Pin1 by USP34 promotes Ubc9 isomerization and protein sumoylation in glioma stem cells to augment glioblastoma malignancy,PARTIAL,2023-03-23,2024-01-26,https://www.ebi.ac.uk/pride/archive/projects/PXD041043
PXD041051,2,4,mouse intestinal crypt AP-MS for proteins that binding circDmbt1,PARTIAL,2023-03-23,2026-02-09,https://www.ebi.ac.uk/pride/archive/projects/PXD041051
PXD041053,2,14,A lncRNA from the FTO locus acts as an inhibitor of the m6A writer complex and p53 tumor suppression signaling,COMPLETE,2023-03-23,2024-08-09,https://www.ebi.ac.uk/pride/archive/projects/PXD041053
PXD041103,2,7,The sulfonic-containing peptides (at C281) from trypsin-treated Orf1 in H218O.,COMPLETE,2023-03-25,2023-05-10,https://www.ebi.ac.uk/pride/archive/projects/PXD041103
PXD041105,2,7,Mass spectrometric analyses of the oxidation state of Cys281 in peptide fragment.,COMPLETE,2023-03-25,2023-05-10,https://www.ebi.ac.uk/pride/archive/projects/PXD041105
PXD041135,2,7,Two-factor authentication underpins the precision of piRNA-directed LINE1 DNA methylation,PARTIAL,2023-03-27,2024-09-08,https://www.ebi.ac.uk/pride/archive/projects/PXD041135
PXD041141,2,13,"SETD5 regulates the OGT-catalyzed O-GlcNAcylation of RNA polymerase II, which is involved in the stemness of colorectal cancer cells",PARTIAL,2023-03-28,2023-11-16,https://www.ebi.ac.uk/pride/archive/projects/PXD041141
PXD041183,2,6,MHZ9 binding proteins identified by MHZ9-GFP IP-MS,PARTIAL,2023-03-29,2023-07-20,https://www.ebi.ac.uk/pride/archive/projects/PXD041183
PXD041202,2,5,Mitochondria proteomics of murine kidney podocytes,PARTIAL,2023-03-30,2024-02-08,https://www.ebi.ac.uk/pride/archive/projects/PXD041202
PXD041218,2,142,Progresses and challenges of Strongyloides spp. proteomics,PARTIAL,2023-03-30,2024-01-26,https://www.ebi.ac.uk/pride/archive/projects/PXD041218
PXD041335,2,5,Mistranslation of the genetic code by a new family of bacterial transfer RNAs,COMPLETE,2023-04-04,2023-10-24,https://www.ebi.ac.uk/pride/archive/projects/PXD041335
PXD041350,2,3,Count Dracula Resurrected: Proteomic Analysis of Vlad III the Impaler’s Documents by EVA Technology and Mass Spectrometry,PARTIAL,2023-04-05,2023-08-23,https://www.ebi.ac.uk/pride/archive/projects/PXD041350
PXD041514,2,5,LINC00955 Suppresses Colorectal Cancer Growth by Acting as a Molecular Scaffold of TRIM25 and Sp1 to Inhibit DNMT3B-mediated Methylation of the PHIP Promoter-nanoLC­MS/MS analysis,PARTIAL,2023-04-13,2023-10-24,https://www.ebi.ac.uk/pride/archive/projects/PXD041514
PXD041561,2,9,Proteome screening of Bacillus cereus derived extracellular vesicles,PARTIAL,2023-04-16,2023-07-20,https://www.ebi.ac.uk/pride/archive/projects/PXD041561
PXD041665,2,4,Multi-omics and 3D-imaging reveal bone heterogeneity and unique calvaria cells in in mice and humans,PARTIAL,2023-04-20,2023-07-29,https://www.ebi.ac.uk/pride/archive/projects/PXD041665
PXD041687,2,6,SLMAP3 protein interactions in e12.5 mouse brains,COMPLETE,2023-04-20,2024-10-02,https://www.ebi.ac.uk/pride/archive/projects/PXD041687
PXD041763,2,3,"HEK293T cells were transfected with Flag-tagged NLRP3 treated with or without nigericin (10 μM, 1 h).",PARTIAL,2023-04-24,2023-11-25,https://www.ebi.ac.uk/pride/archive/projects/PXD041763
PXD041913,2,14,A Peptidisc-based Survey of the Plasma Membrane Proteome of a Mammalian Cell,PARTIAL,2023-05-01,2023-10-24,https://www.ebi.ac.uk/pride/archive/projects/PXD041913
PXD041994,2,4,Streptomyces secondary metabolism,COMPLETE,2023-05-04,2024-01-04,https://www.ebi.ac.uk/pride/archive/projects/PXD041994
PXD042008,2,4,Identification of AF9-associated proteins by IP and mass spectrometry,PARTIAL,2023-05-05,2024-10-17,https://www.ebi.ac.uk/pride/archive/projects/PXD042008
PXD042019,2,4,Streptomyces secondary metaboites - strain M1,COMPLETE,2023-05-05,2024-01-04,https://www.ebi.ac.uk/pride/archive/projects/PXD042019
PXD042075,2,5,Cardiac Myofibrillogenesis is Spatiotemporally Modulated by the Molecular Chaperone UNC45B,PARTIAL,2023-05-09,2023-10-24,https://www.ebi.ac.uk/pride/archive/projects/PXD042075
PXD042090,2,4,Cas1-Cas2 and DnaK physically and functionally interact to modulate CRISPR Adaptation,PARTIAL,2023-05-09,2023-05-18,https://www.ebi.ac.uk/pride/archive/projects/PXD042090
PXD042129,2,5,Target Identification of Lagunamide A,PARTIAL,2023-05-10,2024-06-09,https://www.ebi.ac.uk/pride/archive/projects/PXD042129
PXD042152,2,4,human nucleus pulposus cell LC-MS/MS,PARTIAL,2023-05-11,2023-10-24,https://www.ebi.ac.uk/pride/archive/projects/PXD042152
PXD042178,2,3,Structural and mechanistic insights into the CAND1-mediated SCF substrate receptor exchange,PARTIAL,2023-05-12,2023-09-18,https://www.ebi.ac.uk/pride/archive/projects/PXD042178
PXD042572,2,3,The effect of inhibition of receptor tyrosine kinase AXL on DNA damage response in ovarian cancer,PARTIAL,2023-05-31,2023-06-22,https://www.ebi.ac.uk/pride/archive/projects/PXD042572
PXD042580,2,5,DBR1 Interactors Identification Mass Spectrometry Analysis,PARTIAL,2023-05-31,2024-08-10,https://www.ebi.ac.uk/pride/archive/projects/PXD042580
PXD042601,2,4,Benefits of FAIMS to improve the proteome coverage of hard-to-analyze TMT 10-plex FFPE tissue and plasma-derived exosomes samples,PARTIAL,2023-06-01,2024-01-26,https://www.ebi.ac.uk/pride/archive/projects/PXD042601
PXD042682,2,7,Proteomics and bioinformatics investigations to improve serological diagnosis of canine brucellosis,COMPLETE,2023-06-02,2023-10-24,https://www.ebi.ac.uk/pride/archive/projects/PXD042682
PXD042685,2,3,PSGL-1 N-terminal O-glycosylation,PARTIAL,2023-06-02,2023-07-27,https://www.ebi.ac.uk/pride/archive/projects/PXD042685
PXD042858,2,4,The structural mechanism of MCIA complex assembly links mitochondrial redox pathways,PARTIAL,2023-06-09,2023-12-13,https://www.ebi.ac.uk/pride/archive/projects/PXD042858
PXD042863,2,6,A microbial platform to produce recyclable plastics with customizable physical properties,COMPLETE,2023-06-09,2026-05-25,https://www.ebi.ac.uk/pride/archive/projects/PXD042863
PXD042874,2,4,Functional proteomics characterization of the role of SPRYD7 in colorectal cancer progression and metastasis,PARTIAL,2023-06-11,2024-01-26,https://www.ebi.ac.uk/pride/archive/projects/PXD042874
PXD042897,2,12,Analysis of Efg1 co-purifying proteins,COMPLETE,2023-06-12,2023-11-27,https://www.ebi.ac.uk/pride/archive/projects/PXD042897
PXD042914,2,4,Dimeric IgA specifically disables intracellular mutated oncodrivers,PARTIAL,2023-06-12,2025-05-06,https://www.ebi.ac.uk/pride/archive/projects/PXD042914
PXD042935,2,3,Deubiquitination of CDC6 by OTUD6A promotes tumour progression and chemoresistance,PARTIAL,2023-06-13,2024-05-24,https://www.ebi.ac.uk/pride/archive/projects/PXD042935
PXD043087,2,3,ANGPTL4 binds to leptin receptor to regulate ectopic bone formation and fat metabolism,PARTIAL,2023-06-19,2024-07-03,https://www.ebi.ac.uk/pride/archive/projects/PXD043087
PXD043100,2,4,CCAR-1 regulates the alternative splicing of multiple genes in Caenorhabditis elegans,PARTIAL,2023-06-19,2024-02-26,https://www.ebi.ac.uk/pride/archive/projects/PXD043100
PXD043192,2,7,Identification of TMEM106B-binding proteins in mouse brain,PARTIAL,2023-06-22,2024-08-06,https://www.ebi.ac.uk/pride/archive/projects/PXD043192
PXD043229,2,3,"Viruses antagonise expression and function of cGAMP transporters, channels and pores",PARTIAL,2023-06-23,2024-04-15,https://www.ebi.ac.uk/pride/archive/projects/PXD043229
PXD043292,2,4,Human pancreatic cancer LC-MSMS,PARTIAL,2023-06-26,2024-05-30,https://www.ebi.ac.uk/pride/archive/projects/PXD043292
PXD043302,2,5,Immunoprecipitation of the Dopey paralog TTHERM_00758980 from Tetrahymena thermophila,PARTIAL,2023-06-26,2023-11-21,https://www.ebi.ac.uk/pride/archive/projects/PXD043302
PXD043393,2,14,Dietary Laminaria digitata and enzymatic supplementation on the ileum function on weaned piglets: a combined proteomics and metabolomics analysis,COMPLETE,2023-06-29,2023-09-29,https://www.ebi.ac.uk/pride/archive/projects/PXD043393
PXD043394,2,13,Integrated transcriptomics and proteomics analysis reveals muscle metabolism effects of dietary Ulva lactuca and ulvan lyase supplementation in weaned piglets,COMPLETE,2023-06-29,2024-02-27,https://www.ebi.ac.uk/pride/archive/projects/PXD043394
PXD043463,2,6,The phosphatase DUSP22/JKAP inhibits UBR2-mediated K63-ubiquitination and  activation of Lck in TCR signaling,PARTIAL,2023-07-03,2024-01-04,https://www.ebi.ac.uk/pride/archive/projects/PXD043463
PXD043490,2,6,The phosphatase DUSP22/JKAP inhibits UBR2-mediated K63-ubiquitination and  activation of Lck in TCR signaling,PARTIAL,2023-07-03,2024-01-04,https://www.ebi.ac.uk/pride/archive/projects/PXD043490
PXD043500,2,5,in vitro kinase assays Identified of STAT1 phosphorylation sites-mediated LATS2,PARTIAL,2023-07-03,2024-06-16,https://www.ebi.ac.uk/pride/archive/projects/PXD043500
PXD043520,2,16,Physiological implications of dietary inclusion of the algae Laminaria digitata on the weaned piglet: a combined proteomics and metabolomics approach,COMPLETE,2023-07-04,2024-01-05,https://www.ebi.ac.uk/pride/archive/projects/PXD043520
PXD043535,2,5,Immunoprecipitation results against SmD2,PARTIAL,2023-07-04,2024-07-03,https://www.ebi.ac.uk/pride/archive/projects/PXD043535
PXD043563,2,6,VCF1 is a p97/VCP cofactor promoting recognition of ubiquitylated p97-UFD1-NPL4 substrates,PARTIAL,2023-07-05,2024-03-14,https://www.ebi.ac.uk/pride/archive/projects/PXD043563
PXD043664,2,4,KAT7 interaction in response to DNA damage LC-MS/MS analysis,PARTIAL,2023-07-11,2024-12-12,https://www.ebi.ac.uk/pride/archive/projects/PXD043664
PXD043674,2,7,HRD1 IP-MS in WT and SEL1L deficiency HEK293T cells,PARTIAL,2023-07-11,2024-01-10,https://www.ebi.ac.uk/pride/archive/projects/PXD043674
PXD043675,2,7,Mass spec analysis of the sequences of proteins snFPITE-n1 and snFPITE-n2 from Sipunculus nudus,PARTIAL,2023-07-11,2025-04-03,https://www.ebi.ac.uk/pride/archive/projects/PXD043675
PXD043706,2,4,Identification of OsSGS3a-FLAG-interacting proteins by IP-MS/MS,PARTIAL,2023-07-12,2023-08-02,https://www.ebi.ac.uk/pride/archive/projects/PXD043706
PXD043731,2,4,TDP-43 forms amyloid filaments with a distinct fold in type A FTLD-TDP,PARTIAL,2023-07-12,2023-08-25,https://www.ebi.ac.uk/pride/archive/projects/PXD043731
PXD043741,2,4,Proteomics of larval secreted proteins for Leptopilina boulardi and Leptopilina heterotoma,PARTIAL,2023-07-13,2023-07-25,https://www.ebi.ac.uk/pride/archive/projects/PXD043741
PXD043743,2,6,Identificaiton of DHX9 phosphorylation sites after UV,PARTIAL,2023-07-13,2023-10-27,https://www.ebi.ac.uk/pride/archive/projects/PXD043743
PXD043851,2,4,hnRNPR interactome in axons and soma of murine motoneurons,PARTIAL,2023-07-17,2024-08-22,https://www.ebi.ac.uk/pride/archive/projects/PXD043851
PXD043859,2,4,The IP-MS results of anti-strep and protein A/G in VdΔulpb/Strep-SUMO strain,PARTIAL,2023-07-18,2023-08-01,https://www.ebi.ac.uk/pride/archive/projects/PXD043859
PXD043863,2,3,Shotgun analysis of proteins co-immunoprecipitating with OCIAD1-FLAG,PARTIAL,2023-07-18,2024-11-08,https://www.ebi.ac.uk/pride/archive/projects/PXD043863
PXD043907,2,5,Identification of interactors in structure of the peroxisomal AAA ATPase Pex1/Pex6,PARTIAL,2023-07-19,2023-10-24,https://www.ebi.ac.uk/pride/archive/projects/PXD043907
PXD043940,2,9,UMAD1 contributes to ESCRT-III dynamic subunit turnover during cytokinetic abscission,COMPLETE,2023-07-20,2023-08-04,https://www.ebi.ac.uk/pride/archive/projects/PXD043940
PXD043978,2,28,Delineation of signaling networks that underlie differences in macrophage phenotypic states,PARTIAL,2023-07-21,2025-11-24,https://www.ebi.ac.uk/pride/archive/projects/PXD043978
PXD043990,2,6,DNA damage induces nuclear envelope rupture through ATR-mediated phosphorylation of Lamin A/C - Synthetic Peptide,PARTIAL,2023-07-21,2023-10-09,https://www.ebi.ac.uk/pride/archive/projects/PXD043990
PXD043999,2,5,MHC peptidome analysis of HLA DQβ0603:DQα0103 proteins,PARTIAL,2023-07-22,2023-11-25,https://www.ebi.ac.uk/pride/archive/projects/PXD043999
PXD044086,2,4,Human lung cancer TMT-labeling LC-MS,PARTIAL,2023-07-26,2024-01-08,https://www.ebi.ac.uk/pride/archive/projects/PXD044086
PXD044161,2,6,Investigating the mechanism(s) underlying tryptamine and phenethylamine inhibition on insulin signaling,PARTIAL,2023-07-28,2023-10-24,https://www.ebi.ac.uk/pride/archive/projects/PXD044161
PXD044234,2,9,Informatics Component: Results from a Multi-Laboratory Ocean Metaproteomic Intercomparison: Effects of LC-MS Acquisition and Data Analysis Procedures,COMPLETE,2023-07-31,2024-05-30,https://www.ebi.ac.uk/pride/archive/projects/PXD044234
PXD044271,2,7,Candida albicans biofilm-derived extracellular vesicles,PARTIAL,2023-08-01,2023-11-23,https://www.ebi.ac.uk/pride/archive/projects/PXD044271
PXD044293,2,4,In vitro and In vivo Antimicrobial Potential of Lithium Complex against Multi Drug Resistant Acinetobacter baumannii,PARTIAL,2023-08-02,2023-09-22,https://www.ebi.ac.uk/pride/archive/projects/PXD044293
PXD044331,2,4,Live cell tracking of Niraparib off-targets using photo affinity labelling,PARTIAL,2023-08-03,2025-05-06,https://www.ebi.ac.uk/pride/archive/projects/PXD044331
PXD044455,2,6,AP-MS with VAR2CSA and oncofetal chondroitin sulfate antibodies,PARTIAL,2023-08-08,2024-08-31,https://www.ebi.ac.uk/pride/archive/projects/PXD044455
PXD044470,2,45,The selfish yeast plasmid exploits a SWI/SNF-type chromatin remodeling complex for hitchhiking on chromosomes and ensuring high-fidelity propagation,PARTIAL,2023-08-09,2023-08-24,https://www.ebi.ac.uk/pride/archive/projects/PXD044470
PXD044477,2,5,Single cell spatial proteomics identifies JAK/STAT pathway as actionable therapeutic target in toxic epidermal necrolysis,PARTIAL,2023-08-10,2025-01-13,https://www.ebi.ac.uk/pride/archive/projects/PXD044477
PXD044588,2,9,Apical annuli are specialised sites of post-invasion secretion of dense granules in Toxoplasma,COMPLETE,2023-08-15,2024-01-25,https://www.ebi.ac.uk/pride/archive/projects/PXD044588
PXD044629,2,4,"hTERT mesenchymal stem cells (MSCs), Stem cells  EVs LC-MS/MS",PARTIAL,2023-08-18,2024-06-16,https://www.ebi.ac.uk/pride/archive/projects/PXD044629
PXD044718,2,4,sin-lncRNA interactors in senescent fibroblasts MS,PARTIAL,2023-08-22,2025-04-29,https://www.ebi.ac.uk/pride/archive/projects/PXD044718
PXD044720,2,17,tRNA-Leu(CAG) gene is conserved in most Saccharomycopsis yeast species but is non-essential and does not compete with tRNA-Ser(CAG) in translation Dataset 1B; S. capsularis Y-17639 WT Sporulation condition,COMPLETE,2023-08-22,2024-10-17,https://www.ebi.ac.uk/pride/archive/projects/PXD044720
PXD044743,2,7,Vittrup Man – the life-history of a genetic foreigner in Neolithic Denmark,PARTIAL,2023-08-22,2024-02-16,https://www.ebi.ac.uk/pride/archive/projects/PXD044743
PXD044753,2,4,DNA pulldown of PRDM16 promoter and measurement of LC/MS-MS,PARTIAL,2023-08-23,2025-07-14,https://www.ebi.ac.uk/pride/archive/projects/PXD044753
PXD044767,2,6,"How Myosin VI Traps its Off-State, is Activated and Dimerizes",PARTIAL,2023-08-23,2024-01-26,https://www.ebi.ac.uk/pride/archive/projects/PXD044767
PXD044817,2,5,The interactive proteins of G6PD immunoprecipitated via anti-flag beads in Huh7 cells,COMPLETE,2023-08-24,2025-05-06,https://www.ebi.ac.uk/pride/archive/projects/PXD044817
PXD044825,2,17,Integrated transcriptomics and proteomics analysis reveals muscle metabolism effects of dietary Ulva lactuca and ulvan lyase supplementation in weaned piglets,COMPLETE,2023-08-24,2025-02-05,https://www.ebi.ac.uk/pride/archive/projects/PXD044825
PXD044862,2,4,SART3 is a Novel Rme2s Reader studied by tandem MS,PARTIAL,2023-08-25,2024-10-17,https://www.ebi.ac.uk/pride/archive/projects/PXD044862
PXD044912,2,3,A Cytotoxic T Cell Inspired Oncolytic Nanosystem Promotes Lytic Cell Death by Lipid Peroxidation And Elicits Antitumor Immune Responses,PARTIAL,2023-08-28,2023-09-05,https://www.ebi.ac.uk/pride/archive/projects/PXD044912
PXD045019,2,7,HEXB-IP related mass spectrometry results related,PARTIAL,2023-09-01,2024-08-22,https://www.ebi.ac.uk/pride/archive/projects/PXD045019
PXD045069,2,3,Human liver cell line LO2 LC-MS/MS,PARTIAL,2023-09-04,2024-01-26,https://www.ebi.ac.uk/pride/archive/projects/PXD045069
PXD045212,2,10,HDX-MS analysis of IRGQ in the presence of GABARAP-L2 and LC3B,PARTIAL,2023-09-08,2024-11-26,https://www.ebi.ac.uk/pride/archive/projects/PXD045212
PXD045263,2,4,Proteomic Profiling of cFeimin Interaction Proteins,PARTIAL,2023-09-11,2024-10-10,https://www.ebi.ac.uk/pride/archive/projects/PXD045263
PXD045362,2,4,"Benefits of FAIMS to improve the proteome coverage of deteri-orated, and/or cross-linked TMT 10-plex FFPE tissue and plas-ma-derived exosomes samples",PARTIAL,2023-09-13,2024-01-26,https://www.ebi.ac.uk/pride/archive/projects/PXD045362
PXD045367,2,4,"Benefits of FAIMS to improve the proteome coverage of deteriorated, and/or cross-linked TMT 10-plex FFPE tissue and plas-ma-derived exosomes samples",PARTIAL,2023-09-13,2024-01-26,https://www.ebi.ac.uk/pride/archive/projects/PXD045367
PXD045404,2,4,Identification of Tufm-interacting proteins by IP-MS/MS,PARTIAL,2023-09-15,2026-03-02,https://www.ebi.ac.uk/pride/archive/projects/PXD045404
PXD045449,2,3,LC-MS/MS data of C2C12 cells treated with Naringenin,PARTIAL,2023-09-18,2026-01-26,https://www.ebi.ac.uk/pride/archive/projects/PXD045449
PXD045464,2,10,Unravelling the mechanism of neurotensin recognition by neurotensin receptor 1,PARTIAL,2023-09-18,2023-12-09,https://www.ebi.ac.uk/pride/archive/projects/PXD045464
PXD045485,2,3,GMPS promoting tumor immune evasion by regulating the glycosylation modification of PD-L1,PARTIAL,2023-09-19,2026-05-24,https://www.ebi.ac.uk/pride/archive/projects/PXD045485
PXD045506,2,5,Branched N-glycan of PD-L1 predicts immunotherapy responses in patients with recurrent/metastatic HNSCC,COMPLETE,2023-09-20,2025-05-06,https://www.ebi.ac.uk/pride/archive/projects/PXD045506
PXD045510,2,48,Flash proteotyping of microbial isolates by tandem mass spectrometry,COMPLETE,2023-09-20,2023-12-21,https://www.ebi.ac.uk/pride/archive/projects/PXD045510
PXD045526,2,4,Breast cancer risk SNPs converge on estrogen receptor binding sites commonly shared between breast tumors to locally alter estrogen signalling output,PARTIAL,2023-09-20,2024-05-22,https://www.ebi.ac.uk/pride/archive/projects/PXD045526
PXD045817,2,7,Mass spectrum analysis to identify the interacting protein of  LILRB1  in multiple myeloma cell ine ARP-1,PARTIAL,2023-09-29,2024-05-21,https://www.ebi.ac.uk/pride/archive/projects/PXD045817
PXD045820,2,8,Thermal proteome profilling in WT and CSE-/- MEF cells upon H2O2 treatment,PARTIAL,2023-09-29,2026-05-23,https://www.ebi.ac.uk/pride/archive/projects/PXD045820
PXD045828,2,5,Mitochondria proteomics of murine kidney podocytes,PARTIAL,2023-09-29,2024-02-08,https://www.ebi.ac.uk/pride/archive/projects/PXD045828
PXD045864,2,5,Dual-Probe Activity-Based Protein Profiling Reveals Site-Specific Binding Dynamics of EGFR-Directed Drugs,PARTIAL,2023-10-02,2024-10-17,https://www.ebi.ac.uk/pride/archive/projects/PXD045864
PXD045873,2,8,Candida albicans biofilm extracellular vesicles deliver candidalysin to epithelial cell membranes and induce host cell responses,COMPLETE,2023-10-03,2025-05-25,https://www.ebi.ac.uk/pride/archive/projects/PXD045873
PXD045891,2,4,Peptide fingerprinting of eluates obtained from phosphatase inhibitor beads (PIBs),PARTIAL,2023-10-04,2025-03-13,https://www.ebi.ac.uk/pride/archive/projects/PXD045891
PXD045918,2,4,Identification of YqfB enzyme expressed in colorectal cancer cell line HCT116 using LC-MS/MS proteomics,PARTIAL,2023-10-05,2024-01-26,https://www.ebi.ac.uk/pride/archive/projects/PXD045918
PXD045994,2,5,The marine diterpenes pseudopteroxazole (Ptx) and pseudopterosin G (PsG) target the integrity of the gram-positive cell wall,PARTIAL,2023-10-09,2024-01-04,https://www.ebi.ac.uk/pride/archive/projects/PXD045994
PXD046070,2,4,"A rapid, tag-free way to purify functional GPCRs",PARTIAL,2023-10-11,2024-05-22,https://www.ebi.ac.uk/pride/archive/projects/PXD046070
PXD046076,2,7,GlmS plays a key role in the virulence and biofilm formation ability of Staphylococcus aureus promoted by advanced glycation end products,PARTIAL,2023-10-12,2024-05-22,https://www.ebi.ac.uk/pride/archive/projects/PXD046076
PXD046130,2,3,Intact mass LC-MS analysis of Flu B HA1 and HA2 proteins,PARTIAL,2023-10-13,2025-05-06,https://www.ebi.ac.uk/pride/archive/projects/PXD046130
PXD046277,2,4,Pharmacological Targeting of Casein Kinase 1δ Suppresses Oncogenic NRAS-Driven Melanoma,PARTIAL,2023-10-21,2024-09-20,https://www.ebi.ac.uk/pride/archive/projects/PXD046277
PXD046319,2,7,Pathogenic phosphorylation of linear ubiquitin machinery causes inflammasome sensor degradation [Human],PARTIAL,2023-10-23,2025-08-08,https://www.ebi.ac.uk/pride/archive/projects/PXD046319
PXD046394,2,5,Finding TMEM55B phoshporylation site,PARTIAL,2023-10-25,2023-12-21,https://www.ebi.ac.uk/pride/archive/projects/PXD046394
PXD046610,2,4,Proteomics analysis of tibialis anterior muscle and descending thoracic aorta from Mustn1 whole-body knockout mice and wild-type littermates,PARTIAL,2023-11-02,2024-05-24,https://www.ebi.ac.uk/pride/archive/projects/PXD046610
PXD046704,2,20,Two paralogous PHD finger proteins participate in Paramecium tetraurelia's natural genome editing,PARTIAL,2023-11-06,2024-08-30,https://www.ebi.ac.uk/pride/archive/projects/PXD046704
PXD046737,2,4,Identification of O-GlcNAcylation sites of hemocyanin in Penaeus vannamei in response to pathogenic bacteria,PARTIAL,2023-11-07,2026-08-23,https://www.ebi.ac.uk/pride/archive/projects/PXD046737
PXD046742,2,3,SUZ12 immunoprecipitation followed by PRM of SUZ12 peptides to identify alternatively spliced isoforms of SUZ12 at the protein level.,PARTIAL,2023-11-07,2024-03-18,https://www.ebi.ac.uk/pride/archive/projects/PXD046742
PXD046748,2,9,Histone modification profile of Pristionchus pacificus,PARTIAL,2023-11-07,2024-03-14,https://www.ebi.ac.uk/pride/archive/projects/PXD046748
PXD046778,2,4,Ablation of integrin-mediated cell–collagen communication alleviates fibrosis,PARTIAL,2023-11-08,2023-11-08,https://www.ebi.ac.uk/pride/archive/projects/PXD046778
PXD046804,2,12,Facile metabolic reprogramming distinguishes mycobacterial adaptation to hypoxia and starvation:  The role of ketosis in starvation-induced persistence,PARTIAL,2023-11-09,2023-11-09,https://www.ebi.ac.uk/pride/archive/projects/PXD046804
PXD046838,2,3,Trinucleotide cap analogs with N6-adenosine modifications: interaction partners in HEK293F cell line,PARTIAL,2023-11-10,2024-03-08,https://www.ebi.ac.uk/pride/archive/projects/PXD046838
PXD046846,2,18,CD99 modulates the proteomic landscape of Ewing sarcoma cells and related-extracellular vesicles.,PARTIAL,2023-11-10,2024-05-22,https://www.ebi.ac.uk/pride/archive/projects/PXD046846
PXD046941,2,4,Landscape of protein-protein-interactions during hepatitis C virus assembly and release,PARTIAL,2023-11-14,2023-12-18,https://www.ebi.ac.uk/pride/archive/projects/PXD046941
PXD046944,2,6,NMDA glutamate receptor antagonist MK-801 induces proteome changes in adult human brain slices which are partially counteracted by haloperidol and clozapine,COMPLETE,2023-11-14,2024-02-06,https://www.ebi.ac.uk/pride/archive/projects/PXD046944
PXD047026,2,5,Divergent venom effectors correlate with ecological niche in neuropteran predators,PARTIAL,2023-11-16,2024-08-13,https://www.ebi.ac.uk/pride/archive/projects/PXD047026
PXD047037,2,24,Nanoparticles dysregulate the human placental sNanoparticles dysregulate the human placental secretome with consequences on angiogenesis and vascularizationecretome with consequences on angiogenesis and vascularization,PARTIAL,2023-11-17,2024-05-21,https://www.ebi.ac.uk/pride/archive/projects/PXD047037
PXD047066,2,6,Extracellular vesicles secreted from senescent cancer cells promote colorectal cancer progression through SERPINE1- LC­MS/MS analysis,PARTIAL,2023-11-19,2024-04-06,https://www.ebi.ac.uk/pride/archive/projects/PXD047066
PXD047152,2,4,H-NS LC-MS/MS of Edwardsiella piscicida,PARTIAL,2023-11-22,2024-05-24,https://www.ebi.ac.uk/pride/archive/projects/PXD047152
PXD047265,2,4,EEF1D stabilized by SRSF9 promotes colorectal cancer via enhancing the proliferation and metastasis,PARTIAL,2023-11-27,2024-05-02,https://www.ebi.ac.uk/pride/archive/projects/PXD047265
PXD047275,2,4,High resolution mass spectrometry analysis of P-fructose-labeled Tom22 peptides,PARTIAL,2023-11-27,2026-06-05,https://www.ebi.ac.uk/pride/archive/projects/PXD047275
PXD047327,2,6,Dual regulation of SLC25A39 by AFG3L2 and iron controls mitochondrial glutathione homeostasis,PARTIAL,2023-11-28,2025-03-19,https://www.ebi.ac.uk/pride/archive/projects/PXD047327
PXD047441,2,4,Induction of oxidative- and endoplasmic-reticulum-stress dependent apoptosis in pancreatic cancer cell lines by DDOST knockdown,COMPLETE,2023-12-01,2024-09-03,https://www.ebi.ac.uk/pride/archive/projects/PXD047441
PXD047447,2,4,Membrane Vesicles in Acidithiobacillia class extreme acidophiles: influence on collective behaviours of 'Fervidacidithiobacillus caldus',PARTIAL,2023-12-01,2023-12-30,https://www.ebi.ac.uk/pride/archive/projects/PXD047447
PXD047497,2,3,Identification of proteins in ribosomal fractions isolated from sporulating Bacillus subtilis,PARTIAL,2023-12-04,2024-07-17,https://www.ebi.ac.uk/pride/archive/projects/PXD047497
PXD047506,2,3,The novel pre-rRNA detection workflow “Riboprobing” identified a hitherto undescribed aberrant pre-rRNA,PARTIAL,2023-12-04,2025-04-29,https://www.ebi.ac.uk/pride/archive/projects/PXD047506
PXD047509,2,6,The chromatin factors SET-26 and HCF-1 oppose the histone deacetylase HDA-1 in longevity and gene regulation in C. elegans,PARTIAL,2023-12-04,2024-01-29,https://www.ebi.ac.uk/pride/archive/projects/PXD047509
PXD047542,2,8,Inhalation of ACE2-expressing lung spheroid cell exosomes provides prophylactic protection against SARS-CoV-2,COMPLETE,2023-12-05,2024-01-13,https://www.ebi.ac.uk/pride/archive/projects/PXD047542
PXD047547,2,17,The interaction between NLRP1 and oxidized TRX1 involves a transient disulfide bond: LC-MS/MS Dataset,PARTIAL,2023-12-05,2025-05-25,https://www.ebi.ac.uk/pride/archive/projects/PXD047547
PXD047594,2,4,FERONIA controls ABA-mediated seed germination via the regulation of the kinase activity of CARK1,PARTIAL,2023-12-07,2024-09-14,https://www.ebi.ac.uk/pride/archive/projects/PXD047594
PXD047608,2,5,FERONIA-mediated CC1 phosphorylation dynamically regulates cortical microtubule behavior and salt stress responses in Arabidopsis,PARTIAL,2023-12-07,2024-08-30,https://www.ebi.ac.uk/pride/archive/projects/PXD047608
PXD047619,2,5,From the fat body to the hemolymph: Profiling tick immune and storage proteins through transcriptomics and proteomics,PARTIAL,2023-12-07,2024-01-11,https://www.ebi.ac.uk/pride/archive/projects/PXD047619
PXD047640,2,5,Identification of interacting proteins with GPT1 in human colorectal cancer cell by LC-MS,PARTIAL,2023-12-08,2024-11-25,https://www.ebi.ac.uk/pride/archive/projects/PXD047640
PXD047656,2,5,LC-MS/MS of YfiD-interacting proteins in mammalian cells,PARTIAL,2023-12-08,2024-01-15,https://www.ebi.ac.uk/pride/archive/projects/PXD047656
PXD047693,2,4,HCC cell lines LC-MS/MS to identify PRMT3 interaction,PARTIAL,2023-12-11,2024-05-29,https://www.ebi.ac.uk/pride/archive/projects/PXD047693
PXD047696,2,5,Lokiarchaeum ossiferum B35 proteomic analysis,PARTIAL,2023-12-11,2024-04-11,https://www.ebi.ac.uk/pride/archive/projects/PXD047696
PXD047698,2,6,Identification of the FTO O-GlcNAcylation sites by LC-MS/MS,PARTIAL,2023-12-11,2025-07-13,https://www.ebi.ac.uk/pride/archive/projects/PXD047698
PXD047758,2,5,Analysis of fluorophore-labeled human cytochrome b5,PARTIAL,2023-12-12,2024-06-22,https://www.ebi.ac.uk/pride/archive/projects/PXD047758
PXD047834,2,8,Endogenous aryl hydrocarbon receptor ligands-dysregulated phosphoproteomes and proteomes in human fetal endothelial cells,COMPLETE,2023-12-14,2025-02-10,https://www.ebi.ac.uk/pride/archive/projects/PXD047834
PXD047873,2,3,A CTL-inspired Killing System Reveals Ultralow-dose Chemotherapy is Sufficient for Inducing a Pyroptosis-mediated Antitumour Immune Function,PARTIAL,2023-12-17,2024-02-23,https://www.ebi.ac.uk/pride/archive/projects/PXD047873
PXD047897,2,4,Dysregulation of FLVCR1-dependent mitochondrial calcium handling in neural stem cells causes congenital hydrocephalus.,PARTIAL,2023-12-18,2024-08-09,https://www.ebi.ac.uk/pride/archive/projects/PXD047897
PXD047927,2,4,Invasion strategy of pathogenic bacteria is reinforced by a MARTX toxin effector duet,PARTIAL,2023-12-19,2024-07-05,https://www.ebi.ac.uk/pride/archive/projects/PXD047927
PXD047930,2,5,FXR controls gene expression independently of RXR at non-canonical response elements,PARTIAL,2023-12-19,2024-11-12,https://www.ebi.ac.uk/pride/archive/projects/PXD047930
PXD047939,2,8,Efficiency of acetate-based isopropanol synthesis in Escherichia coli W is controlled by ATP availability,PARTIAL,2023-12-19,2024-10-17,https://www.ebi.ac.uk/pride/archive/projects/PXD047939
PXD047996,2,6,Autophosphorylation of Tousled-like kinases (TLK1 and TLK2) regulates recruitment to damaged chromatin via PCNA interaction (Tandem Affinity Purification coupled to LC-MS/MS of SFB-TLK1 WT and TLK2 WT),COMPLETE,2023-12-20,2025-01-02,https://www.ebi.ac.uk/pride/archive/projects/PXD047996
PXD048032,2,4,The raw interactomic data of overexpressing hCDK3 in mouse hippocampus,PARTIAL,2023-12-21,2025-10-27,https://www.ebi.ac.uk/pride/archive/projects/PXD048032
PXD048176,2,8,A metabolite sensor subunit of the Atg1/ULK complex regulates selective autophagy; whole cell proteome,PARTIAL,2023-12-30,2023-12-31,https://www.ebi.ac.uk/pride/archive/projects/PXD048176
PXD048203,2,8,Identification of recombinant HupS protein in vitro acetylation extent,PARTIAL,2024-01-02,2024-06-03,https://www.ebi.ac.uk/pride/archive/projects/PXD048203
PXD048215,2,6,Autophosphorylation of Tousled-like kinases (TLK1 and TLK2) regulates recruitment to damaged chromatin via PCNA interaction (Tandem Affinity Purification coupled to LC-MS/MS of SFB-TLK1 133-208 and 133-208 Y149A F150A),COMPLETE,2024-01-03,2025-01-02,https://www.ebi.ac.uk/pride/archive/projects/PXD048215
PXD048249,2,15,S phase proteome of deubiquitylase Ubp10,PARTIAL,2024-01-04,2024-08-12,https://www.ebi.ac.uk/pride/archive/projects/PXD048249
PXD048265,2,4,Human 293T FLAG-ZNF408 associated complex,PARTIAL,2024-01-05,2024-06-26,https://www.ebi.ac.uk/pride/archive/projects/PXD048265
PXD048311,2,7,HDX-MS Analysis of Conformation Selection by ATP-competitive Inhibitors and Allosteric Communication in ERK2,PARTIAL,2024-01-08,2024-03-20,https://www.ebi.ac.uk/pride/archive/projects/PXD048311
PXD048312,2,3,Identification TCF7L2 RNA binding proteins by LC-MS,PARTIAL,2024-01-08,2025-01-13,https://www.ebi.ac.uk/pride/archive/projects/PXD048312
PXD048451,2,20,Treachery of hepatic protector triggers Notch signaling to promote hepatocyte-originated cholangiocarcinoma,PARTIAL,2024-01-11,2025-08-25,https://www.ebi.ac.uk/pride/archive/projects/PXD048451
PXD048470,2,3,Chromatin-bound proteins co-localized with CTCF during mES cell neuronal differentiation,PARTIAL,2024-01-11,2025-06-13,https://www.ebi.ac.uk/pride/archive/projects/PXD048470
PXD048476,2,6,FOLR1-interacting proteins in neurulating Xenopus laevis embryos,COMPLETE,2024-01-11,2024-02-26,https://www.ebi.ac.uk/pride/archive/projects/PXD048476
PXD048521,2,9,Biodegradation of fipronil by Pseudomonas sp. FIP_A4,COMPLETE,2024-01-13,2024-02-19,https://www.ebi.ac.uk/pride/archive/projects/PXD048521
PXD048540,2,3,Ubiquitylation-omics analysis on WWP2 overexpressed mouse tubular epithelial cells (MPTCs),PARTIAL,2024-01-15,2025-06-08,https://www.ebi.ac.uk/pride/archive/projects/PXD048540
PXD048563,2,5,Genome-wide screens identify SEL1L as an intracellular rheostat controlling collagen turnover,PARTIAL,2024-01-15,2024-05-22,https://www.ebi.ac.uk/pride/archive/projects/PXD048563
PXD048600,2,4,Parallel genetic excisions of the cardiac troponin I N-terminal extension in tachycardic mammals,PARTIAL,2024-01-16,2024-07-19,https://www.ebi.ac.uk/pride/archive/projects/PXD048600
PXD048625,2,8,The cross-linking mass spectrometry (CX-MS) results of Human TIP60 complex (hTIP60),PARTIAL,2024-01-17,2024-07-11,https://www.ebi.ac.uk/pride/archive/projects/PXD048625
PXD048686,2,3,Identification of the cellular component interacted with F. nucleatum.,PARTIAL,2024-01-18,2024-01-25,https://www.ebi.ac.uk/pride/archive/projects/PXD048686
PXD048694,2,3,INTS6-SOSS1 complex facilitates DNA:RNA hybrid autoregulation at double- strand breaks,PARTIAL,2024-01-18,2025-05-06,https://www.ebi.ac.uk/pride/archive/projects/PXD048694
PXD048710,2,4,Establishment and characterization of a 3D model culture system of primary human ovarian cells: Silk-Ovarioids,PARTIAL,2024-01-19,2025-08-25,https://www.ebi.ac.uk/pride/archive/projects/PXD048710
PXD048727,2,3,Malonylation of Nucleolin Promotes Cell Proliferation in Hepatocarcinoma cells by enhancing AKT translation,PARTIAL,2024-01-20,2025-05-06,https://www.ebi.ac.uk/pride/archive/projects/PXD048727
PXD048763,2,13,Bacterial stigmasterol degradation involving radical flavin delta-24 desaturase and molybdenum-dependent C26 hydroxylase,COMPLETE,2024-01-22,2024-05-21,https://www.ebi.ac.uk/pride/archive/projects/PXD048763
PXD048859,2,18,Mass spectrum for identifying the interacting proteins of telomerase reverse transcriptase,PARTIAL,2024-01-25,2024-01-26,https://www.ebi.ac.uk/pride/archive/projects/PXD048859
PXD048864,2,4,Evaluation of cerebrospinal fluid (CSF) and interstitial fluid (ISF) mouse proteomes for the validation and description of Alzheimer's disease biomarkers,PARTIAL,2024-01-25,2024-08-28,https://www.ebi.ac.uk/pride/archive/projects/PXD048864
PXD048873,2,3,Cornified tooth of the lamprey compared to its trunk skin,PARTIAL,2024-01-25,2024-05-21,https://www.ebi.ac.uk/pride/archive/projects/PXD048873
PXD048874,2,6,Extracellular vesicles of Lactiplantibacillus plantarum PCM 2675,PARTIAL,2024-01-25,2024-11-07,https://www.ebi.ac.uk/pride/archive/projects/PXD048874
PXD048876,2,6,Extracellular vesicles of Lacticaseibacillus rhamnosus PCM 489,PARTIAL,2024-01-25,2024-11-07,https://www.ebi.ac.uk/pride/archive/projects/PXD048876
PXD049048,2,13,Conserved phosphorylation mechanism regulates the interaction between the Cdc45-MCM2-7-GINS (CMG) replicative helicase complex and its forked DNA substrate,COMPLETE,2024-01-31,2025-03-31,https://www.ebi.ac.uk/pride/archive/projects/PXD049048
PXD049049,2,18,Conserved phosphorylation mechanism regulates the interaction between the Cdc45-MCM2-7-GINS (CMG) replicative helicase complex and its forked DNA substrate,COMPLETE,2024-01-31,2025-03-31,https://www.ebi.ac.uk/pride/archive/projects/PXD049049
PXD049110,2,4,"Sequential Glycosylations at the Multibasic Cleavage Site of SARS-CoV-2 Spike Protein Regulate Viral Activation, Assembly, and Infection",PARTIAL,2024-02-02,2024-03-21,https://www.ebi.ac.uk/pride/archive/projects/PXD049110
PXD049224,2,7,NME3 is a gatekeeper for DRP1-dependent mitophagy in hypoxia,PARTIAL,2024-02-07,2026-02-23,https://www.ebi.ac.uk/pride/archive/projects/PXD049224
PXD049238,2,5,"COLD6-OSM1 module senses chilling for the tolerance via 2',3'-cAMP signal in rice",PARTIAL,2024-02-07,2024-11-02,https://www.ebi.ac.uk/pride/archive/projects/PXD049238
PXD049246,2,6,HelQ-BioID2 experiment to discover novel protein interactants of HelQ,PARTIAL,2024-02-07,2025-05-06,https://www.ebi.ac.uk/pride/archive/projects/PXD049246
PXD049277,2,5,Characterization of Bovine Leukemia Virus Env protein soluble ectodomain expressed in Drosophila S2 cells,PARTIAL,2024-02-08,2024-06-23,https://www.ebi.ac.uk/pride/archive/projects/PXD049277
PXD049301,2,9,Helical superstructures between amyloid and collagen VI in heart derived fibrils from a patient with Light Chain Amyloidosis,PARTIAL,2024-02-09,2024-07-02,https://www.ebi.ac.uk/pride/archive/projects/PXD049301
PXD049352,2,6,Photoreceptor-induced LHL4 protects photosystem II in Chlamydomonas reinhardtii,PARTIAL,2024-02-13,2025-01-28,https://www.ebi.ac.uk/pride/archive/projects/PXD049352
PXD049355,2,6,Bioresponsive pseudoGlucosinolates (psGSLs) release Isothiocyanates (ITCs) in the Presence of Nitroreductases,PARTIAL,2024-02-13,2026-09-06,https://www.ebi.ac.uk/pride/archive/projects/PXD049355
PXD049369,2,11,Helical superstructures between amyloid and collagen VI in heart derived fibrils from a patient with Light Chain Amyloidosis,PARTIAL,2024-02-14,2024-07-02,https://www.ebi.ac.uk/pride/archive/projects/PXD049369
PXD049409,2,5,O-GlcNAcylation of RUNX1 promotes its stability and PDGF-BB-mediated resistance to CDK4/6 inhibitors in breast cancer,PARTIAL,2024-02-15,2025-01-31,https://www.ebi.ac.uk/pride/archive/projects/PXD049409
PXD050062,2,5,Characterization of secreted Prxl2a in serum by LC-MS/MS,PARTIAL,2024-02-23,2024-09-17,https://www.ebi.ac.uk/pride/archive/projects/PXD050062
PXD050063,2,3,A Bioinspired Immunostimulatory System for Inducing Powerful Antitumor Immune Function by Directly Causing Plasma Membrane Rupture,PARTIAL,2024-02-23,2024-03-21,https://www.ebi.ac.uk/pride/archive/projects/PXD050063
PXD050135,2,3,Mouse cortex immunoprecipitation-mass spectrometry,PARTIAL,2024-02-26,2024-05-22,https://www.ebi.ac.uk/pride/archive/projects/PXD050135
PXD050141,2,3,Identification of novel KRT32-associated proteins in primary keratinocytes cells lysate by GST-KRT32 pulldown assays coupled with mass spectrometry.,PARTIAL,2024-02-26,2024-06-17,https://www.ebi.ac.uk/pride/archive/projects/PXD050141
PXD050160,2,5,Proteomic characterization of astrocyte-derived extracellular vesicles under hypoxia,PARTIAL,2024-02-26,2025-06-14,https://www.ebi.ac.uk/pride/archive/projects/PXD050160
PXD050214,2,7,Carrier protein-enabled host cell proteome analysis (CP-HCP) with integrated isobaric tag interference filtering,PARTIAL,2024-02-28,2026-01-12,https://www.ebi.ac.uk/pride/archive/projects/PXD050214
PXD050223,2,6,Affinity Purification of Arglu1 and Human Adenovirus B7 E1A-Associated Proteins,COMPLETE,2024-02-28,2024-05-13,https://www.ebi.ac.uk/pride/archive/projects/PXD050223
PXD050328,2,4,HDAC inhibitors activate lipid peroxidation and ferroptosis in gastric cancer,PARTIAL,2024-03-04,2024-05-21,https://www.ebi.ac.uk/pride/archive/projects/PXD050328
PXD050353,2,8,Untargeted virus identification in fecal samples from publicly available proteomes,COMPLETE,2024-03-05,2024-11-06,https://www.ebi.ac.uk/pride/archive/projects/PXD050353
PXD050355,2,8,Structural basis for antiepileptic drugs and botulinum neurotoxin recognition of SV2A,COMPLETE,2024-03-05,2024-06-23,https://www.ebi.ac.uk/pride/archive/projects/PXD050355
PXD050375,2,4,The transcriptional co-repressor Runx1t1 is essential for MYCN-driven neuroblastoma tumorigenesis,PARTIAL,2024-03-05,2024-08-10,https://www.ebi.ac.uk/pride/archive/projects/PXD050375
PXD050456,2,6,SYNTAXIN OF PLANTS 132 underpins secretion of cargoes associated with salicylic acid signaling and pathogen defense,PARTIAL,2024-03-07,2024-10-10,https://www.ebi.ac.uk/pride/archive/projects/PXD050456
PXD050522,2,4,Synechocystis sp.PCC6803  LC-MS/MS,PARTIAL,2024-03-11,2024-05-21,https://www.ebi.ac.uk/pride/archive/projects/PXD050522
PXD050603,2,6,GLS1 interactome in liver cells by IP followed by LC-MS/MS,PARTIAL,2024-03-13,2025-12-08,https://www.ebi.ac.uk/pride/archive/projects/PXD050603
PXD050617,2,5,Quantitative tyrosine phosphoproteomics of wild type and PTPRK KO tumour xenografts,PARTIAL,2024-03-14,2024-07-03,https://www.ebi.ac.uk/pride/archive/projects/PXD050617
PXD050648,2,7,Identification and characterization of a human MORC2 DNA binding region that is required for gene silencing,PARTIAL,2024-03-15,2025-05-13,https://www.ebi.ac.uk/pride/archive/projects/PXD050648
PXD050727,2,3,MCM8 interacts with DDX5 to promote R-loop resolution in primordial germ cells,PARTIAL,2024-03-18,2024-05-31,https://www.ebi.ac.uk/pride/archive/projects/PXD050727
PXD050744,2,4,PD-1/CD80+ small extracellular vesicles from immunocytes induce cold tumours featuring with enhanced adaptive immunosuppression,PARTIAL,2024-03-19,2024-06-22,https://www.ebi.ac.uk/pride/archive/projects/PXD050744
PXD050787,2,3,The Mass spectroscopy of Mouse CIC and CTC,PARTIAL,2024-03-20,2024-03-25,https://www.ebi.ac.uk/pride/archive/projects/PXD050787
PXD050818,2,6,HEK293 WT and ATP6AP1 knockout cells treated with and without mitochondrial translation inhibitors,PARTIAL,2024-03-20,2025-11-20,https://www.ebi.ac.uk/pride/archive/projects/PXD050818
PXD050844,2,3,PARP4 interacts with hnRNPM to regulate splicing during lung cancer progression,PARTIAL,2024-03-21,2024-04-02,https://www.ebi.ac.uk/pride/archive/projects/PXD050844
PXD050877,2,3,Targeted proteomic approach for quantification of Collagen type I and type III in formalin-fixed paraffin-embedded tissue,PARTIAL,2024-03-21,2024-04-01,https://www.ebi.ac.uk/pride/archive/projects/PXD050877
PXD050932,2,3,Macrophage WEE1 promotes atherosclerosis via directly phosphorylating NF-κB p65 subunit and inducing inflammatory response,PARTIAL,2024-03-24,2024-03-25,https://www.ebi.ac.uk/pride/archive/projects/PXD050932
PXD050958,2,4,Waddington revisited: Organ transformation by environmental disruption of protein integrity and epigenetic memory in Drosophila,PARTIAL,2024-03-25,2024-04-24,https://www.ebi.ac.uk/pride/archive/projects/PXD050958
PXD051064,2,3,Mass spectrometry identification of proteins pulled down by PHGDH,PARTIAL,2024-03-28,2024-05-20,https://www.ebi.ac.uk/pride/archive/projects/PXD051064
PXD051190,2,3,Multimodal HLA-I genotype regulation by human cytomegalovirus US10 and resulting surface patterning,PARTIAL,2024-04-04,2024-07-03,https://www.ebi.ac.uk/pride/archive/projects/PXD051190
PXD051193,2,4,"LC-MS anallysis of immunoprecipitated HLA class I antigen, Tan",PARTIAL,2024-04-04,2024-08-08,https://www.ebi.ac.uk/pride/archive/projects/PXD051193
PXD051341,2,6,Proteomic profiling of severe pneumonia fluids,PARTIAL,2024-04-10,2026-03-30,https://www.ebi.ac.uk/pride/archive/projects/PXD051341
PXD051388,2,3,Linc-ADAIN Pulldown assay in Human Adipocytes.,PARTIAL,2024-04-12,2024-10-17,https://www.ebi.ac.uk/pride/archive/projects/PXD051388
PXD051518,2,6,Annotation of the genes responsible for helix 69 rRNA modifications in 23S of Bacillus subtilis.,PARTIAL,2024-04-17,2024-08-06,https://www.ebi.ac.uk/pride/archive/projects/PXD051518
PXD051529,2,5,The Influences of ApoE Isoforms on Endothelial Adherens Junctions and Actin Cytoskeleton Responding to mCRP,PARTIAL,2024-04-17,2025-05-06,https://www.ebi.ac.uk/pride/archive/projects/PXD051529
PXD051577,2,20,Affinity proteomics on A375 cells with N-Flag or N-Flag PTPN23 OE,COMPLETE,2024-04-19,2025-01-08,https://www.ebi.ac.uk/pride/archive/projects/PXD051577
PXD051659,2,8,Proteomic analyses reveal the key role of gene co-option in the evolution of Scaly-foot Snail scleritome,PARTIAL,2024-04-23,2025-05-06,https://www.ebi.ac.uk/pride/archive/projects/PXD051659
PXD051795,2,5,Single-cell-type Spatial Proteomics Unveils Precision Medicine Insights in Composite Small Lymphocytic and Classical Hodgkin Lymphoma,PARTIAL,2024-04-27,2024-10-29,https://www.ebi.ac.uk/pride/archive/projects/PXD051795
PXD051879,2,8,"Tracking the dynamics of the glycolytic metabolite fructose 1,6-bisphosphate in liver cancer cells with a fluorescent biosensor",PARTIAL,2024-04-30,2024-11-14,https://www.ebi.ac.uk/pride/archive/projects/PXD051879
PXD051913,2,10,Coimmunoprecipitation and following mass spectrometry analysis of EhRacJ,COMPLETE,2024-05-01,2024-06-20,https://www.ebi.ac.uk/pride/archive/projects/PXD051913
PXD051927,2,4,Lysosomal damage triggers a p38 MAPK-dependent phosphorylation cascade to promote lysophagy via the small heat shock protein HSP27,PARTIAL,2024-05-01,2024-10-22,https://www.ebi.ac.uk/pride/archive/projects/PXD051927
PXD051952,2,41,Identifying Cilary Proteins in Bovine Retinas using a Gentile Extraction Method,PARTIAL,2024-05-03,2024-07-11,https://www.ebi.ac.uk/pride/archive/projects/PXD051952
PXD051954,2,5,Anti-proteolytic regulation of KRAS by USP9X/NDRG3 in KRAS-driven cancer development,PARTIAL,2024-05-03,2025-05-06,https://www.ebi.ac.uk/pride/archive/projects/PXD051954
PXD052076,2,5,"Novel Long Noncoding RNA HEAT4 Affects Monocyte Subtypes, Reducing Inflammation and Promoting Vascular Healing.",PARTIAL,2024-05-07,2024-08-14,https://www.ebi.ac.uk/pride/archive/projects/PXD052076
PXD052173,2,4,VSTM2L protects prostate cancer cells against ferroptosis via inhibiting VDAC1 oligomerization and maintaining mitochondria homeostasis,PARTIAL,2024-05-10,2025-05-07,https://www.ebi.ac.uk/pride/archive/projects/PXD052173
PXD052176,2,4,Targeting MGAT4A-mediated N-glycosylation as a therapeutic strategy to inhibit glioblastoma stem cell invasion,PARTIAL,2024-05-10,2025-01-18,https://www.ebi.ac.uk/pride/archive/projects/PXD052176
PXD052182,2,3,Identification of CDKN3 as an independent prognostic marker in LGG correlates with tumor proliferation and immune infiltration,PARTIAL,2024-05-10,2024-05-10,https://www.ebi.ac.uk/pride/archive/projects/PXD052182
PXD052205,2,5,Identification of p85beta protein interaction partners in ovarian cancer cells,PARTIAL,2024-05-13,2024-12-23,https://www.ebi.ac.uk/pride/archive/projects/PXD052205
PXD052214,2,3,DYRK1B phosphorylates FOXO1 to promote hepatic gluconeogenesis,PARTIAL,2024-05-13,2025-05-07,https://www.ebi.ac.uk/pride/archive/projects/PXD052214
PXD052283,2,4,Superoxide-induced covalent modifications of bovine serum albumin by QMP-SO,PARTIAL,2024-05-16,2024-08-01,https://www.ebi.ac.uk/pride/archive/projects/PXD052283
PXD052290,2,7,NF1-depleted ER+ breast cancers are differentially sensitive to CDK4/6 inhibitors,PARTIAL,2024-05-16,2025-12-15,https://www.ebi.ac.uk/pride/archive/projects/PXD052290
PXD052301,2,90,Proteomic and peptidomic profiling of spirulina-fortified probiotic powder formulations during in vitro digestion,COMPLETE,2024-05-16,2025-02-05,https://www.ebi.ac.uk/pride/archive/projects/PXD052301
PXD052358,2,3,LC-MS targeting the rpL40-Lys22 spanning peptide in rpL40-immunoprecipitated KKLS human gastric cancer cell extracts,PARTIAL,2024-05-18,2024-06-04,https://www.ebi.ac.uk/pride/archive/projects/PXD052358
PXD052359,2,3,LC-MS targeting the rpL40-Lys22 spanning peptide in rpL40-immunoprecipitated representative protein lysates from tissue biopsies of normal stomach and gastric adenocarcinoma (GAC) from KPPC GAC model mice,PARTIAL,2024-05-18,2024-06-04,https://www.ebi.ac.uk/pride/archive/projects/PXD052359
PXD052372,2,5,circMAN1A2_009-pulled down proteins in HeLa cells,PARTIAL,2024-05-19,2025-05-07,https://www.ebi.ac.uk/pride/archive/projects/PXD052372
PXD052418,2,3,ER-phagy restrains inflammatory responses through receptor UBAC2,PARTIAL,2024-05-21,2025-05-07,https://www.ebi.ac.uk/pride/archive/projects/PXD052418
PXD052433,2,4,LPS-induced TIR domain complex acetylation activated TLR4/MAL/MyD88 signal pathway in sepsis,PARTIAL,2024-05-21,2024-08-01,https://www.ebi.ac.uk/pride/archive/projects/PXD052433
PXD052489,2,9,A synthetic biology window into hornwort Rubisco assembly and its kinetics,PARTIAL,2024-05-22,2024-11-04,https://www.ebi.ac.uk/pride/archive/projects/PXD052489
PXD052664,2,4,Toxoplasma gondii tachyzoites LC-MS,PARTIAL,2024-05-29,2024-06-07,https://www.ebi.ac.uk/pride/archive/projects/PXD052664
PXD052689,2,3,UBAC2 phosphorylation is essential for its role in ER-phagy,PARTIAL,2024-05-30,2025-08-01,https://www.ebi.ac.uk/pride/archive/projects/PXD052689
PXD052805,2,3,RNF157 targets RIG-I/DDX58 promotes proliferation in hepatocellular carcinoma,PARTIAL,2024-06-04,2024-10-21,https://www.ebi.ac.uk/pride/archive/projects/PXD052805
PXD052830,2,5,Identification of potent and reversible piperidine carboxamides that are species-selective orally active proteasome inhibitors to treat malaria,PARTIAL,2024-06-04,2024-07-30,https://www.ebi.ac.uk/pride/archive/projects/PXD052830
PXD052869,2,7,Disruption of Glucose Homeostasis in Prey: Combinatorial Use of Weaponized Mimetics of Somatostatin and Insulin by a Fish-Hunting Cone Snail,COMPLETE,2024-06-05,2024-06-26,https://www.ebi.ac.uk/pride/archive/projects/PXD052869
PXD052875,2,4,Evaluation of different data-driven rescoring platforms to increase peptide identifications in HeLa digest samples,PARTIAL,2024-06-05,2025-05-07,https://www.ebi.ac.uk/pride/archive/projects/PXD052875
PXD052900,2,5,Analysis of midgut composition of Lamypris noctiluca larvae,PARTIAL,2024-06-06,2024-07-03,https://www.ebi.ac.uk/pride/archive/projects/PXD052900
PXD052915,2,6,Decoding Octopus Mucus: Impact of Aquarium-Maintenance and Senescence on the Skin Mucus Proteome Profile of the Common Octopus (Octopus vulgaris),PARTIAL,2024-06-07,2025-05-07,https://www.ebi.ac.uk/pride/archive/projects/PXD052915
PXD052918,2,9,Top-down analysis of purified IL-38,PARTIAL,2024-06-07,2024-11-03,https://www.ebi.ac.uk/pride/archive/projects/PXD052918
PXD052936,2,9,Mycobacterium tuberculosis surface proteomics,COMPLETE,2024-06-07,2024-12-11,https://www.ebi.ac.uk/pride/archive/projects/PXD052936
PXD053036,2,4,"Shotgun proteomics experiments to identify covalent modification of proteins in HCT116 cells by a novel covalent ligand, CL16",PARTIAL,2024-06-12,2025-08-30,https://www.ebi.ac.uk/pride/archive/projects/PXD053036
PXD053080,2,4,USP20 promotes T-ALL evolution by deubiquitinating modified HIF1A,PARTIAL,2024-06-13,2025-10-13,https://www.ebi.ac.uk/pride/archive/projects/PXD053080
PXD053088,2,5,Stress responses in yeast cells,PARTIAL,2024-06-13,2025-08-24,https://www.ebi.ac.uk/pride/archive/projects/PXD053088
PXD053090,2,5,Stress responses in yeast cells,PARTIAL,2024-06-13,2025-08-24,https://www.ebi.ac.uk/pride/archive/projects/PXD053090
PXD053094,2,4,Human diffuse intrinsic pontine glioma (DIPG) LC-MSMS,PARTIAL,2024-06-14,2025-01-28,https://www.ebi.ac.uk/pride/archive/projects/PXD053094
PXD053107,2,6,Disruption of Glucose Homeostasis in Prey: Combinatorial Use of Weaponized Mimetics of Somatostatin and Insulin by a Fish-Hunting Cone Snail,COMPLETE,2024-06-14,2024-06-26,https://www.ebi.ac.uk/pride/archive/projects/PXD053107
PXD053114,2,6,Promixity labling and Affinity purification of TRIAD3A interactome,COMPLETE,2024-06-14,2024-06-14,https://www.ebi.ac.uk/pride/archive/projects/PXD053114
PXD053203,2,14,Identification of Bzd Subunits / Aromatoleum sp. CIB,PARTIAL,2024-06-18,2025-05-07,https://www.ebi.ac.uk/pride/archive/projects/PXD053203
PXD053205,2,4,Phosphoproteomic analysis of CAR T cells,PARTIAL,2024-06-18,2025-08-21,https://www.ebi.ac.uk/pride/archive/projects/PXD053205
PXD053225,2,12,Label-Free Quantification Method for Assessing Sex from Modern and Ancient Bovine Tooth Enamel. PART III,PARTIAL,2024-06-19,2024-10-17,https://www.ebi.ac.uk/pride/archive/projects/PXD053225
PXD053252,2,6,Identification of potent and reversible piperidine carboxamides that are species-selective orally active proteasome inhibitors to treat malaria,PARTIAL,2024-06-20,2024-07-30,https://www.ebi.ac.uk/pride/archive/projects/PXD053252
PXD053260,2,5,Stress responses in yeast cells,PARTIAL,2024-06-20,2025-08-24,https://www.ebi.ac.uk/pride/archive/projects/PXD053260
PXD053262,2,13,8-Oxoguanine DNA glycosylase 1 conceals guanine oxidation in nucleoprotein-associated RNA of respiratory syncytial virus,COMPLETE,2024-06-20,2024-10-09,https://www.ebi.ac.uk/pride/archive/projects/PXD053262
PXD053309,2,4,TDP1 phosphorylation at S61 promotes Top1cc repair via the MUS81-dependent pathway during mitosis,PARTIAL,2024-06-23,2024-06-26,https://www.ebi.ac.uk/pride/archive/projects/PXD053309
PXD053345,2,8,Ring A cleaving beta-diketon hydrolase is a key enzyme of steroid degradation in anaerobic bacteria,PARTIAL,2024-06-24,2025-05-07,https://www.ebi.ac.uk/pride/archive/projects/PXD053345
PXD053353,2,3,Vec-STING LS-MS and US2 STING LS-MS,PARTIAL,2024-06-24,2024-08-09,https://www.ebi.ac.uk/pride/archive/projects/PXD053353
PXD053432,2,3,Identification of the proteins that stably or transiently interact with the nuclear poly(A)-binding protein Pab2 in the fission yeast Schizosaccharomyces japonicus using the proximity-labeling method TurboID.,PARTIAL,2024-06-26,2025-03-13,https://www.ebi.ac.uk/pride/archive/projects/PXD053432
PXD053518,2,4,"Soluble CD72 (sCD72)I, is a T-cell activator probably via binding to CD6 in homeostasis and autoimmunity",PARTIAL,2024-06-30,2024-07-01,https://www.ebi.ac.uk/pride/archive/projects/PXD053518
PXD053542,2,4,Proteomic response of macrophages to human cancer Raji cells,PARTIAL,2024-07-02,2025-05-07,https://www.ebi.ac.uk/pride/archive/projects/PXD053542
PXD053596,2,6,Crude extract of a novel actinomycete Streptomyces sp. PSRA5 isolated from Panax sokpayensis.,PARTIAL,2024-07-03,2026-02-09,https://www.ebi.ac.uk/pride/archive/projects/PXD053596
PXD053642,2,12,"Molecular structure of blue laccase BP76, a unique termite suicidal defense weapon",COMPLETE,2024-07-04,2025-03-13,https://www.ebi.ac.uk/pride/archive/projects/PXD053642
PXD053764,2,4,The kinase PknB modulates the cell wall biosynthetic machinery,PARTIAL,2024-07-08,2026-09-06,https://www.ebi.ac.uk/pride/archive/projects/PXD053764
PXD053773,2,5,HDX-MS of the TRAMP Complex with tRNA,PARTIAL,2024-07-08,2024-12-11,https://www.ebi.ac.uk/pride/archive/projects/PXD053773
PXD053909,2,7,E. coli expressed SECRET AGENT O-GlcNAc modifies threonine 829 of GIGANTEA,COMPLETE,2024-07-12,2024-07-15,https://www.ebi.ac.uk/pride/archive/projects/PXD053909
PXD053940,2,4,Uncover proteins binding HBV rcDNA,PARTIAL,2024-07-15,2024-12-18,https://www.ebi.ac.uk/pride/archive/projects/PXD053940
PXD053978,2,3,Inhibition of MBTPS1 enhances antitumor immunity  and potentiates anti-PD-1 immunotherapy,PARTIAL,2024-07-16,2025-04-11,https://www.ebi.ac.uk/pride/archive/projects/PXD053978
PXD054032,2,61,H/ACA snR30 snoRNP guides independent 18S rRNA subdomain formation – Dataset 2,COMPLETE,2024-07-18,2025-05-22,https://www.ebi.ac.uk/pride/archive/projects/PXD054032
PXD054061,2,6,Co-immunoprecipitation (Co-IP) in Nicotiana benthamiana followed by liquid chromatography-mass spectrometry/mass spectrometry (LC-MS/MS),PARTIAL,2024-07-19,2024-07-20,https://www.ebi.ac.uk/pride/archive/projects/PXD054061
PXD054140,2,19,Nucleosomes gate cofactor access to the transcription factor p53 P53-pos8-NCP,PARTIAL,2024-07-23,2025-07-31,https://www.ebi.ac.uk/pride/archive/projects/PXD054140
PXD054146,2,6,NOTCH1 and Endothelial Mitochondrial Metabolism,PARTIAL,2024-07-23,2025-01-18,https://www.ebi.ac.uk/pride/archive/projects/PXD054146
PXD054186,2,8,"The changes in cetuximab resistant HNSCC cell lines (e.g., OECM1-cetuximabR and CAL-27 cetuximabR) after being treated with Cetuximab (500 ug/ml) for at least 2 months. We used LC-MS/MS to identify the main phosphorylation sites in resistance cell lines.",COMPLETE,2024-07-24,2025-12-29,https://www.ebi.ac.uk/pride/archive/projects/PXD054186
PXD054314,2,4,The proto-oncogene tyrosine kinase c-SRC facilitates glioblastoma progression by remodeling fatty acid synthesis,PARTIAL,2024-07-29,2024-07-29,https://www.ebi.ac.uk/pride/archive/projects/PXD054314
PXD054376,2,9,Cotranslational activity of the GroEL chaperonin,PARTIAL,2024-07-30,2025-10-14,https://www.ebi.ac.uk/pride/archive/projects/PXD054376
PXD054414,2,5,"Targeting Ras-, Rho-, and Rab-Family GTPases via a Conserved Cryptic Pocket",PARTIAL,2024-07-31,2025-05-07,https://www.ebi.ac.uk/pride/archive/projects/PXD054414
PXD054418,2,6,PPP2R3C-GFP AP-MS from human RPE1 cells,COMPLETE,2024-07-31,2024-09-25,https://www.ebi.ac.uk/pride/archive/projects/PXD054418
PXD054431,2,7,Results from an Australopithecus africanus dental enamel fragment confirm the potential of palaeoproteomics for South African Plio-Pleistocene fossil sites,PARTIAL,2024-07-31,2025-02-07,https://www.ebi.ac.uk/pride/archive/projects/PXD054431
PXD054438,2,4,Targeting nucleoporin 214 selectively eliminates leukemia stem cells,PARTIAL,2024-07-31,2025-07-26,https://www.ebi.ac.uk/pride/archive/projects/PXD054438
PXD054440,2,8,The proteomic landscape of proteotoxic stress in a fibrogenic liver disease,PARTIAL,2024-07-31,2025-02-19,https://www.ebi.ac.uk/pride/archive/projects/PXD054440
PXD054459,2,56,"Unraveling the nexus of oxidative stress, ocular diseases, and small extracellular vesicles to identify novel glaucoma biomarkers through in-depth proteomics",PARTIAL,2024-07-31,2024-10-04,https://www.ebi.ac.uk/pride/archive/projects/PXD054459
PXD054462,2,3,Targeting nucleoporin 214 selectively eliminates leukemia stem cells,PARTIAL,2024-08-01,2025-07-26,https://www.ebi.ac.uk/pride/archive/projects/PXD054462
PXD054507,2,3,Identification of the proteins composing the CO dehydrogenase and furfurylformamide dehydrogenase enzymes purified from a thermophilic ethane-oxidizing microbial consortium,PARTIAL,2024-08-01,2024-09-23,https://www.ebi.ac.uk/pride/archive/projects/PXD054507
PXD054515,2,7,Human cell LC-MS/MS detect interacting proteins and asymmetric dimethylation modifications of Protein arginine,PARTIAL,2024-08-02,2024-08-27,https://www.ebi.ac.uk/pride/archive/projects/PXD054515
PXD054525,2,4,Josephin Domain Containing 2 (JOSD2) Inhibition as Pan-KRAS-Mutation-Targeting Strategy for Colorectal Cancer,PARTIAL,2024-08-02,2025-03-01,https://www.ebi.ac.uk/pride/archive/projects/PXD054525
PXD054538,2,6,Conserved hydrophilic checkpoints tune FocA-1 mediated formate:H+ symport,PARTIAL,2024-08-02,2025-11-10,https://www.ebi.ac.uk/pride/archive/projects/PXD054538
PXD054601,2,7,Episodic Transport of Protein Aggregates Achieves a Positive Size Selectivity in Aggresome Formation,COMPLETE,2024-08-05,2025-07-16,https://www.ebi.ac.uk/pride/archive/projects/PXD054601
PXD054623,2,4,LRRTM2 controls presynapse nano-organization and AMPA receptor sub-positioning through Neurexin-binding interface,PARTIAL,2024-08-06,2024-09-18,https://www.ebi.ac.uk/pride/archive/projects/PXD054623
PXD054629,2,3,Immunocompatible Elastomer with increased resistance to the foreign body response,PARTIAL,2024-08-06,2024-10-17,https://www.ebi.ac.uk/pride/archive/projects/PXD054629
PXD054648,2,5,Impairment of lipid homeostasis causes lysosomal accumulation of endogenous protein aggregates through ESCRT disruption,PARTIAL,2024-08-06,2024-12-20,https://www.ebi.ac.uk/pride/archive/projects/PXD054648
PXD054716,2,9,Endogenous interactors of the natural trapping mutant TMX5/TXNDC15,COMPLETE,2024-08-08,2024-09-27,https://www.ebi.ac.uk/pride/archive/projects/PXD054716
PXD054723,2,6,Arabidopsis thaliana proteome in response to cysteine treatment and Pseudomonas syringae pv. tomato DC3000,PARTIAL,2024-08-08,2025-09-15,https://www.ebi.ac.uk/pride/archive/projects/PXD054723
PXD054753,2,4,Immunoprecipitation of INSIG1/2 and mass spectrometry analysis,PARTIAL,2024-08-09,2025-12-26,https://www.ebi.ac.uk/pride/archive/projects/PXD054753
PXD054933,2,4,Identification of ASC-interacting proteins,PARTIAL,2024-08-15,2026-06-28,https://www.ebi.ac.uk/pride/archive/projects/PXD054933
PXD054975,2,20,Proteomics and phosphoproteomics analysis of Haematococcus pluvialis: An improved method to generate and interpret proteomics and phosphoproteomics data of a non-model species,PARTIAL,2024-08-17,2024-11-20,https://www.ebi.ac.uk/pride/archive/projects/PXD054975
PXD055003,2,6,Human Papillomavirus-encoded Circular RNA circE7 Promotes Immune Evasion in Head and Neck Squamous Cell Carcinoma,PARTIAL,2024-08-19,2024-09-06,https://www.ebi.ac.uk/pride/archive/projects/PXD055003
PXD055051,2,5,"The salivary proteome of the green peach aphid/peach-potato aphid (Myzus persicae) (Sulzer, 1776) (Hemiptera, Aphididae).",COMPLETE,2024-08-22,2024-08-28,https://www.ebi.ac.uk/pride/archive/projects/PXD055051
PXD055077,2,5,Epitope and paratope mapping of a SUMO-remnant antibody using cross-linking mass spectrometry and molecular docking,COMPLETE,2024-08-22,2025-02-19,https://www.ebi.ac.uk/pride/archive/projects/PXD055077
PXD055157,2,7,MGAT1-Mediated Glycosylation Orchestrates Immune Checkpoints and Antitumor Immunity,PARTIAL,2024-08-23,2025-05-07,https://www.ebi.ac.uk/pride/archive/projects/PXD055157
PXD055227,2,4,Temporal control of acute protein aggregate turnover by UBE3C and NRF1-dependent proteasomal pathways,PARTIAL,2024-08-27,2024-10-09,https://www.ebi.ac.uk/pride/archive/projects/PXD055227
PXD055231,2,3,Identification the proteins interacted with SNHG26 in human keratinocytes,PARTIAL,2024-08-27,2024-08-28,https://www.ebi.ac.uk/pride/archive/projects/PXD055231
PXD055235,2,4,Identification the proteins interacted with ILF2 in human keratinocytes,PARTIAL,2024-08-27,2024-08-28,https://www.ebi.ac.uk/pride/archive/projects/PXD055235
PXD055407,2,3,Mass spectrometry proteomics data：Aurora kinase B phosphorylates ZBP1 to drive PANoptosis following treatment with PARP and ATR inhibitors combination,PARTIAL,2024-09-01,2025-10-25,https://www.ebi.ac.uk/pride/archive/projects/PXD055407
PXD055503,2,3,Targeting TNK2 reverses the immunosuppressive tumor microenvironment and synergizes with immunochemotherapy in pancreatic cancer,PARTIAL,2024-09-03,2025-10-11,https://www.ebi.ac.uk/pride/archive/projects/PXD055503
PXD055534,2,10,Streptococcal S protein is a coordinator of cell wall repair and defense against host antimicrobials,COMPLETE,2024-09-04,2026-06-07,https://www.ebi.ac.uk/pride/archive/projects/PXD055534
PXD055577,2,5,Lokiarchaeum ossiferum B36 proteomic analysis,PARTIAL,2024-09-05,2026-01-14,https://www.ebi.ac.uk/pride/archive/projects/PXD055577
PXD055628,2,4,Risk SNP rs11067228-mediated high-order chromatin interactions drive prostate cancer neuroendocrine differentiation through splicing factor SRRM4,PARTIAL,2024-09-06,2026-02-09,https://www.ebi.ac.uk/pride/archive/projects/PXD055628
PXD055816,2,4,Deep proteome profiling of dorsal root ganglia after nerve injury deciphers shared signatures in adolescent and adult male and female mice,PARTIAL,2024-09-12,2024-12-19,https://www.ebi.ac.uk/pride/archive/projects/PXD055816
PXD055884,2,4,EMP1 preserves hematopoietic stem cell potential under homeostasis and radiation-induced injury by alleviating ER stress,PARTIAL,2024-09-16,2025-03-13,https://www.ebi.ac.uk/pride/archive/projects/PXD055884
PXD056010,2,6,Mechano-transduction by LIM domain famliy protein LPP Drives Tumor Progression,PARTIAL,2024-09-19,2025-04-02,https://www.ebi.ac.uk/pride/archive/projects/PXD056010
PXD056039,2,5,Analysis of immunoprecipitates of HA-EZH2 in RPMI8226 cells transfected with an HA-EZH2 plasmid using Coomassie blue staining and mass spectrometry.,PARTIAL,2024-09-20,2025-02-27,https://www.ebi.ac.uk/pride/archive/projects/PXD056039
PXD056047,2,5,PDCD6 modulates LC3-associated phagocytosis-mediated antimicrobial defense by regulating lactate metabolism,PARTIAL,2024-09-20,2024-10-18,https://www.ebi.ac.uk/pride/archive/projects/PXD056047
PXD056157,2,5,"The butyrate-producing Gram-positive human gut bacterium, Hoskinsella mucinilytica, selectively targets host mucin N-acetylhexosamines",PARTIAL,2024-09-24,2026-04-26,https://www.ebi.ac.uk/pride/archive/projects/PXD056157
PXD056221,2,3,Proteomic analysis of bone marrow cells from wild-type and Dcaf8 knockout mice,PARTIAL,2024-09-25,2025-10-04,https://www.ebi.ac.uk/pride/archive/projects/PXD056221
PXD056232,2,6,Proteomics of TurboID-induced biotinylated proteins from astrocyte and astrocyte endeet after acute peripheral inflammation,PARTIAL,2024-09-25,2025-09-11,https://www.ebi.ac.uk/pride/archive/projects/PXD056232
PXD056263,2,3,Ubiquitin proteomic analysis of bone marrow cells from wild-type and Dcaf8 knockout mice,PARTIAL,2024-09-26,2025-10-04,https://www.ebi.ac.uk/pride/archive/projects/PXD056263
PXD056375,2,4,Identification of the S-sulfenylated residues of GSNOR1 in Arabidopsis,PARTIAL,2024-09-30,2025-01-23,https://www.ebi.ac.uk/pride/archive/projects/PXD056375
PXD056376,2,7,Mitochondrial VHL rewires cell metabolism in hypoxia,PARTIAL,2024-09-30,2025-08-26,https://www.ebi.ac.uk/pride/archive/projects/PXD056376
PXD056399,2,21,Structural variation of types IV-A1- and IV-A3-mediated CRISPR interference,PARTIAL,2024-09-30,2024-10-08,https://www.ebi.ac.uk/pride/archive/projects/PXD056399
PXD056404,2,6,Human RCC Binding Protein in Prostate Cancer Cell Line DU145,PARTIAL,2024-09-30,2025-07-23,https://www.ebi.ac.uk/pride/archive/projects/PXD056404
PXD056419,2,7,"Considered Absent: A first inventory of prehistoric human remains from the Scheldt basin, Belgium",PARTIAL,2024-10-01,2026-04-07,https://www.ebi.ac.uk/pride/archive/projects/PXD056419
PXD056543,2,4,PSKH1 kinase activity is differentially modulated via allosteric binding of Ca2+ sensor proteins,PARTIAL,2024-10-07,2025-01-26,https://www.ebi.ac.uk/pride/archive/projects/PXD056543
PXD056554,2,7,The N-terminal region of DNMT3A combines multiple chromatin reading motifs to guide recruitment,PARTIAL,2024-10-07,2024-10-16,https://www.ebi.ac.uk/pride/archive/projects/PXD056554
PXD056565,2,17,Mass spectrometry analysis in human lung adenocarcinoma,PARTIAL,2024-10-08,2025-05-07,https://www.ebi.ac.uk/pride/archive/projects/PXD056565
PXD056570,2,6,Characterization of A Novel Mengingoencephalomyelitis Associated with Vimentin IgG Autoantibodies,PARTIAL,2024-10-08,2025-01-22,https://www.ebi.ac.uk/pride/archive/projects/PXD056570
PXD056672,2,3,NSD2 promotes HCC metastasis through methylating PKM2 and activating SF3B1-dependent alternative splicing,PARTIAL,2024-10-10,2025-09-30,https://www.ebi.ac.uk/pride/archive/projects/PXD056672
PXD056674,2,3,JOSD2 inhibits angiotensin II-induced vascular remodeling by deubiquitinating and stabilizing SMAD7,PARTIAL,2024-10-10,2024-10-10,https://www.ebi.ac.uk/pride/archive/projects/PXD056674
PXD056677,2,3,Mass spectrometric analysis of the AIBP TurboID proteins,PARTIAL,2024-10-10,2025-10-07,https://www.ebi.ac.uk/pride/archive/projects/PXD056677
PXD056679,2,3,NSD2 promotes HCC metastasis through methylating PKM2 and activating SF3B1-dependent alternative splicing,PARTIAL,2024-10-10,2025-09-30,https://www.ebi.ac.uk/pride/archive/projects/PXD056679
PXD056688,2,3,NSD2 promotes HCC metastasis through methylating PKM2 and activating SF3B1-dependent alternative splicing,PARTIAL,2024-10-10,2025-09-30,https://www.ebi.ac.uk/pride/archive/projects/PXD056688
PXD056692,2,4,Quantitative proteomics analysis reveals a protein concentration effect of neat urine compared to urine EVs,PARTIAL,2024-10-10,2025-07-11,https://www.ebi.ac.uk/pride/archive/projects/PXD056692
PXD056694,2,3,Calorie Restriction Modulates Four Hallmarks of Aging in Prediabetic Adults: A Proteomics PREVIEW Sub-Study,PARTIAL,2024-10-10,2025-07-11,https://www.ebi.ac.uk/pride/archive/projects/PXD056694
PXD056752,2,9,A nuclear pore-anchored condensate enables germ granule organisation and transgenerational epigenetic inheritance,COMPLETE,2024-10-12,2025-02-09,https://www.ebi.ac.uk/pride/archive/projects/PXD056752
PXD056757,2,7,"Proteins that directly interact with the full-length LINC01198, with EGFP as a control, in vemurafenib-resistant melanoma cells.",PARTIAL,2024-10-13,2025-11-10,https://www.ebi.ac.uk/pride/archive/projects/PXD056757
PXD056775,2,4,Sorghum seed proteome by 4D-DIA,PARTIAL,2024-10-14,2024-11-24,https://www.ebi.ac.uk/pride/archive/projects/PXD056775
PXD056797,2,16,E12.5 diencephalon tissues LC-MS of wild-type mice after RNA pulldown with Crnde sense and anti-sense mRNA probes.,PARTIAL,2024-10-15,2026-02-14,https://www.ebi.ac.uk/pride/archive/projects/PXD056797
PXD056884,2,4,Carbonic anhydrase 2 facilitates sorafenib resistance by counteracting MCT4-mediated intracellular pH dysregulation in hepatocellular carcinoma,PARTIAL,2024-10-17,2024-10-24,https://www.ebi.ac.uk/pride/archive/projects/PXD056884
PXD056898,2,5,Enhancing ZooMS applications with MALDI-FTICR mass spectrometry on Pleistocene material showing variable collagen preservation,PARTIAL,2024-10-17,2025-03-17,https://www.ebi.ac.uk/pride/archive/projects/PXD056898
PXD056907,2,5,Comprehensive Endoplasmic Reticulum Proteomics Analysis in Chickpea (Cicer arietinum L.): Unveiling Cellular Secrets,PARTIAL,2024-10-17,2025-01-15,https://www.ebi.ac.uk/pride/archive/projects/PXD056907
PXD056953,2,5,Overexpression of PBLD in HeLa cells was followed by BPIV3 infection and proteomics sequencing analysis.,PARTIAL,2024-10-18,2024-10-20,https://www.ebi.ac.uk/pride/archive/projects/PXD056953
PXD057101,2,7,Tumor-Derived Exosomal CCT6A Serves as a Matchmaker Introducing Chemokines to Tumor-Associated Macrophages in Pancreatic Ductal Adenocarcinoma,PARTIAL,2024-10-23,2025-05-25,https://www.ebi.ac.uk/pride/archive/projects/PXD057101
PXD057162,2,4,Identification of cellular factors associated with HIV-1 virions isolated by filtration and ultracentrifugation. (Total lysate),PARTIAL,2024-10-24,2025-10-08,https://www.ebi.ac.uk/pride/archive/projects/PXD057162
PXD057166,2,7,Cleaved Ycf1p mass spectrometry analysis,COMPLETE,2024-10-25,2025-05-07,https://www.ebi.ac.uk/pride/archive/projects/PXD057166
PXD057186,2,5,SMAD nucleocytoplasmic shuttling relies on nucleoporin RanBP2 and VIM-AS1 long non-coding RNA during TGF-β signaling,PARTIAL,2024-10-25,2026-01-26,https://www.ebi.ac.uk/pride/archive/projects/PXD057186
PXD057187,2,7,Mass spectrometry analysis of cleaved Ycf1p in the monomeric and dimeric states,PARTIAL,2024-10-25,2025-05-07,https://www.ebi.ac.uk/pride/archive/projects/PXD057187
PXD057226,2,4,Stage-Specific Proteomic and Phosphoproteomic Insights into Theileria annulata: Molecular Adaptations in Bovine Schizont and Merozoite Stages,PARTIAL,2024-10-27,2025-09-29,https://www.ebi.ac.uk/pride/archive/projects/PXD057226
PXD057253,2,3,Human plasma-derived small extracellular vesicles LC-MSMS,PARTIAL,2024-10-28,2025-01-09,https://www.ebi.ac.uk/pride/archive/projects/PXD057253
PXD057312,2,8,Structural basis of MICAL autoinhibition,PARTIAL,2024-10-29,2024-10-30,https://www.ebi.ac.uk/pride/archive/projects/PXD057312
PXD057403,2,4,A viral protein activates the MAPK pathway to promote viral infection by downregulating callose deposition in plants,PARTIAL,2024-10-31,2024-10-31,https://www.ebi.ac.uk/pride/archive/projects/PXD057403
PXD057430,2,4,A0913 interacts with CP47 of PSII and ApcF of PBS,PARTIAL,2024-11-01,2024-11-06,https://www.ebi.ac.uk/pride/archive/projects/PXD057430
PXD057460,2,3,Large Extracellular Vesicles Derived from LPS-preconditioned Cardiomyocytes Alleviate Myocarditis via Mediating Macrophage Polarization and Modulating p38 MAPK Pathway,PARTIAL,2024-11-03,2025-09-29,https://www.ebi.ac.uk/pride/archive/projects/PXD057460
PXD057461,2,6,The protein interactome of the human C3orf33,PARTIAL,2024-11-03,2025-08-23,https://www.ebi.ac.uk/pride/archive/projects/PXD057461
PXD057487,2,4,Human blood LC-MSMS Simple Protein Identification Report,PARTIAL,2024-11-04,2025-05-13,https://www.ebi.ac.uk/pride/archive/projects/PXD057487
PXD057528,2,13,"Comprehensive Immunoglobulin G, A, and M glycopeptide profiling for large-scale biomedical research",PARTIAL,2024-11-05,2025-03-20,https://www.ebi.ac.uk/pride/archive/projects/PXD057528
PXD057612,2,3,Serum Disease-specific IgG Fc Glycosylation as Potential Biomarkers for Nonproliferative and Proliferative Diabetic Retinopathy Using Mass Spectrometry,PARTIAL,2024-11-07,2025-06-16,https://www.ebi.ac.uk/pride/archive/projects/PXD057612
PXD057620,2,4,"N2a cell lysate, PLA2G6 IP, LC-MS/MS",PARTIAL,2024-11-07,2026-02-04,https://www.ebi.ac.uk/pride/archive/projects/PXD057620
PXD057655,2,6,Proteomics to reveal relationship between menstrual cycle and subjective conditions: a pilot study,COMPLETE,2024-11-08,2026-06-14,https://www.ebi.ac.uk/pride/archive/projects/PXD057655
PXD057743,2,4,FGF13 in septic lung injury: A regulator of the ERK/aerobic glycolysis axis in the inflammatory state,PARTIAL,2024-11-11,2025-12-17,https://www.ebi.ac.uk/pride/archive/projects/PXD057743
PXD057808,2,4,Small angle X-ray scattering of engineered antigen-binding fragments: the case of glycosylated Fab from the Mannitou IgM antibody,PARTIAL,2024-11-12,2024-12-30,https://www.ebi.ac.uk/pride/archive/projects/PXD057808
PXD057829,2,3,Proteomics profiling of research models for studying pancreatic ductal adenocarcinoma,PARTIAL,2024-11-13,2024-12-18,https://www.ebi.ac.uk/pride/archive/projects/PXD057829
PXD057891,2,4,Immunoprecipitation of cGAS/PCK1 and mass spectrometry analysis,PARTIAL,2024-11-14,2025-02-19,https://www.ebi.ac.uk/pride/archive/projects/PXD057891
PXD057952,2,5,To identify the phenol soluble modulins whose production are primarily affected by SarZ in Staphylococcus epidermidis,PARTIAL,2024-11-16,2024-12-05,https://www.ebi.ac.uk/pride/archive/projects/PXD057952
PXD058005,2,3,cryo-EM Study of Human Platelet Membrane,PARTIAL,2024-11-18,2025-09-29,https://www.ebi.ac.uk/pride/archive/projects/PXD058005
PXD058011,2,4,"An insight into the body louse, Pediculus humanus (Frisco strain), salivary gland contents.",PARTIAL,2024-11-18,2025-02-19,https://www.ebi.ac.uk/pride/archive/projects/PXD058011
PXD058046,2,6,Identification of in cellulo Uranyl-Binding Proteins in Arabidopsis Cells,COMPLETE,2024-11-19,2025-08-01,https://www.ebi.ac.uk/pride/archive/projects/PXD058046
PXD058061,2,6,Choline kinase  promotes glycolysis and tumor growth by phosphorylating and activating enolase 1,COMPLETE,2024-11-20,2026-09-05,https://www.ebi.ac.uk/pride/archive/projects/PXD058061
PXD058085,2,11,Paracetamol metabolism by endothelial cells – potential mechanism underlying intravenous paracetamol-induced hypotension,PARTIAL,2024-11-20,2025-05-20,https://www.ebi.ac.uk/pride/archive/projects/PXD058085
PXD058095,2,6,Identification of immunogenic markers in Toxoplasma gondii bradyzoite proteins,COMPLETE,2024-11-20,2025-08-01,https://www.ebi.ac.uk/pride/archive/projects/PXD058095
PXD058195,2,4,The Actinobacillus pleuropneumoniae apxIV operon encodes an antibacterial toxin-immunity pair,PARTIAL,2024-11-24,2024-12-28,https://www.ebi.ac.uk/pride/archive/projects/PXD058195
PXD058236,2,6,Shifted assembly and function of mSWI/SNF family subcomplexes underlie targetable dependencies in endometriod carcinomas,COMPLETE,2024-11-25,2025-08-07,https://www.ebi.ac.uk/pride/archive/projects/PXD058236
PXD058281,2,4,NANOS3-YTHDF2 mediated P-Body assembly disturbs folliculogenesis in offspring with maternal exposure to AAI,PARTIAL,2024-11-26,2026-09-06,https://www.ebi.ac.uk/pride/archive/projects/PXD058281
PXD058297,2,8,HDX-MS Studies of Dengue Virus Serotype 2 NS5 (DENV2 NS5) and Stem Loop A (SLA) Interactions,PARTIAL,2024-11-27,2025-05-07,https://www.ebi.ac.uk/pride/archive/projects/PXD058297
PXD058342,2,6,"The distinct roles of genome, methylation, transcription, and translation on protein expression in Arabidopsis thaliana resolve the Central Dogma’s information flow",PARTIAL,2024-11-27,2025-07-31,https://www.ebi.ac.uk/pride/archive/projects/PXD058342
PXD058540,2,7,BRD9 functions as a methylarginine reader to regulate AKT-EZH2 signaling,PARTIAL,2024-12-03,2025-03-18,https://www.ebi.ac.uk/pride/archive/projects/PXD058540
PXD058566,2,4,EMBOJ-2024-119185R-Q OMA1 protects from liver injury,PARTIAL,2024-12-04,2026-06-02,https://www.ebi.ac.uk/pride/archive/projects/PXD058566
PXD058597,2,5,Human Flag-tagged RIG-I IP-MS in HEK293T,COMPLETE,2024-12-05,2025-12-10,https://www.ebi.ac.uk/pride/archive/projects/PXD058597
PXD058618,2,7,USP18 interactor and PTM mass spectrometry,PARTIAL,2024-12-05,2025-07-14,https://www.ebi.ac.uk/pride/archive/projects/PXD058618
PXD058665,2,6,Proteomic analyses of V. cholerae phage ICP1 and the phage satellite PLE11,COMPLETE,2024-12-07,2026-01-08,https://www.ebi.ac.uk/pride/archive/projects/PXD058665
PXD058706,2,4,HeLa cell protein interactome of polyamine affinity-based probes.,PARTIAL,2024-12-09,2025-09-22,https://www.ebi.ac.uk/pride/archive/projects/PXD058706
PXD058810,2,4,Identification of Tie2 as a sensor for reactive oxygen species and its therapeutic implication,PARTIAL,2024-12-12,2025-01-28,https://www.ebi.ac.uk/pride/archive/projects/PXD058810
PXD058853,2,4,Human clear cell renal cell carcinoma ZMYND8 ubiquitination,PARTIAL,2024-12-13,2026-05-28,https://www.ebi.ac.uk/pride/archive/projects/PXD058853
PXD058907,2,8,Proteomics and bioinformatics guided discovery of microalgal multifunctional peptides for novel nutraceutical applications,PARTIAL,2024-12-16,2025-07-09,https://www.ebi.ac.uk/pride/archive/projects/PXD058907
PXD058942,2,3,Quantitative proteomic analysis of chlorophyll synthase-associated auxiliary proteins in Synechocystis photosystem II biogenesis using a FLAG-tag and 15N-labelled internal standards.,PARTIAL,2024-12-17,2025-06-16,https://www.ebi.ac.uk/pride/archive/projects/PXD058942
PXD059051,2,8,"Human 1.4E7 cell line, ECACC#10070102, LC-MSMS",PARTIAL,2024-12-19,2025-04-25,https://www.ebi.ac.uk/pride/archive/projects/PXD059051
PXD059115,2,3,HOXB13 interactome in prostate cancer PC3 cell line,PARTIAL,2024-12-21,2025-11-06,https://www.ebi.ac.uk/pride/archive/projects/PXD059115
PXD059275,2,4,LC-MS/MS analysis of S100A1-interacting proteins,PARTIAL,2024-12-27,2025-05-07,https://www.ebi.ac.uk/pride/archive/projects/PXD059275
PXD059315,2,8,Molecular basis of vitamin K driven γ-carboxylation at membrane interface,PARTIAL,2024-12-30,2026-01-26,https://www.ebi.ac.uk/pride/archive/projects/PXD059315
PXD059420,2,4,Immunoprecipitation of STING/ADSL and mass spectrometry analysis,PARTIAL,2025-01-03,2025-02-15,https://www.ebi.ac.uk/pride/archive/projects/PXD059420
PXD059431,2,4,Thermogenic role of C4orf3/ALN in adipose tissue,PARTIAL,2025-01-04,2025-06-16,https://www.ebi.ac.uk/pride/archive/projects/PXD059431
PXD059464,2,4,Nuclear-localized HKDC1 promotes hepatocellular carcinoma through phosphorylating RBBP5 to upregulate H3K4me3,PARTIAL,2025-01-06,2025-01-07,https://www.ebi.ac.uk/pride/archive/projects/PXD059464
PXD059554,2,5,Probing the trypanosome nuclear pore by TurboID proximity labelling – Part3,PARTIAL,2025-01-08,2025-05-07,https://www.ebi.ac.uk/pride/archive/projects/PXD059554
PXD059593,2,4,Integrating Proteomics and Bioinformatics Methods for the Identification of Breast Cancer Biomarkers Interacting with Telomeric G-Quadruplex,PARTIAL,2025-01-09,2025-09-14,https://www.ebi.ac.uk/pride/archive/projects/PXD059593
PXD059650,2,7,Searching for Sulfotyrosines (sY) in a H A( pY ) STACK,COMPLETE,2025-01-10,2025-05-07,https://www.ebi.ac.uk/pride/archive/projects/PXD059650
PXD059651,2,5,"Structural basis for malate-driven, pore lipid-regulated activation of the Arabidopsis vacuolar anion channel ALMT9.",PARTIAL,2025-01-10,2025-03-04,https://www.ebi.ac.uk/pride/archive/projects/PXD059651
PXD059654,2,6,Mouse PPAR gamma with/without 15-keto-PGE2,COMPLETE,2025-01-10,2025-02-17,https://www.ebi.ac.uk/pride/archive/projects/PXD059654
PXD059719,2,3,Identification of celiac-disease active peptides in gluten-free beers by nanoLC-MS/MS,PARTIAL,2025-01-13,2026-04-01,https://www.ebi.ac.uk/pride/archive/projects/PXD059719
PXD059722,2,12,Top down analysis of human MT2 modification by ajoen and allicine,PARTIAL,2025-01-13,2025-07-31,https://www.ebi.ac.uk/pride/archive/projects/PXD059722
PXD059757,2,7,HIF-1 ATTENUATES THE PROLIFERATIVE EFFECT OF INULIN-DIET THROUGH REWIRING OF METABOLISM,COMPLETE,2025-01-14,2025-08-22,https://www.ebi.ac.uk/pride/archive/projects/PXD059757
PXD059794,2,5,Analysis of CHCHD2 binding proteins in hepatocyte,PARTIAL,2025-01-15,2025-02-28,https://www.ebi.ac.uk/pride/archive/projects/PXD059794
PXD059960,2,12,Trifunctional lipid derivatives: PEs mi-tochondrial interactome,PARTIAL,2025-01-20,2025-01-21,https://www.ebi.ac.uk/pride/archive/projects/PXD059960
PXD059966,2,4,Chaperone-mediated autophagy sustains muscle stem cell regenerative function,PARTIAL,2025-01-20,2025-10-17,https://www.ebi.ac.uk/pride/archive/projects/PXD059966
PXD060041,2,8,Identification of the epitope recognized by a specific VHH raised against the Th17 antigen (AID45212),PARTIAL,2025-01-22,2025-10-21,https://www.ebi.ac.uk/pride/archive/projects/PXD060041
PXD060056,2,6,Cholangiocarcinoma Cell of PDHA1 MS,PARTIAL,2025-01-22,2025-05-07,https://www.ebi.ac.uk/pride/archive/projects/PXD060056
PXD060098,2,3,Isolation of a novel GPA33 monoclonal antibody that detects a redox regulated epitope,PARTIAL,2025-01-23,2026-04-26,https://www.ebi.ac.uk/pride/archive/projects/PXD060098
PXD060156,2,6,Exploring omics-identified antigens and mRNA-lipid nanoparticle vaccines with alpha-galactosylceramide for multiple myeloma therapy,PARTIAL,2025-01-24,2025-05-07,https://www.ebi.ac.uk/pride/archive/projects/PXD060156
PXD060216,2,4,Quantitative proteomics of FFPE-preserved cardiac specimens,PARTIAL,2025-01-26,2025-08-21,https://www.ebi.ac.uk/pride/archive/projects/PXD060216
PXD060219,2,6,"Development and proteome characterisation of muscle cell culture derived from Genetically improved farmed tilapia, Oreochromis niloticus (Linnaeus,1758)",COMPLETE,2025-01-27,2026-04-23,https://www.ebi.ac.uk/pride/archive/projects/PXD060219
PXD060229,2,5,Gut microbiota induce neutrophil activation that aggravates stroke pathology,PARTIAL,2025-01-27,2025-06-02,https://www.ebi.ac.uk/pride/archive/projects/PXD060229
PXD060271,2,4,Human diffuse intrinsic pontine glioma (DIPG) LC-MSMS,PARTIAL,2025-01-28,2025-01-28,https://www.ebi.ac.uk/pride/archive/projects/PXD060271
PXD060282,2,6,NADPH Oxidase 1 (NOX1)-PKCdelta dependent ZO-1 phosphorylation mediates IL-33-induced inner blood-retinal barrier disruption in proliferative retinopathies.,COMPLETE,2025-01-28,2025-10-14,https://www.ebi.ac.uk/pride/archive/projects/PXD060282
PXD060291,2,3,Proteomic analysis of NSD3 isoforms in prostate cancer cells Dataset1,COMPLETE,2025-01-28,2026-06-28,https://www.ebi.ac.uk/pride/archive/projects/PXD060291
PXD060313,2,7,Retron Eco2 breaks tRNAs for anti-phage defense,PARTIAL,2025-01-29,2026-02-03,https://www.ebi.ac.uk/pride/archive/projects/PXD060313
PXD060323,2,4,PlxnA2 interactome in primary hippocampal murine neurons,PARTIAL,2025-01-29,2026-03-16,https://www.ebi.ac.uk/pride/archive/projects/PXD060323
PXD060326,2,4,Hepa1-6 cell line overexpressing Flag-LTA4H LC-MS/MS,PARTIAL,2025-01-29,2025-05-07,https://www.ebi.ac.uk/pride/archive/projects/PXD060326
PXD060390,2,7,Chemical Proteomics Enhances the Understanding of 2AA Stress in Salmonella enterica,PARTIAL,2025-01-31,2025-05-24,https://www.ebi.ac.uk/pride/archive/projects/PXD060390
PXD060391,2,7,Architecture of the human KICSTOR and GATOR1-KICSTOR complexes,PARTIAL,2025-01-31,2025-09-20,https://www.ebi.ac.uk/pride/archive/projects/PXD060391
PXD060416,2,4,Proteins of T7 phage pulled down with EfAvs5，LC-MSMS,PARTIAL,2025-02-03,2025-05-07,https://www.ebi.ac.uk/pride/archive/projects/PXD060416
PXD060460,2,5,Newly-Diagnosed Rheumatoid Arthritis Patients have Elevated Levels of Plasma Extracellular Vesicles with Protein Cargo Altered Towards Inflammatory Processes,PARTIAL,2025-02-04,2025-05-07,https://www.ebi.ac.uk/pride/archive/projects/PXD060460
PXD060464,2,3,Targeting chaperone-mediated autophagy inhibits properties of glioblastoma stem cells and restores anti-tumor immunity,PARTIAL,2025-02-04,2025-09-22,https://www.ebi.ac.uk/pride/archive/projects/PXD060464
PXD060479,2,4,Maize plant infection by Ustilago maydis is regulated by the fungal sulfur metabolism,PARTIAL,2025-02-04,2025-03-13,https://www.ebi.ac.uk/pride/archive/projects/PXD060479
PXD060509,2,3,Identification of Vha68-3 binding proteins by LC-MS/MS,PARTIAL,2025-02-05,2025-05-26,https://www.ebi.ac.uk/pride/archive/projects/PXD060509
PXD060533,2,4,Identification of lactoylation on PHGDH,PARTIAL,2025-02-06,2026-03-09,https://www.ebi.ac.uk/pride/archive/projects/PXD060533
PXD060582,2,9,Cryo-EM structure of the CDK11-cyclin L-SAP30BP complex reveals mechanisms of CDK11 regulation,PARTIAL,2025-02-07,2026-03-24,https://www.ebi.ac.uk/pride/archive/projects/PXD060582
PXD060587,2,4,INO80E_HIRIP3_RNA_duplex_proteins_RAP_MS,PARTIAL,2025-02-07,2025-02-21,https://www.ebi.ac.uk/pride/archive/projects/PXD060587
PXD060598,2,3,DDX3X SUMOylation Promotes Septic Inflammation by Enhancing NLRP3 Inflammasome Activation,PARTIAL,2025-02-09,2025-03-06,https://www.ebi.ac.uk/pride/archive/projects/PXD060598
PXD060599,2,3,Identification of RNF187 binding proteins by LC-MS/MS,PARTIAL,2025-02-09,2025-10-20,https://www.ebi.ac.uk/pride/archive/projects/PXD060599
PXD060646,2,3,The COMPASS subunit Bre2 targets CRF Arp9 to regulate the bio-synthesis of secondary metabolite AFB1 and virulence in Aspergillus flavus,PARTIAL,2025-02-10,2026-02-08,https://www.ebi.ac.uk/pride/archive/projects/PXD060646
PXD060726,2,5,"TIMEPOINT, a phase 1 study of MTL-CEBPA in combination with pembrolizumab, supports the immunomodulatory effect of MTL-CEBPA in solid tumours.",PARTIAL,2025-02-12,2025-05-07,https://www.ebi.ac.uk/pride/archive/projects/PXD060726
PXD060762,2,7,Discovery from in-depth molecular analyses of giant viruses: Haptophyte-infecting viruses change the genome condensing proteins of dinoflagellates,COMPLETE,2025-02-13,2025-02-21,https://www.ebi.ac.uk/pride/archive/projects/PXD060762
PXD060766,2,4,Mass Spectrum-based Identification of direct-binding proteins of TAIII-probe,PARTIAL,2025-02-13,2026-02-20,https://www.ebi.ac.uk/pride/archive/projects/PXD060766
PXD060782,2,4,ARRDC3 tyrosine phosphorylation functions as a switch to control c-Src versus WWP2 interactions and distinct scaffolding functions,PARTIAL,2025-02-13,2025-07-14,https://www.ebi.ac.uk/pride/archive/projects/PXD060782
PXD060840,2,3,The mass spectrometry analysis detected differences in protein lactylation in B16 cells after lactic acid treatment.,PARTIAL,2025-02-15,2025-07-21,https://www.ebi.ac.uk/pride/archive/projects/PXD060840
PXD060851,2,6,A nowhere-to-hide mechanism ensures complete piRNA-directed LINE1 methylation,PARTIAL,2025-02-16,2025-11-11,https://www.ebi.ac.uk/pride/archive/projects/PXD060851
PXD060854,2,5,Murine colon HUNTER N-terminomics,PARTIAL,2025-02-17,2025-09-28,https://www.ebi.ac.uk/pride/archive/projects/PXD060854
PXD060873,2,4,Order 28341 - Carla Miro Vinyals 2022-05-09,PARTIAL,2025-02-17,2025-02-17,https://www.ebi.ac.uk/pride/archive/projects/PXD060873
PXD060923,2,4,Thermus thermophilus HB27-IB-Cascade-LCMS,PARTIAL,2025-02-18,2025-06-02,https://www.ebi.ac.uk/pride/archive/projects/PXD060923
PXD060949,2,3,Protein disulfide isomerase is essential for osteoblast differentiation in mice,PARTIAL,2025-02-19,2025-02-19,https://www.ebi.ac.uk/pride/archive/projects/PXD060949
PXD060955,2,4,A mechanism of YAP/TAZ transactivation and dual targeting for cancer therapy,PARTIAL,2025-02-19,2025-04-02,https://www.ebi.ac.uk/pride/archive/projects/PXD060955
PXD060976,2,7,Analysis of the interactome of B2-SINE RNA transcripts,PARTIAL,2025-02-19,2025-05-05,https://www.ebi.ac.uk/pride/archive/projects/PXD060976
PXD061009,2,4,GSC 2907 SRGN IP mass spectrometry,PARTIAL,2025-02-20,2025-05-07,https://www.ebi.ac.uk/pride/archive/projects/PXD061009
PXD061021,2,18,Molecular Structure and Enzymatic Mechanism of the Human Collagen Hydroxylysine Galactosyltransferase GLT25D1/COLGALT1,COMPLETE,2025-02-20,2025-03-05,https://www.ebi.ac.uk/pride/archive/projects/PXD061021
PXD061062,2,7,Tandem affinity purification for sigma3 interacting host proteins,PARTIAL,2025-02-21,2026-02-23,https://www.ebi.ac.uk/pride/archive/projects/PXD061062
PXD061148,2,6,The ER-phagy receptor FAM134B is targeted by Salmonella Typhimurium to promote infection,COMPLETE,2025-02-24,2025-05-07,https://www.ebi.ac.uk/pride/archive/projects/PXD061148
PXD061277,2,5,A novel RAB5 binding site in human VPS34-CII that is likely the primordial site in eukaryotic evolution,PARTIAL,2025-02-27,2026-05-26,https://www.ebi.ac.uk/pride/archive/projects/PXD061277
PXD061313,2,7,Whole body and venom proteomes of Eunicella Singularis,COMPLETE,2025-02-28,2025-02-28,https://www.ebi.ac.uk/pride/archive/projects/PXD061313
PXD061393,2,6,Zombosomes are anucleated cell couriers that spread α-synuclein pathology,PARTIAL,2025-03-03,2025-12-04,https://www.ebi.ac.uk/pride/archive/projects/PXD061393
PXD061403,2,5,Regulation of ADP-ribosyltransferase activity by ART domain dimerization in PARP15,PARTIAL,2025-03-03,2025-10-02,https://www.ebi.ac.uk/pride/archive/projects/PXD061403
PXD061442,2,5,Seafood project_Allergen exposure in shrimp industry,PARTIAL,2025-03-04,2025-04-10,https://www.ebi.ac.uk/pride/archive/projects/PXD061442
PXD061479,2,3,Cardiomyocyte OTUD1 drives diabetic cardiomyopathy via directly deubiquitinating AMPKα2 to inhibit AMPK activity and induce mitochondrial dysfunctionCardiomyocyte OTUD1 drives diabetic cardiomyopathy via directly deubiquitinating AMPKα2 to inhibit AMPK activity and induce mitochondrial dysfunction,PARTIAL,2025-03-05,2025-06-11,https://www.ebi.ac.uk/pride/archive/projects/PXD061479
PXD061530,2,10,Proteotyping fine-grain analysis of the cardiac relic of Louis XIV,COMPLETE,2025-03-06,2025-12-19,https://www.ebi.ac.uk/pride/archive/projects/PXD061530
PXD061578,2,9,The EXOSC10S402T allele identified in colon cancer causes early embryonic lethality and suggests EXOSC10 as a biomarker for 5-fluorouracil sensitivity,PARTIAL,2025-03-07,2026-03-20,https://www.ebi.ac.uk/pride/archive/projects/PXD061578
PXD061585,2,4,Biochemical and structural characterization of PPEP-3 from Geobacillus thermodenitrificans,PARTIAL,2025-03-07,2025-11-11,https://www.ebi.ac.uk/pride/archive/projects/PXD061585
PXD061610,2,7,GAPDH inhibition in A549 and H358 lung cancer cells,PARTIAL,2025-03-08,2025-05-12,https://www.ebi.ac.uk/pride/archive/projects/PXD061610
PXD061704,2,3,Toward standardized epitranscriptome analytics: An inter-laboratory comparison of mass spectrometric detection and quantification of modified ribonucleosides in human RNA,PARTIAL,2025-03-11,2025-09-12,https://www.ebi.ac.uk/pride/archive/projects/PXD061704
PXD061708,2,7,The mass spectrometry (MS) to screen for Flag-tagged S100A6 binding,PARTIAL,2025-03-11,2026-05-16,https://www.ebi.ac.uk/pride/archive/projects/PXD061708
PXD061739,2,5,"Human LC-MS, TMEM216 inhibits breast cancer lung metastasis by modulating IGF1R-IRS4 signaling pathway",PARTIAL,2025-03-12,2026-05-31,https://www.ebi.ac.uk/pride/archive/projects/PXD061739
PXD061791,2,8,DMXL1 interaction proteomics from U2OS cells infected with SidK,COMPLETE,2025-03-13,2025-04-22,https://www.ebi.ac.uk/pride/archive/projects/PXD061791
PXD061845,2,3,COS7 GlyT2 variants associated with hyperekplexia,PARTIAL,2025-03-14,2025-08-04,https://www.ebi.ac.uk/pride/archive/projects/PXD061845
PXD061923,2,5,Identification of Nde1 cross-linked mitochondrial supercomplex proteins,COMPLETE,2025-03-17,2026-03-04,https://www.ebi.ac.uk/pride/archive/projects/PXD061923
PXD061933,2,4,Protein ADP-ribosylation Analysis,PARTIAL,2025-03-17,2025-06-23,https://www.ebi.ac.uk/pride/archive/projects/PXD061933
PXD061961,2,5,MS-based proteomics in HUVECs transfecting with IVT mRNA,PARTIAL,2025-03-18,2026-03-23,https://www.ebi.ac.uk/pride/archive/projects/PXD061961
PXD062031,2,3,Affinity purification-mass spectrometry to identify proteins interacting with Leishmania LINF_180011100,PARTIAL,2025-03-19,2026-08-18,https://www.ebi.ac.uk/pride/archive/projects/PXD062031
PXD062045,2,3,Effect of puromycin on newly synthesized proteome in pancreatic cancer cells,PARTIAL,2025-03-19,2026-08-15,https://www.ebi.ac.uk/pride/archive/projects/PXD062045
PXD062076,2,8,KIAA1549::BRAF is cleaved and located at a membrane,PARTIAL,2025-03-20,2026-08-03,https://www.ebi.ac.uk/pride/archive/projects/PXD062076
PXD062082,2,4,BioID to identify RRas2-binding proteins.,PARTIAL,2025-03-20,2025-06-30,https://www.ebi.ac.uk/pride/archive/projects/PXD062082
PXD062122,2,4,Mechanism of D-type cyclins recognition by the AMBRA1 E3 ligase receptor,PARTIAL,2025-03-21,2025-04-17,https://www.ebi.ac.uk/pride/archive/projects/PXD062122
PXD062208,2,3,Measuring the hydrodynamic radii of peptides and proteins with an unmodified LC-ESI-MS instrument operating in a Taylor dispersion regime,PARTIAL,2025-03-25,2025-07-10,https://www.ebi.ac.uk/pride/archive/projects/PXD062208
PXD062230,2,4,Unsupervised Multi-Omics Analysis Reveals Diagnostic Opportunities and Unseen Interactions in Equine Pituitary Pars Intermedia Dysfunction,PARTIAL,2025-03-25,2026-08-13,https://www.ebi.ac.uk/pride/archive/projects/PXD062230
PXD062274,2,8,A simplified perchloric acid workflow with neutralization (PCA N) for democratizing deep plasma proteomics at population scale - Submission01,PARTIAL,2025-03-27,2025-09-30,https://www.ebi.ac.uk/pride/archive/projects/PXD062274
PXD062275,2,7,A simplified perchloric acid workflow with neutralization (PCA N) for democratizing deep plasma proteomics at population scale - Submission02,PARTIAL,2025-03-27,2025-09-30,https://www.ebi.ac.uk/pride/archive/projects/PXD062275
PXD062298,2,7,TBK1 phosphorylates NAP1 on several sites,COMPLETE,2025-03-27,2026-07-16,https://www.ebi.ac.uk/pride/archive/projects/PXD062298
PXD062330,2,5,CAPTURE2.0 pull-down of SINE-MIR associated proteins in mouse embryonic stem cells,PARTIAL,2025-03-28,2025-04-01,https://www.ebi.ac.uk/pride/archive/projects/PXD062330
PXD062353,2,3,Proteomics analysis of expi293 conditioned media purified with immobilized metal affinity chromatography,PARTIAL,2025-03-28,2025-04-02,https://www.ebi.ac.uk/pride/archive/projects/PXD062353
PXD062388,2,3,Hepatic AKAP1 Deficiency Exacerbates Diet-Induced MASLD by Enhancing GPAT1-mediated Lysophosphatidic Acid Synthesis,PARTIAL,2025-03-31,2025-05-26,https://www.ebi.ac.uk/pride/archive/projects/PXD062388
PXD062518,2,5,STN1 facilitates metastasis by promoting transcription of EMT-activator ZEB1 in pancreatic cancer,PARTIAL,2025-04-02,2025-08-05,https://www.ebi.ac.uk/pride/archive/projects/PXD062518
PXD062561,2,9,The N-Myc MB0-MBI region interacts specifically and dynamically with the N-lobe of Aurora kinase A,PARTIAL,2025-04-03,2026-01-29,https://www.ebi.ac.uk/pride/archive/projects/PXD062561
PXD062566,2,4,Protein CoAlation on TXNRD2 regulates mitochondrial thioredoxin system to protect against ferroptosis,PARTIAL,2025-04-03,2025-07-05,https://www.ebi.ac.uk/pride/archive/projects/PXD062566
PXD062676,2,6,IP-MS of H.hepaticus CdtB in Hep3B cell,PARTIAL,2025-04-07,2025-09-08,https://www.ebi.ac.uk/pride/archive/projects/PXD062676
PXD062677,2,4,Nat10 interacting  proteins identified by IP and mass spectrometry (IP-MS) in mESCs,PARTIAL,2025-04-07,2025-06-22,https://www.ebi.ac.uk/pride/archive/projects/PXD062677
PXD062735,2,4,Social Hierarchy alters Drug Reward and the Protein Phosphorylation in the Nucleus Accumbens,PARTIAL,2025-04-08,2025-04-09,https://www.ebi.ac.uk/pride/archive/projects/PXD062735
PXD062800,2,7,"Near atomic structure of the PorKN rings, disulfie bonded to PorG and bound to the Attachment Complexes, provide mechanistic insights into the Type IX Secretion System",COMPLETE,2025-04-10,2025-08-24,https://www.ebi.ac.uk/pride/archive/projects/PXD062800
PXD062842,2,4,LC-MS by circHIPK3 probe method in human oral submucosal fibroblasts,PARTIAL,2025-04-11,2025-05-13,https://www.ebi.ac.uk/pride/archive/projects/PXD062842
PXD062847,2,3,SW480 cells were analyzed with RDA23B IP by mass spectrometry,PARTIAL,2025-04-11,2025-11-10,https://www.ebi.ac.uk/pride/archive/projects/PXD062847
PXD062872,2,4,Quantitative proteomic and ubiquitinomic profiling of CLas-infected Citrus sinensis leaves,PARTIAL,2025-04-12,2026-09-13,https://www.ebi.ac.uk/pride/archive/projects/PXD062872
PXD062881,2,7,Global analysis of protein degradation reveals instability of diverse regulators in Escherichia coli,COMPLETE,2025-04-13,2026-02-15,https://www.ebi.ac.uk/pride/archive/projects/PXD062881
PXD062920,2,4,Modification sites and interaction proteins of BCL6,PARTIAL,2025-04-14,2025-11-29,https://www.ebi.ac.uk/pride/archive/projects/PXD062920
PXD062988,2,4,"Proteome analysis of WT, TPC2 knockout and TRPML1 knockout HCC cell lines",PARTIAL,2025-04-15,2026-03-12,https://www.ebi.ac.uk/pride/archive/projects/PXD062988
PXD063095,2,4,Identifying putative substrates of Lon protease in Pseudomonas aeruginosa,PARTIAL,2025-04-18,2025-06-13,https://www.ebi.ac.uk/pride/archive/projects/PXD063095
PXD063156,2,10,Arg1 drives mitochondrial cristae remodeling and PANoptosis in ischemia/hypoxia-induced vascular dysfunction,PARTIAL,2025-04-21,2025-06-02,https://www.ebi.ac.uk/pride/archive/projects/PXD063156
PXD063185,2,10,Comparative proteomics between 2D and 3D (neurospheres) cultured NSCs,COMPLETE,2025-04-22,2026-01-20,https://www.ebi.ac.uk/pride/archive/projects/PXD063185
PXD063190,2,5,Functional characterisation of rare variants in genes encoding the MAPK/ERK signalling pathway identified in long-lived Leiden Longevity Study participants,PARTIAL,2025-04-22,2026-03-16,https://www.ebi.ac.uk/pride/archive/projects/PXD063190
PXD063373,2,9,Enhancer DNA pull-down of proteins extracted from PA2 tissue of mouse E11.5 embryos,PARTIAL,2025-04-28,2025-04-28,https://www.ebi.ac.uk/pride/archive/projects/PXD063373
PXD063409,2,10,Quantitative proteomic analysis of the Toxoplasma gondii cytoskeleton and bioinformatic identification of highly antigenic proteins,PARTIAL,2025-04-28,2025-08-04,https://www.ebi.ac.uk/pride/archive/projects/PXD063409
PXD063493,2,4,Proteomic Characterization of Naiavirus,PARTIAL,2025-04-30,2025-09-29,https://www.ebi.ac.uk/pride/archive/projects/PXD063493
PXD063533,2,4,High-throughput phosphoproteomic of mESCs,PARTIAL,2025-05-01,2026-05-22,https://www.ebi.ac.uk/pride/archive/projects/PXD063533
PXD063537,2,5,ZDHHC11-mediated palmitoylation alleviates chondrocyte senescence,PARTIAL,2025-05-01,2025-08-12,https://www.ebi.ac.uk/pride/archive/projects/PXD063537
PXD063561,2,6,The C-terminal end of engineered albumin variants and fusion proteins after exposure to carboxypeptidase A,PARTIAL,2025-05-02,2025-05-19,https://www.ebi.ac.uk/pride/archive/projects/PXD063561
PXD063631,2,4,Insilico TOF top-down proteomics datasets generated using FTMS simulator (Spectroswiss),PARTIAL,2025-05-06,2026-03-09,https://www.ebi.ac.uk/pride/archive/projects/PXD063631
PXD063682,2,8,DNAJC5 facilitates the proliferation and migration of lung adenocarcinoma cells by augmenting EGFR trafficking,PARTIAL,2025-05-07,2025-05-26,https://www.ebi.ac.uk/pride/archive/projects/PXD063682
PXD063777,2,6,Dimethyl fumarate targets in macrophages,PARTIAL,2025-05-08,2026-05-24,https://www.ebi.ac.uk/pride/archive/projects/PXD063777
PXD063779,2,6,Exploring the mode of action of a novel antileishmanial compound using thermal proteome profiling and other OMICs tools,PARTIAL,2025-05-08,2025-05-10,https://www.ebi.ac.uk/pride/archive/projects/PXD063779
PXD063859,2,4,ZDHHC11-mediated palmitoylation alleviates chondrocyte senescence and serves as a therapeutic target for osteoarthritis [II],PARTIAL,2025-05-12,2025-08-12,https://www.ebi.ac.uk/pride/archive/projects/PXD063859
PXD063880,2,17,Droplet microfluidic hydrogen/deuterium exchange for investigating protein dynamics with millisecond precision exchange,PARTIAL,2025-05-13,2025-06-23,https://www.ebi.ac.uk/pride/archive/projects/PXD063880
PXD063885,2,4,PGC1-α drives Mfn2-linked Mitochondrial Fusion aiding Glioblastoma Cell Survival under TMZ stress,PARTIAL,2025-05-13,2025-10-10,https://www.ebi.ac.uk/pride/archive/projects/PXD063885
PXD063886,2,5,The cleaved form of HxsA protein derived from the E. coli HXS system,PARTIAL,2025-05-13,2026-02-25,https://www.ebi.ac.uk/pride/archive/projects/PXD063886
PXD064050,2,5,"PARN immunoprecipitates with CPSF6,  in NCI-H520 Cells",PARTIAL,2025-05-19,2026-03-07,https://www.ebi.ac.uk/pride/archive/projects/PXD064050
PXD064117,2,8,A ROS-mediated Oxidation-O-GlcNAcylation cascade governs  ferroptosis,COMPLETE,2025-05-20,2025-05-28,https://www.ebi.ac.uk/pride/archive/projects/PXD064117
PXD064237,2,9,Protein identification of recombinant SLFN11 and SLFN14,PARTIAL,2025-05-23,2025-07-08,https://www.ebi.ac.uk/pride/archive/projects/PXD064237
PXD064334,2,10,LC-MS/MS identification of phosphosites at the N-terminal region of MUS81 by in vitro CHK2 kinase assay,COMPLETE,2025-05-27,2026-09-13,https://www.ebi.ac.uk/pride/archive/projects/PXD064334
PXD064360,2,5,RNA binding regulation is a new dimension in the type I IFN response,PARTIAL,2025-05-28,2026-02-23,https://www.ebi.ac.uk/pride/archive/projects/PXD064360
PXD064369,2,3,Retromer-Driven Membrane Trafficking of MOSPD2 Enables LEAP2-Induced Chemotaxis via VPS35 Interaction in Boleophthalmus pectinirostris,PARTIAL,2025-05-28,2026-01-12,https://www.ebi.ac.uk/pride/archive/projects/PXD064369
PXD064400,2,3,Astrocytic glycogen induces ATAD3A oligomerization-dependent mitochondrial fragmentation to exacerbate neuropathology and delay recovery after ischemic stroke,PARTIAL,2025-05-29,2025-06-06,https://www.ebi.ac.uk/pride/archive/projects/PXD064400
PXD064422,2,7,Mass Spectrometry of Escherichia coli expressing ParA from F' plasmid or weak IPTG inducible promoter (pDSW210 vector),COMPLETE,2025-05-29,2025-07-06,https://www.ebi.ac.uk/pride/archive/projects/PXD064422
PXD064468,2,9,HDX-MS studies on human and avian TRPM8 in response to menthol and cold,PARTIAL,2025-05-31,2026-03-25,https://www.ebi.ac.uk/pride/archive/projects/PXD064468
PXD064530,2,6,Cleavage preference of metalloprotease EA1,PARTIAL,2025-06-02,2025-11-25,https://www.ebi.ac.uk/pride/archive/projects/PXD064530
PXD064601,2,5,Shotgun Proteomic Identification of Amphotericin B Targets in Late Endosomes of Influenza A Virus-Infected A549 Cells,PARTIAL,2025-06-04,2026-02-02,https://www.ebi.ac.uk/pride/archive/projects/PXD064601
PXD064693,2,5,Specificity mapping of recombinant maize metacaspase 9,PARTIAL,2025-06-05,2026-08-04,https://www.ebi.ac.uk/pride/archive/projects/PXD064693
PXD064694,2,3,Astrocytic glycogen induces ATAD3A oligomerization-dependent mitochondrial fragmentation to exacerbate neuropathology and delay recovery after ischemic stroke,PARTIAL,2025-06-05,2025-06-06,https://www.ebi.ac.uk/pride/archive/projects/PXD064694
PXD064725,2,2,"OsSAMS1 phosphorylated by GNP3, LC-MS/MS",PARTIAL,2025-06-06,2025-06-18,https://www.ebi.ac.uk/pride/archive/projects/PXD064725
PXD064747,2,4,Proteomics analysis of lipid-induced granules,PARTIAL,2025-06-08,2026-01-09,https://www.ebi.ac.uk/pride/archive/projects/PXD064747
PXD064757,2,12,Proteomic profiling of DLAT-interacting proteins in cisplatin-resistant lung cancer cells,COMPLETE,2025-06-09,2025-08-04,https://www.ebi.ac.uk/pride/archive/projects/PXD064757
PXD064781,2,3,IP-MS analysis of DDX49 in HHL5 cells,PARTIAL,2025-06-09,2026-01-09,https://www.ebi.ac.uk/pride/archive/projects/PXD064781
PXD064814,2,3,Astrocytic glycogen induces ATAD3A oligomerization-dependent mitochondrial fragmentation to exacerbate neuropathology and delay recovery after ischemic stroke,PARTIAL,2025-06-10,2025-06-11,https://www.ebi.ac.uk/pride/archive/projects/PXD064814
PXD064823,2,3,proteomic quantitative analysis of cell supernatants from Ddx49f/f and Ddx49hep-/-,PARTIAL,2025-06-10,2026-01-09,https://www.ebi.ac.uk/pride/archive/projects/PXD064823
PXD064834,2,4,RBM39 organizes an m⁶A-dependent silencing complex to degrade Tat mRNA and maintain HIV-1 latency,PARTIAL,2025-06-10,2025-10-31,https://www.ebi.ac.uk/pride/archive/projects/PXD064834
PXD064835,2,4,Lactiplantibacillus plantarum cell free supernatant,PARTIAL,2025-06-10,2026-06-30,https://www.ebi.ac.uk/pride/archive/projects/PXD064835
PXD064944,2,5,BCL7A’s Arginine Anchor Links Nucleosome Recognition to Chromatin Remodeling and DLBCL Tumor Suppression,PARTIAL,2025-06-12,2026-06-07,https://www.ebi.ac.uk/pride/archive/projects/PXD064944
PXD064984,2,9,DNA-Protein Crosslinking Problem in Saccharomyces cerevisiae for methanol utilization,PARTIAL,2025-06-13,2026-01-07,https://www.ebi.ac.uk/pride/archive/projects/PXD064984
PXD065049,2,4,Identification of the ubiquitin linkages generated by ANKIB1,PARTIAL,2025-06-16,2026-03-03,https://www.ebi.ac.uk/pride/archive/projects/PXD065049
PXD065152,2,72,IDRE (Interaction Dengue RNA and Extracellular vesicles),COMPLETE,2025-06-18,2026-03-01,https://www.ebi.ac.uk/pride/archive/projects/PXD065152
PXD065222,2,6,Enamel peptide analysis to determine chromosomal sex of human remains (kōiwi tangata) of Māori-era individuals from New Zealand (Aotearoa),PARTIAL,2025-06-19,2026-01-14,https://www.ebi.ac.uk/pride/archive/projects/PXD065222
PXD065332,2,5,Identification of DDR1-interacting proteins by IP-MS screening,PARTIAL,2025-06-23,2025-09-08,https://www.ebi.ac.uk/pride/archive/projects/PXD065332
PXD065338,2,5,The Escherichia coli RelB antitoxin C-terminus is essential for RelE toxin suppression and transcriptional repression.,PARTIAL,2025-06-23,2025-07-06,https://www.ebi.ac.uk/pride/archive/projects/PXD065338
PXD065340,2,4,Human  LC-MS Data in HEK293T overexpressed LATS2,PARTIAL,2025-06-23,2025-12-14,https://www.ebi.ac.uk/pride/archive/projects/PXD065340
PXD065422,2,4,Glycans on Non-Structural Protein 1 Prevent Premature T-cell Mediated Dengue Virus Clearance,PARTIAL,2025-06-25,2025-11-17,https://www.ebi.ac.uk/pride/archive/projects/PXD065422
PXD065451,2,5,Chronic Perinatal Oxycodone Exposure Alters Placental EV Proteome and Fetal Cardiomyopathy-Linked Pathways,PARTIAL,2025-06-25,2026-04-26,https://www.ebi.ac.uk/pride/archive/projects/PXD065451
PXD065472,2,4,Adipocyte-Derived β-Hydroxybutyrate Confers Metabolic Stress Resistance in Multiple Myeloma-2,PARTIAL,2025-06-26,2026-05-07,https://www.ebi.ac.uk/pride/archive/projects/PXD065472
PXD065543,2,5,GFP-PHF23 interactome in HeLa nuclear lysate,PARTIAL,2025-06-27,2025-12-15,https://www.ebi.ac.uk/pride/archive/projects/PXD065543
PXD065565,2,7,Proteomic analysis of paired glioblastoma stem cells and non-stem cells with focus on PIWI proteins,PARTIAL,2025-06-27,2026-08-03,https://www.ebi.ac.uk/pride/archive/projects/PXD065565
PXD065613,2,4,Co-immunoprecipitation followed by mass spectrometry (Co-IP/MS) data of HNRNPF.,PARTIAL,2025-06-30,2025-06-30,https://www.ebi.ac.uk/pride/archive/projects/PXD065613
PXD065676,2,4,Mitochondrial components secretion in extracellular vesicles promotes alveolar epithelial mitochondrial quality control,PARTIAL,2025-07-02,2025-11-15,https://www.ebi.ac.uk/pride/archive/projects/PXD065676
PXD065723,2,6,Deciphering nuclear polyp function during human cell proliferation,COMPLETE,2025-07-03,2026-03-13,https://www.ebi.ac.uk/pride/archive/projects/PXD065723
PXD065770,2,4,LC-MS targeting the UBAP2L-immunoprecipitated human gastric cancer cell extracts,PARTIAL,2025-07-04,2026-02-09,https://www.ebi.ac.uk/pride/archive/projects/PXD065770
PXD065847,2,5,Proteomic Analysis of USP17LA-Interacting Proteins in 293T Cells,PARTIAL,2025-07-07,2025-11-17,https://www.ebi.ac.uk/pride/archive/projects/PXD065847
PXD065886,2,64,Pol1 and Pol12 phosphosites mapping in mitotic cells,COMPLETE,2025-07-08,2026-09-10,https://www.ebi.ac.uk/pride/archive/projects/PXD065886
PXD065892,2,8,Diagnostics of autoimmune hepatitis enabled by non-invasive clinical proteomics,PARTIAL,2025-07-08,2025-07-17,https://www.ebi.ac.uk/pride/archive/projects/PXD065892
PXD066004,2,28,In vitro host-parasite models combined with proteomics reveal cell type-specific responses of early-migrating Fasciola hepatica juveniles,PARTIAL,2025-07-10,2026-03-02,https://www.ebi.ac.uk/pride/archive/projects/PXD066004
PXD066113,2,4,Pea aphid bacteriocytes LC-MSMS,PARTIAL,2025-07-14,2026-05-13,https://www.ebi.ac.uk/pride/archive/projects/PXD066113
PXD066169,2,6,StBPA1 attenuates surface receptor activation and contributes to immune responses against bacteria and oomycete pathogens in potato,PARTIAL,2025-07-15,2025-07-15,https://www.ebi.ac.uk/pride/archive/projects/PXD066169
PXD066213,2,15,HDX-MS analysis of a TTC7B specific nanobody to inhibit EFR3 mediated PI4KA recruitment,PARTIAL,2025-07-16,2025-11-20,https://www.ebi.ac.uk/pride/archive/projects/PXD066213
PXD066286,2,8,Human gastric extracellular matrix hydrogels maintain organoid growth and reduce gene expression associated with epithelial-mesenchymal transition and inflammation,COMPLETE,2025-07-17,2026-09-13,https://www.ebi.ac.uk/pride/archive/projects/PXD066286
PXD066316,2,4,Design of combination therapeutics from protein response to drugs in ovarian cancer cells,PARTIAL,2025-07-18,2025-07-19,https://www.ebi.ac.uk/pride/archive/projects/PXD066316
PXD066322,2,3,ZDHHC9 Promotes Osteosarcoma Progression via KRAS-Associated Enhancement of the RAS/MAPK Signaling Pathway,PARTIAL,2025-07-19,2025-10-27,https://www.ebi.ac.uk/pride/archive/projects/PXD066322
PXD066332,2,7,March5-mediated Trim28 degradation preserves islet β-cell function in mice,PARTIAL,2025-07-20,2025-07-24,https://www.ebi.ac.uk/pride/archive/projects/PXD066332
PXD066363,2,3,Histone modification identification for Nannochloropsis oceanica,PARTIAL,2025-07-21,2025-10-29,https://www.ebi.ac.uk/pride/archive/projects/PXD066363
PXD066445,2,4,"USP20, a Super-enhancer Regulated Gene, Promotes Acute Myeloid Leukemia Progression through CTNNB1 Deubiquitination",PARTIAL,2025-07-23,2026-03-16,https://www.ebi.ac.uk/pride/archive/projects/PXD066445
PXD066461,2,5,Post-Translational Modification Analysis in TCR Complexes Using Mass Spectrometry,COMPLETE,2025-07-23,2025-08-07,https://www.ebi.ac.uk/pride/archive/projects/PXD066461
PXD066531,2,5,Neurochondrin Drives Colorectal Cancer Progression by Modulating the PODXL–Ezrin Axis and Mitochondrial Function,PARTIAL,2025-07-24,2026-05-03,https://www.ebi.ac.uk/pride/archive/projects/PXD066531
PXD066696,2,3,proteome analysis of exosomes from WT CtBP2-HA knock-in and Mut CtBP2-HA knock-in MEF cells,PARTIAL,2025-07-29,2025-08-13,https://www.ebi.ac.uk/pride/archive/projects/PXD066696
PXD066745,2,3,Phosphoproteomics Uncovers a Neuroimmune Perspective on Trigeminal Neuralgia: Sexually Dimorphic Regulatory Networks Linking Calcium Channels to the Complement Cascade,PARTIAL,2025-07-30,2026-02-26,https://www.ebi.ac.uk/pride/archive/projects/PXD066745
PXD066773,2,5,Local immunosuppression of tumor-draining lymph nodes via fibroblast-monocyte axis contributes to metastasis in breast cancer,PARTIAL,2025-07-30,2026-09-13,https://www.ebi.ac.uk/pride/archive/projects/PXD066773
PXD066790,2,5,Determination of N-glycosylation level of ZmLecRK1-ECD by Mass spectrometry,PARTIAL,2025-07-31,2025-09-02,https://www.ebi.ac.uk/pride/archive/projects/PXD066790
PXD066796,2,4,LF2 phosphorylation of the CDKL5 activation loop controls CDKL5’s activity,PARTIAL,2025-07-31,2025-11-15,https://www.ebi.ac.uk/pride/archive/projects/PXD066796
PXD066834,2,6,Stool proteomics for improving colorectal cancer screening,PARTIAL,2025-08-01,2026-02-23,https://www.ebi.ac.uk/pride/archive/projects/PXD066834
PXD066969,2,7,Identification of Fzd9b ubiquitination,PARTIAL,2025-08-05,2025-08-08,https://www.ebi.ac.uk/pride/archive/projects/PXD066969
PXD067012,2,6,Nascent proteome analysis of LN229 cells with Trp-starvation,PARTIAL,2025-08-06,2025-12-04,https://www.ebi.ac.uk/pride/archive/projects/PXD067012
PXD067044,2,4,"Using IP-MS technology, the OsWRI1a protein was identified and analyzed to search for its related interacting proteins and to improve the regulatory network of the OsWRI1a protein",PARTIAL,2025-08-07,2025-12-17,https://www.ebi.ac.uk/pride/archive/projects/PXD067044
PXD067150,2,4,Investigation of the aging process of C. elegans using integrated quantitative proteomics and N-glycoproteomics,PARTIAL,2025-08-11,2026-09-14,https://www.ebi.ac.uk/pride/archive/projects/PXD067150
PXD067212,2,17,Retron Eco2 breaks tRNAs for antiphage defense,PARTIAL,2025-08-11,2026-02-23,https://www.ebi.ac.uk/pride/archive/projects/PXD067212
PXD067276,2,4,First comparative proteomic and in-vitro behavioral study of Echinocococcus granulosus metacestodes in Felis catus.,PARTIAL,2025-08-12,2025-08-21,https://www.ebi.ac.uk/pride/archive/projects/PXD067276
PXD067277,2,160,Enhancing Peptide Identification in Metaproteomics through Curriculum Learning in Deep Learning,PARTIAL,2025-08-12,2025-10-19,https://www.ebi.ac.uk/pride/archive/projects/PXD067277
PXD067298,2,5,Deep Quantitative Proteomic Profiling of Microglia from the EAE Mouse Model,PARTIAL,2025-08-13,2026-06-15,https://www.ebi.ac.uk/pride/archive/projects/PXD067298
PXD067299,2,12,"Medulloblastoma LC-MS/MS using small extracellular vesicles from blood plasma, CSF, and MB cell lines",PARTIAL,2025-08-13,2025-09-22,https://www.ebi.ac.uk/pride/archive/projects/PXD067299
PXD067301,2,3,Host serum-derived flavivirus NS1 co-opts mosquito miRNA processing to suppress early immune defense,PARTIAL,2025-08-13,2026-08-18,https://www.ebi.ac.uk/pride/archive/projects/PXD067301
PXD067304,2,11,Structural analysis of the interaction between M-PMV matrix protein and human calmodulin – XL-MS dataset,PARTIAL,2025-08-13,2025-12-29,https://www.ebi.ac.uk/pride/archive/projects/PXD067304
PXD067324,2,8,Structural study of human MRE11-RAD50-NBS1 (MRN) complex by crosslinking mass spectrometry,PARTIAL,2025-08-13,2025-08-13,https://www.ebi.ac.uk/pride/archive/projects/PXD067324
PXD067349,2,4,Identification of AEBP1-binding proteins,PARTIAL,2025-08-14,2025-08-15,https://www.ebi.ac.uk/pride/archive/projects/PXD067349
PXD067385,2,4,Global Profiling of Human Proteome Cysteine Residues via Lipoic Acid-Mediated Disulfide Exchange,COMPLETE,2025-08-15,2026-05-23,https://www.ebi.ac.uk/pride/archive/projects/PXD067385
PXD067552,2,9,Delta-cleavage verification in recombinant human APP,COMPLETE,2025-08-21,2025-09-11,https://www.ebi.ac.uk/pride/archive/projects/PXD067552
PXD067573,2,3,Mass spectrometry-based phosphoproteomics of PCMD-1,PARTIAL,2025-08-21,2025-10-24,https://www.ebi.ac.uk/pride/archive/projects/PXD067573
PXD067586,2,8,Shotgun proteomics on a granular biofilm microbial community from wastewater,PARTIAL,2025-08-21,2026-08-28,https://www.ebi.ac.uk/pride/archive/projects/PXD067586
PXD067606,2,4,Identification of 60S pre-rRNA binding sites of human GNL3L GTPase,PARTIAL,2025-08-22,2026-03-05,https://www.ebi.ac.uk/pride/archive/projects/PXD067606
PXD067653,2,6,The mass spectrometry raw data of proteins that interact with GRA35 in neuronal cells,PARTIAL,2025-08-24,2025-08-26,https://www.ebi.ac.uk/pride/archive/projects/PXD067653
PXD067728,2,4,The novel tRF-23 promotes osteogenic differentiation of hBMSCs and protects against bone loss in ovariectomized mice,PARTIAL,2025-08-26,2026-01-19,https://www.ebi.ac.uk/pride/archive/projects/PXD067728
PXD067778,2,3,Human Lower extremity arteries LC-MS,PARTIAL,2025-08-27,2025-09-05,https://www.ebi.ac.uk/pride/archive/projects/PXD067778
PXD067801,2,11,"Novel peptides from the edible bivalve Ruditapes decussatus target apoptosis, autophagy, and FGF19-FGFR4 signaling in human cancer cell lines",PARTIAL,2025-08-27,2025-10-06,https://www.ebi.ac.uk/pride/archive/projects/PXD067801
PXD067833,2,5,Insights into the biodegradation of two persistent fluorinated fungicides by coupling metabolic modelling with metaproteogenomics,PARTIAL,2025-08-28,2026-01-23,https://www.ebi.ac.uk/pride/archive/projects/PXD067833
PXD067836,2,3,Engineering Linear Cap-independent mRNA Vaccines with Intrinsic 1 Adjuvanticity for Potent Cancer Immunotherapy,PARTIAL,2025-08-28,2026-01-26,https://www.ebi.ac.uk/pride/archive/projects/PXD067836
PXD067852,2,31,CRISPR activation of the ribosome-associated quality control factor ASCC3 ameliorates fragile X syndrome phenotypes in mice,COMPLETE,2025-08-28,2026-04-19,https://www.ebi.ac.uk/pride/archive/projects/PXD067852
PXD067892,2,8,In situ Proteomics Unveils Specialized Domains for Extrasynaptic Signaling on Neuronal Cilia,PARTIAL,2025-08-30,2026-06-07,https://www.ebi.ac.uk/pride/archive/projects/PXD067892
PXD068189,2,10,Mass spectrometry proteomics data for the Spy protein from Escherichia coli WT and ∆msrP during chlorite stress.,COMPLETE,2025-09-08,2025-09-15,https://www.ebi.ac.uk/pride/archive/projects/PXD068189
PXD068317,2,6,Combined ADAMTS10 and ADAMTS17 inactivation exacerbates bone shortening and skin phenotypes,COMPLETE,2025-09-12,2025-09-30,https://www.ebi.ac.uk/pride/archive/projects/PXD068317
PXD068384,2,4,Identification of NCDN-interacting proteins in HeLa cells,PARTIAL,2025-09-15,2026-09-06,https://www.ebi.ac.uk/pride/archive/projects/PXD068384
PXD068410,2,12,Peptide profiling of pasteurized milk during storage,PARTIAL,2025-09-16,2026-01-19,https://www.ebi.ac.uk/pride/archive/projects/PXD068410
PXD068422,2,4,Improved T cell surfaceomics by depleting intracellularly labelled dead cells,PARTIAL,2025-09-16,2026-02-09,https://www.ebi.ac.uk/pride/archive/projects/PXD068422
PXD068569,2,5,Nucleoside Binding by a Surface Lipoprotein Governs Conjugative ICE Acquisition in Ruminant Mycoplasmas,PARTIAL,2025-09-19,2025-12-19,https://www.ebi.ac.uk/pride/archive/projects/PXD068569
PXD068573,2,7,"Proteomic validation of saprophyticin S (SapS), a novel leaderless bacteriocin from Staphylococcus saprophyticus P1CEA4",COMPLETE,2025-09-19,2026-06-07,https://www.ebi.ac.uk/pride/archive/projects/PXD068573
PXD068578,2,3,An RNA Splicing System that Excises DNA Transposons from Animal mRNAs,PARTIAL,2025-09-19,2025-09-22,https://www.ebi.ac.uk/pride/archive/projects/PXD068578
PXD068787,2,11,Direct Coupling of Nod Factor Signaling to Vesicular Trafficking Initiates Legume Nodulation ,PARTIAL,2025-09-24,2026-07-10,https://www.ebi.ac.uk/pride/archive/projects/PXD068787
PXD068789,2,6,Maize anther development involves the function of translated open reading frames from 3’-untranslated regions,PARTIAL,2025-09-24,2026-04-26,https://www.ebi.ac.uk/pride/archive/projects/PXD068789
PXD068794,2,11,Roles of PRDM1 in human NK-cell differentiation and activation,PARTIAL,2025-09-24,2026-01-19,https://www.ebi.ac.uk/pride/archive/projects/PXD068794
PXD068814,2,4,Indentification of migrasome proteins regulated by ITM2B,PARTIAL,2025-09-25,2025-10-06,https://www.ebi.ac.uk/pride/archive/projects/PXD068814
PXD068910,2,3,Site- and Structure-Specific Characterization of Glycoproteins of H11: Potent Vaccine Candidates against Parasitic Worm Haemonchus,PARTIAL,2025-09-28,2025-12-17,https://www.ebi.ac.uk/pride/archive/projects/PXD068910
PXD068961,2,3,The crosstalk between CRL5 and APC/C E3 ligases regulates metastasis and chemo-sensitivity of cancer cells,PARTIAL,2025-09-29,2026-01-23,https://www.ebi.ac.uk/pride/archive/projects/PXD068961
PXD068965,2,4,CK2-mediated DEK Phosphorylation Drives PBX3 Overexpression: A Core Event in Hematopoietic Stem Cell-to-Leukemia Stem Cell Transformation,PARTIAL,2025-09-29,2026-07-06,https://www.ebi.ac.uk/pride/archive/projects/PXD068965
PXD069025,2,9,A Bacillales-specific tubular scaffold essential for NADH dehydrogenase activity,PARTIAL,2025-10-01,2026-09-06,https://www.ebi.ac.uk/pride/archive/projects/PXD069025
PXD069035,2,12,Stramonita haemastoma - salivary glands of two specimens (S-0622-42 and S-0622-58),COMPLETE,2025-10-01,2025-12-18,https://www.ebi.ac.uk/pride/archive/projects/PXD069035
PXD069116,2,5,"Mapping functional non-coding variation in individual human genomes through haplotyping, multiomics, and deep learning",PARTIAL,2025-10-03,2026-04-22,https://www.ebi.ac.uk/pride/archive/projects/PXD069116
PXD069130,2,3,The protein composition of 10A EV and 231 EV samples,PARTIAL,2025-10-05,2025-10-05,https://www.ebi.ac.uk/pride/archive/projects/PXD069130
PXD069167,2,4,m⁶A-Dependent Interaction Between circSMAD2 and IGF2BP2 Upregulates SMAD2 and Drives Nasopharyngeal Carcinoma Progression,PARTIAL,2025-10-06,2025-10-10,https://www.ebi.ac.uk/pride/archive/projects/PXD069167
PXD069184,2,4,Identification of DDAH1 interacting proteins,PARTIAL,2025-10-07,2025-10-09,https://www.ebi.ac.uk/pride/archive/projects/PXD069184
PXD069219,2,9,Mapping the placental galectin-3 interactome identifies CD9 and ITGB1 as functional glycoprotein counter-receptors during syncytialization.,COMPLETE,2025-10-08,2025-11-24,https://www.ebi.ac.uk/pride/archive/projects/PXD069219
PXD069360,2,7,Proteomic analysis of SKOV3 cells expressing wild-type and mutant IGF2BP2-TurboID,PARTIAL,2025-10-12,2025-11-09,https://www.ebi.ac.uk/pride/archive/projects/PXD069360
PXD069482,2,4,Noncanonical amino acid-aided synthesis of anti-PD-L1 bispecific nanobody for colon cancer immunotherapy,PARTIAL,2025-10-15,2026-01-12,https://www.ebi.ac.uk/pride/archive/projects/PXD069482
PXD069559,2,4,PATIENTS ANTIBODIES RECOGNIZED TWO ISOENZYMES OF GLYCERALDEHYDE -3P- DESHYDROGENASE OF ECHINOCOCCUS GRANULOSUS s. l. Cloning epitopes and enzymatic analysis in silico,PARTIAL,2025-10-17,2025-11-24,https://www.ebi.ac.uk/pride/archive/projects/PXD069559
PXD069946,2,6,Size-exclusion chromatography of soluble chloroplast proteins from Nicotiana tabacum (tobacco),PARTIAL,2025-10-27,2026-02-10,https://www.ebi.ac.uk/pride/archive/projects/PXD069946
PXD069961,2,10,Interactome profile of the global regulator YmdB in Bacillus subtilis,COMPLETE,2025-10-28,2026-08-27,https://www.ebi.ac.uk/pride/archive/projects/PXD069961
PXD070046,2,8,Identification of cFeimin-interacting proteins in brown adipocytes,PARTIAL,2025-10-29,2026-03-02,https://www.ebi.ac.uk/pride/archive/projects/PXD070046
PXD070105,2,5,Proteomics of P.aeruginosa with compound 7,PARTIAL,2025-10-30,2026-01-17,https://www.ebi.ac.uk/pride/archive/projects/PXD070105
PXD070229,2,5,Evaluation of Ca37 monoclonal antibody against pathogenic fungal Candidozyma auris,PARTIAL,2025-11-03,2026-01-05,https://www.ebi.ac.uk/pride/archive/projects/PXD070229
PXD070295,2,4,Proteomic Analysis of the ubiquitination sites of KDM1A in rat myocardial tissue.,PARTIAL,2025-11-04,2026-01-19,https://www.ebi.ac.uk/pride/archive/projects/PXD070295
PXD070466,2,17,Flag-GABPα overexpression HEK293T cells LC-MS/MS,COMPLETE,2025-11-07,2026-02-23,https://www.ebi.ac.uk/pride/archive/projects/PXD070466
PXD070478,2,6,Mapping the protein-protein interaction interface between recombinant CB1R and GlyT2 using cross-linking mass spectrometry,PARTIAL,2025-11-07,2026-02-13,https://www.ebi.ac.uk/pride/archive/projects/PXD070478
PXD070644,2,4,"Structure of NO16, a marine non-tailed vibriophage with an unusual symmetry-mismatched vertex arrangement",PARTIAL,2025-11-12,2026-08-07,https://www.ebi.ac.uk/pride/archive/projects/PXD070644
PXD070731,2,8,Caspase-4 binds to LPS membranes with positive curvature for non-canonical inflammasome activation,PARTIAL,2025-11-14,2026-03-10,https://www.ebi.ac.uk/pride/archive/projects/PXD070731
PXD070903,2,3,AR RIME in Human Prostate Cancer Cells,PARTIAL,2025-11-18,2025-11-19,https://www.ebi.ac.uk/pride/archive/projects/PXD070903
PXD070910,2,4,Structural bases for integrase-RNA binding and retention of viral RNA within HIV-1 capsid cores,PARTIAL,2025-11-18,2025-12-04,https://www.ebi.ac.uk/pride/archive/projects/PXD070910
PXD070923,2,5,Nanobodies against Clostridioides difficile CDTb provide a toolkit for potent toxin neutralization and highly sensitive quantitation,PARTIAL,2025-11-19,2026-02-02,https://www.ebi.ac.uk/pride/archive/projects/PXD070923
PXD070965,2,6,Plasmodium berghei zygotes of WT and Pbnek4-ko lines at 0 and 2 hpa phosphoproteomics,COMPLETE,2025-11-20,2026-04-16,https://www.ebi.ac.uk/pride/archive/projects/PXD070965
PXD071083,2,5,"Development of an In Vitro Metabolic Dysfunction-Associated Steatohepatitis Model to Investigate Altered Drug Metabolizing Enzymes, Transport Proteins, and Hepatobiliary Disposition",PARTIAL,2025-11-23,2025-12-12,https://www.ebi.ac.uk/pride/archive/projects/PXD071083
PXD071261,2,10,A fold switch regulates conformation of an alphavirus virus RNA-dependent RNA polymerase,PARTIAL,2025-11-26,2026-01-06,https://www.ebi.ac.uk/pride/archive/projects/PXD071261
PXD071331,2,4,"The Shewanella oneidensis Fic enzyme SoFic targets the
switch-I region of EF-Tu for AMPylation",PARTIAL,2025-11-27,2026-09-18,https://www.ebi.ac.uk/pride/archive/projects/PXD071331
PXD071431,2,17,Strep MIWI Elution Mass Spectrometry,PARTIAL,2025-12-01,2026-01-13,https://www.ebi.ac.uk/pride/archive/projects/PXD071431
PXD071473,2,4,CDK12 regulates protein translation independent of kinase activity and its degradation sensitizes colorectal cancer to mTOR inhibition,PARTIAL,2025-12-02,2026-03-19,https://www.ebi.ac.uk/pride/archive/projects/PXD071473
PXD071572,2,4,HCC INSIG1 Mass Spectrometric Analysis,PARTIAL,2025-12-04,2025-12-26,https://www.ebi.ac.uk/pride/archive/projects/PXD071572
PXD071633,2,6,Cryo-EM structure of the human COP1-DET1 ubiquitin ligase complex,PARTIAL,2025-12-05,2026-01-23,https://www.ebi.ac.uk/pride/archive/projects/PXD071633
PXD071875,2,3,Co-immunoprecipitation coupled with mass for OsMADS2 in rice,PARTIAL,2025-12-11,2026-07-09,https://www.ebi.ac.uk/pride/archive/projects/PXD071875
PXD071924,2,3,Identification of SENP8 interacting proteins by LC-MS/MS in mouse GC-1 cells,PARTIAL,2025-12-12,2026-09-07,https://www.ebi.ac.uk/pride/archive/projects/PXD071924
PXD072255,2,4,metablomics for FAH edited HCC cell lines,PARTIAL,2025-12-21,2026-06-22,https://www.ebi.ac.uk/pride/archive/projects/PXD072255
PXD072293,2,4,The protein interactome of the polyG inclusions,PARTIAL,2025-12-22,2026-01-20,https://www.ebi.ac.uk/pride/archive/projects/PXD072293
PXD072401,2,6,hiPSC-derived Mesendoderm cells LC-MSMS,PARTIAL,2025-12-24,2025-12-28,https://www.ebi.ac.uk/pride/archive/projects/PXD072401
PXD072418,2,15,The ULK1-NCOA3 axis restrains de novo lipogenesis and prevents progression of MASLD,PARTIAL,2025-12-25,2026-03-26,https://www.ebi.ac.uk/pride/archive/projects/PXD072418
PXD072588,2,3,Composite SMG5-1 SMG6 PIN domain formation is essential for NMD,PARTIAL,2026-01-02,2026-01-30,https://www.ebi.ac.uk/pride/archive/projects/PXD072588
PXD072862,2,3,Structural basis of amyloid fibril assembly by plant seed storage proteins,PARTIAL,2026-01-09,2026-05-06,https://www.ebi.ac.uk/pride/archive/projects/PXD072862
PXD072962,2,6,Quantitative Proteomics Resolves Spatio-Temporal Remodeling in a Cardiomyocyte-Specific PKP2 Knockout Model of Arrhythmogenic Cardiomyopathy,PARTIAL,2026-01-12,2026-09-18,https://www.ebi.ac.uk/pride/archive/projects/PXD072962
PXD073058,2,4,Mechanism of beta-arrestin 1 mediated Src activation via Src SH3 domain revealed by cryo-electron microscopy,PARTIAL,2026-01-14,2026-01-27,https://www.ebi.ac.uk/pride/archive/projects/PXD073058
PXD073278,2,3,Metabolic licensing of quiescent glioblastoma activation and immune evasion via astrocyte-mitochondria shuttle,PARTIAL,2026-01-20,2026-07-30,https://www.ebi.ac.uk/pride/archive/projects/PXD073278
PXD073347,2,4,Identification of O-GlcNAcylation proteins in the hemolymph of Penaeus vannamei stimulated by Vibrio parahaemolyticus.,PARTIAL,2026-01-21,2026-08-23,https://www.ebi.ac.uk/pride/archive/projects/PXD073347
PXD073462,2,3,Outer Membrane Vesicles Secreted by Bacteroides fragilis Inhibit CFTR Chloride Secretion by Human Colon Organoids,PARTIAL,2026-01-23,2026-05-21,https://www.ebi.ac.uk/pride/archive/projects/PXD073462
PXD073484,2,4,Ubiquitin diGly site ampping on ZNFX1 autoubiquitination reactions,PARTIAL,2026-01-23,2026-05-22,https://www.ebi.ac.uk/pride/archive/projects/PXD073484
PXD073573,2,3,Metabolic licensing of quiescent glioblastoma activation and immune evasion via astrocyte-mitochondria shuttle,PARTIAL,2026-01-26,2026-07-30,https://www.ebi.ac.uk/pride/archive/projects/PXD073573
PXD073594,2,11,Endogenous dsRNA Co-IP in SHG cells,COMPLETE,2026-01-26,2026-02-12,https://www.ebi.ac.uk/pride/archive/projects/PXD073594
PXD073599,2,3,A lineage master regulator and cancer-selective partner transcription factor reprogram 3D chromatin topology to establish tumor-specific gene control,PARTIAL,2026-01-27,2026-09-14,https://www.ebi.ac.uk/pride/archive/projects/PXD073599
PXD073688,2,6,Systematic evaluation of PASEF acquisition strategies in complex metaproteomes,PARTIAL,2026-01-28,2026-07-03,https://www.ebi.ac.uk/pride/archive/projects/PXD073688
PXD073871,2,3,Laboratory and in-situ insights into the chemoautotrophic and zero-valent sulfur formation pathway in a cold-seep bacterium,PARTIAL,2026-01-31,2026-02-25,https://www.ebi.ac.uk/pride/archive/projects/PXD073871
PXD073884,2,59,Proteomic studies of es incorporation in S. cattleya WT and ΔbesG strains.,PARTIAL,2026-02-01,2026-06-07,https://www.ebi.ac.uk/pride/archive/projects/PXD073884
PXD073998,2,5,Human Lactyl Adenosine IPRP-UHPLC QTOF-MS,PARTIAL,2026-02-03,2026-09-04,https://www.ebi.ac.uk/pride/archive/projects/PXD073998
PXD074053,2,4,mTRACE: Modification-enabled Tracking of RNA-associated Cellular Events,PARTIAL,2026-02-04,2026-09-09,https://www.ebi.ac.uk/pride/archive/projects/PXD074053
PXD074105,2,4,InstaNovo-P: A de novo peptide sequencing model for phosphoproteomics,PARTIAL,2026-02-05,2026-05-20,https://www.ebi.ac.uk/pride/archive/projects/PXD074105
PXD074143,2,4,Exploring the molecular mechanism of bone metastasis in prostate cancer,PARTIAL,2026-02-06,2026-05-31,https://www.ebi.ac.uk/pride/archive/projects/PXD074143
PXD074236,2,4,SLC33A1 exports oxidized glutathione to maintain endoplasmic reticulum redox homeostasis,PARTIAL,2026-02-09,2026-02-13,https://www.ebi.ac.uk/pride/archive/projects/PXD074236
PXD074339,2,4,IP-LC-MS/MS assay using 10-day-old Arabidopsis BSK1-overexpressing seedlings to identify candidate proteinsIP-LC-MS/MS assay using 10-day-old Arabidopsis BSK1-overexpressing seedlings to identify candidate proteins.,PARTIAL,2026-02-11,2026-03-03,https://www.ebi.ac.uk/pride/archive/projects/PXD074339
PXD074456,2,3,LC-MS/MS analysis of KIF11-binding proteins,PARTIAL,2026-02-13,2026-02-13,https://www.ebi.ac.uk/pride/archive/projects/PXD074456
PXD074483,2,4,Cardiomyocyte Cyclin-dependent kinase 9 directly binds to and phosphorylates NF-κB p65 subunit to drive cardiac inflammation and remodeling,PARTIAL,2026-02-14,2026-06-14,https://www.ebi.ac.uk/pride/archive/projects/PXD074483
PXD074495,2,6,Quantification of glycated rat serum albumin peptides,PARTIAL,2026-02-15,2026-06-28,https://www.ebi.ac.uk/pride/archive/projects/PXD074495
PXD074503,2,3,High-risk EBV promotes immune evasion in nasopharyngeal carcinoma by upregulating HLA-DP via the encoded BALF2-HR variant,PARTIAL,2026-02-16,2026-02-17,https://www.ebi.ac.uk/pride/archive/projects/PXD074503
PXD074514,2,4,Tumor-Associated Senescent Non-Classical Monocytes Facilitate Immune Suppression and Advanced Prostate Cancer Progression through Tumor and Host Immune Interactions,PARTIAL,2026-02-16,2026-09-03,https://www.ebi.ac.uk/pride/archive/projects/PXD074514
PXD074548,2,8,Development of Proteome Derived Cyclic Peptide Libraries via Ortho Phthalaldehyde Assisted Cyclization,PARTIAL,2026-02-17,2026-09-03,https://www.ebi.ac.uk/pride/archive/projects/PXD074548
PXD074603,2,12,A porcine spectral assay library to quantify brain proteome by DIA-MS,PARTIAL,2026-02-18,2026-05-18,https://www.ebi.ac.uk/pride/archive/projects/PXD074603
PXD074635,2,4,Integrated tissue and urinary proteomic analysis of prostate cancer and MRI visibility,PARTIAL,2026-02-19,2026-04-05,https://www.ebi.ac.uk/pride/archive/projects/PXD074635
PXD074763,2,34,Vertebrate skeletal tissue evolution: identifying the diversity of proteins in the calvaria bone of metamorphic Xenopus laevis,COMPLETE,2026-02-24,2026-09-14,https://www.ebi.ac.uk/pride/archive/projects/PXD074763
PXD074830,2,19,dia-PASEF Enables Rapid Profiling of the Human Secretome for Deeper Insights into Cellular Dynamics and Inflammatory Mechanisms,PARTIAL,2026-02-25,2026-05-26,https://www.ebi.ac.uk/pride/archive/projects/PXD074830
PXD074963,2,7,A GABARAP−PtdIns3K-C1 positive feedback loop at the heart of the phagophore nucleation,PARTIAL,2026-02-27,2026-07-02,https://www.ebi.ac.uk/pride/archive/projects/PXD074963
PXD075099,2,10,Integrated omics-based mechanistical insights into a membrane-targeting antibacterial,PARTIAL,2026-03-02,2026-05-22,https://www.ebi.ac.uk/pride/archive/projects/PXD075099
PXD075140,2,7,Human Angiotensin-Converting Enzyme 2-Specific Benzothiazole Allosteric Inhibitor  against Pan-Sarbecoviruses,PARTIAL,2026-03-03,2026-05-01,https://www.ebi.ac.uk/pride/archive/projects/PXD075140
PXD075166,2,5,Brassinosteroids regulate gluconeogenesis through BIN2 phosphorylation of Phosphoenolpyruvate Carboxykinase 1,PARTIAL,2026-03-03,2026-09-16,https://www.ebi.ac.uk/pride/archive/projects/PXD075166
PXD075197,2,3,Salmonella-derived heme inhibits macrophage phagocytosis and promotes infection in mice,PARTIAL,2026-03-04,2026-04-07,https://www.ebi.ac.uk/pride/archive/projects/PXD075197
PXD075393,2,7,Proteomic profiling of conditioned medium from rotational trophoblast organoids (hTOr),PARTIAL,2026-03-09,2026-03-10,https://www.ebi.ac.uk/pride/archive/projects/PXD075393
PXD075695,2,4,Biofilm-associated extracellular material in Shewanella oneidensis MR-1,PARTIAL,2026-03-16,2026-09-07,https://www.ebi.ac.uk/pride/archive/projects/PXD075695
PXD075809,2,5,Shedding light on plant proteolysis: genetically encoded fluorescent sensors as tools for profiling protease activities,PARTIAL,2026-03-18,2026-07-04,https://www.ebi.ac.uk/pride/archive/projects/PXD075809
PXD075984,2,9,Dengue virus recombinant NS1 sample LC-MSMS,COMPLETE,2026-03-22,2026-03-25,https://www.ebi.ac.uk/pride/archive/projects/PXD075984
PXD076304,2,10,Proteomics results from heterologous expression of Monocillin in Saccharomyces cerevisiae POP4,PARTIAL,2026-03-30,2026-05-13,https://www.ebi.ac.uk/pride/archive/projects/PXD076304
PXD076314,2,5,Nitrate-Sialin2 Axis Couples ER-Mitochondrial Calcium Signaling with Fatty Acid Metabolism to Drive White Adipose Browning,PARTIAL,2026-03-30,2026-05-20,https://www.ebi.ac.uk/pride/archive/projects/PXD076314
PXD076398,2,7,Proteomic analysis reveals shared biological pathways linking acrolein to biomolecular changes in the acute phase of rat spinal cord injury,PARTIAL,2026-03-31,2026-04-02,https://www.ebi.ac.uk/pride/archive/projects/PXD076398
PXD076440,2,18,Comprehensive Proteomics Profiling of Zebrafish Retina Using a Hybrid DDA/DIA-PASEF Spectral Library on a timsTOF Pro 2 Mass Spectrometer,PARTIAL,2026-04-01,2026-06-17,https://www.ebi.ac.uk/pride/archive/projects/PXD076440
PXD076496,2,5,Statistical crystallography reveals an allosteric network in SARS-CoV-2 Mpro,PARTIAL,2026-04-02,2026-04-14,https://www.ebi.ac.uk/pride/archive/projects/PXD076496
PXD077311,2,3,Identification of PPARα-associated proteins in mouse macrophages by immunoprecipitation coupled with Q Exactive LC-MS/MS,PARTIAL,2026-04-17,2026-09-09,https://www.ebi.ac.uk/pride/archive/projects/PXD077311
PXD077448,2,7,"FLAG-IP, FLAG-FBXO7 samples with either full-length or C-terminally truncated FBXO7 expressed with or without PI31 present",COMPLETE,2026-04-21,2026-06-22,https://www.ebi.ac.uk/pride/archive/projects/PXD077448
PXD077483,2,5,Recombinant Ag85B Glycoproteomics,PARTIAL,2026-04-22,2026-05-24,https://www.ebi.ac.uk/pride/archive/projects/PXD077483
PXD077488,2,7,Metaproteomics on biological phosphorus removal microbes,PARTIAL,2026-04-22,2026-06-07,https://www.ebi.ac.uk/pride/archive/projects/PXD077488
PXD077526,2,4,In vitro PhoX cross-linking of purified hsMic60,PARTIAL,2026-04-23,2026-08-04,https://www.ebi.ac.uk/pride/archive/projects/PXD077526
PXD077818,2,5,EZH2 pre-mRNA pull-down screening for proteins that regulate EZH2 alternative splicing,PARTIAL,2026-04-29,2026-04-30,https://www.ebi.ac.uk/pride/archive/projects/PXD077818
PXD077920,2,9,Proteomic Characterisation of Human Osteoblast-Derived Decellularised Extracellular Matrix for Osteogenic Repair,COMPLETE,2026-05-01,2026-05-26,https://www.ebi.ac.uk/pride/archive/projects/PXD077920
PXD077946,2,4,Refining liquid chromatography conditions across platforms to democratize single-cell proteomics,PARTIAL,2026-05-02,2026-09-14,https://www.ebi.ac.uk/pride/archive/projects/PXD077946
PXD077984,2,6,Identification of the protein network associated with EGFP::ATG16L1 and ARHGAP15::MYC,COMPLETE,2026-05-04,2026-06-18,https://www.ebi.ac.uk/pride/archive/projects/PXD077984
PXD078115,2,6,Potential proteins associated with Rras2 in human BMSCs using LC-MS/MS,PARTIAL,2026-05-07,2026-05-14,https://www.ebi.ac.uk/pride/archive/projects/PXD078115
PXD078286,2,4,A c-di-AMP receptor mediates epithelial adhesion of Lactiplantibacillus plantarum,PARTIAL,2026-05-13,2026-05-25,https://www.ebi.ac.uk/pride/archive/projects/PXD078286
PXD078419,2,7,Oligodendroglioma cells modulate tumour growth via extracellular vesicle biogenesis,COMPLETE,2026-05-15,2026-07-01,https://www.ebi.ac.uk/pride/archive/projects/PXD078419
PXD078848,2,10,Novel mechanistic insights into mutations that cause diseases of phosphate dysregulation,COMPLETE,2026-05-26,2026-07-24,https://www.ebi.ac.uk/pride/archive/projects/PXD078848
PXD078855,2,3,HeLa mitotic phase EPLIN phosphorylation sites LC-MSMS,PARTIAL,2026-05-26,2026-09-14,https://www.ebi.ac.uk/pride/archive/projects/PXD078855
PXD078927,2,5,Mice BMDCs LCMS datta analysis for showing cross presentation in Antigen presenting cells,COMPLETE,2026-05-27,2026-05-28,https://www.ebi.ac.uk/pride/archive/projects/PXD078927
PXD078987,2,6,p62/SQSTM1 tyrosine phosphorylation LC-MS/MS,PARTIAL,2026-05-28,2026-07-07,https://www.ebi.ac.uk/pride/archive/projects/PXD078987
PXD079127,2,10,Plasma and Extracellular Vesicle Proteomic Signatures of traumatic  brain injury (TBI) in Polytrauma,PARTIAL,2026-06-01,2026-09-14,https://www.ebi.ac.uk/pride/archive/projects/PXD079127
PXD079132,2,7,Mice BMDCs LCMS datta analysis for showing cross presentation in Antigen presenting cells,COMPLETE,2026-06-01,2026-06-02,https://www.ebi.ac.uk/pride/archive/projects/PXD079132
PXD079145,2,5,Evaluation of FASP for mass spectrometry-based untargeted metabolomics analysis of urine samples,PARTIAL,2026-06-01,2026-06-01,https://www.ebi.ac.uk/pride/archive/projects/PXD079145
PXD079423,2,4,Adaptation of white adipocytes to cooler temperatures: adipocytes cultured at either 37°C or 31°C,PARTIAL,2026-06-09,2026-09-07,https://www.ebi.ac.uk/pride/archive/projects/PXD079423
PXD079633,2,3,Identify HSV-1 proteins binding to CAD,PARTIAL,2026-06-12,2026-09-09,https://www.ebi.ac.uk/pride/archive/projects/PXD079633
PXD079679,2,3,Bos taurus ovarian granulosa cell,PARTIAL,2026-06-14,2026-07-17,https://www.ebi.ac.uk/pride/archive/projects/PXD079679
PXD079684,2,3,Bos taurus ovarian granulosa cell succinylation,PARTIAL,2026-06-15,2026-07-17,https://www.ebi.ac.uk/pride/archive/projects/PXD079684
PXD079895,2,14,Identification of tau-isoforms in muscle by IP-PRM-MS,PARTIAL,2026-06-18,2026-09-03,https://www.ebi.ac.uk/pride/archive/projects/PXD079895
PXD081082,2,3,Annexin A2 facilitates Japanese encephalitis virus replication by regulating endocytosis and intracellular transport in PK15 cells (Co-IP proteomics dataset),PARTIAL,2026-07-14,2026-09-14,https://www.ebi.ac.uk/pride/archive/projects/PXD081082
PXD081136,2,12,ATR-dependent phosphorylation of the histone acetyltransferase HBO1 suppresses chromatin binding and promotes replication stress responses.,PARTIAL,2026-07-15,2026-09-14,https://www.ebi.ac.uk/pride/archive/projects/PXD081136
PXD081486,2,4,LolDF-mediated lipoprotein transport LC-MSMS in Acinetobacter,PARTIAL,2026-07-22,2026-08-04,https://www.ebi.ac.uk/pride/archive/projects/PXD081486
PXD081552,2,6,Immunoprecipitation coupled to LC-MS/MS analysis of Flag and Flag-DJ-1 complexes in HEK293T cells,PARTIAL,2026-07-23,2026-07-24,https://www.ebi.ac.uk/pride/archive/projects/PXD081552
PXD082486,2,7,Mapping of ATR–ATRIP phosphorylation sites before and after autophosphorylation,PARTIAL,2026-08-13,2026-08-18,https://www.ebi.ac.uk/pride/archive/projects/PXD082486
PXD082525,2,5,Raf1 Regulates Glutamine Catabolism Crosslinking Mass Spectrometry,PARTIAL,2026-08-13,2026-08-20,https://www.ebi.ac.uk/pride/archive/projects/PXD082525
PXD082747,2,5,Quantitative proteomic analysis of ubiquitin expression in SILAC-labeled wild-type and MPND-knockout H1975 cells,PARTIAL,2026-08-18,2026-08-18,https://www.ebi.ac.uk/pride/archive/projects/PXD082747
PXD083435,2,8,Identification of SCGB3A1-interacting proteins by pull-down coupled with mass spectrometry,PARTIAL,2026-08-31,2026-09-03,https://www.ebi.ac.uk/pride/archive/projects/PXD083435
PXD084162,2,4,Characterisation of prostate cancer sialome re-engineering via CMAH transfection,PARTIAL,2026-09-14,2026-09-14,https://www.ebi.ac.uk/pride/archive/projects/PXD084162
PXD084174,2,3,Optimization of MBT-ASTRA assay conditions for rapid MALDI-TOF MS-based detection of antibiotic resistance in Klebsiella pneumoniae and Staphylococcus aureus,PARTIAL,2026-09-15,2026-09-16,https://www.ebi.ac.uk/pride/archive/projects/PXD084174
PXD000042,3,6,Human plasma LC-MS/MS - Human plasma partitioning with acetonitrile,PARTIAL,2012-09-28,2012-12-05,https://www.ebi.ac.uk/pride/archive/projects/PXD000042
PXD000244,3,7,14-3-3 membrane protein interactome,PARTIAL,2016-05-10,2016-05-10,https://www.ebi.ac.uk/pride/archive/projects/PXD000244
PXD000423,3,9,"Resolution of the type material of the Asian elephant, Elephas maximus (Proboscidea: Elephantidae) Linnaeus, 1758",PARTIAL,2013-08-20,2013-11-04,https://www.ebi.ac.uk/pride/archive/projects/PXD000423
PXD000602,3,10,UPS1 and UPS2 proteins diluted in E. coli,PARTIAL,2013-11-25,2013-12-05,https://www.ebi.ac.uk/pride/archive/projects/PXD000602
PXD000632,3,15,FLAG-affinity pulldown experiments with sll1214 and sll1874 from Synechocystis,COMPLETE,2013-12-10,2015-08-05,https://www.ebi.ac.uk/pride/archive/projects/PXD000632
PXD000697,3,6,Alterations in the Interactome of Serine/Threonine Protein Phosphatase Type-1 in Atrial Fibrillation Patients,PARTIAL,2015-03-30,2015-03-30,https://www.ebi.ac.uk/pride/archive/projects/PXD000697
PXD000732,3,15,Understanding the antimicrobial mechanism of TiO2-based nanocomposite films in a pathogenic bacterium,COMPLETE,2014-01-31,2014-04-16,https://www.ebi.ac.uk/pride/archive/projects/PXD000732
PXD000770,3,9,Cellular and proteomics analysis of the endomembrane system from the unicellular Entamoeba histolytica,PARTIAL,2014-02-20,2014-08-13,https://www.ebi.ac.uk/pride/archive/projects/PXD000770
PXD000868,3,5,Large-scale phosphoproteome analysis in seedling leaves of Brachypodium distachyon L,PARTIAL,2014-04-01,2016-07-09,https://www.ebi.ac.uk/pride/archive/projects/PXD000868
PXD000981,3,6,"Heparin_sepharose_A.thaliana -  The peptide microarray ""ChloroPhos1",PARTIAL,2014-05-16,2016-07-08,https://www.ebi.ac.uk/pride/archive/projects/PXD000981
PXD001074,3,13,BDNF stimulation of protein synthesis in cortical neurons requires the eIF4E kinase Mnk1,PARTIAL,2014-06-23,2014-11-06,https://www.ebi.ac.uk/pride/archive/projects/PXD001074
PXD001117,3,13,Human Cardiac Stem Cells Receptome,PARTIAL,2014-09-17,2015-01-30,https://www.ebi.ac.uk/pride/archive/projects/PXD001117
PXD001127,3,4,C-terminal Domain Small Phosphatase 1 and MAP kinase reciprocally control REST stability and neuronal differentiation.,PARTIAL,2014-07-11,2014-09-15,https://www.ebi.ac.uk/pride/archive/projects/PXD001127
PXD001177,3,15,MPK phosphorylation of CDKC -  Modulation of RNA polymerase II phosphorylation downstream of pathogen perception orchestrates plant immunity,COMPLETE,2014-07-28,2019-06-04,https://www.ebi.ac.uk/pride/archive/projects/PXD001177
PXD001180,3,7,Human brain phosphoproteome analyzed by refined phosphopeptide enrichment and high resolution LC-MS/MS,PARTIAL,2014-07-29,2015-01-28,https://www.ebi.ac.uk/pride/archive/projects/PXD001180
PXD001182,3,7,Metabolic changes in adaptation to biofilm growth by streptococcus pneumoniae,PARTIAL,2014-07-29,2014-09-10,https://www.ebi.ac.uk/pride/archive/projects/PXD001182
PXD001207,3,9,The proteome of tic56-1 plastids after thermolysin treatment,PARTIAL,2014-08-26,2015-02-03,https://www.ebi.ac.uk/pride/archive/projects/PXD001207
PXD001331,3,18,Insight into the proteome of axenic Crithidia fasciculata choanomastigotes,COMPLETE,2014-09-16,2015-07-10,https://www.ebi.ac.uk/pride/archive/projects/PXD001331
PXD001426,3,9,EBprot: Bayesian Analysis of Labelling-based Quantitative Proteomics Data,PARTIAL,2014-10-21,2015-06-29,https://www.ebi.ac.uk/pride/archive/projects/PXD001426
PXD001518,3,16,"Stone-dwelling actinobacteria Blastococcus saxobsidens, Modestobacter marinus and Geodermatophilus obscurus proteogenomes",COMPLETE,2014-11-20,2015-08-03,https://www.ebi.ac.uk/pride/archive/projects/PXD001518
PXD001519,3,16,Blastococcus saxobsidens DD2 proteomics,COMPLETE,2014-11-20,2015-08-03,https://www.ebi.ac.uk/pride/archive/projects/PXD001519
PXD001520,3,16,Geodermatophilus obscurus DSM43160 proteomics,COMPLETE,2014-11-20,2015-08-03,https://www.ebi.ac.uk/pride/archive/projects/PXD001520
PXD001601,3,7,Comparative proteomic analysis to study the involvement of the Tor pathway in the human-pathogenic fungus Aspergillus fumigatus,PARTIAL,2014-12-12,2022-02-28,https://www.ebi.ac.uk/pride/archive/projects/PXD001601
PXD001727,3,7,Use of hide glue in 4th millennium BC Europe,PARTIAL,2015-01-23,2015-08-20,https://www.ebi.ac.uk/pride/archive/projects/PXD001727
PXD001846,3,4,SILAC Mass Spectrometry of U2AF2 Interactome in Resting and Activated CD4 T cells,PARTIAL,2015-02-26,2016-04-27,https://www.ebi.ac.uk/pride/archive/projects/PXD001846
PXD001851,3,6,Protein solution method for direct identification of Arabidopsis stem proteins,PARTIAL,2015-02-27,2015-05-11,https://www.ebi.ac.uk/pride/archive/projects/PXD001851
PXD001876,3,7,Identification of myristoylated proteins in zebrafish (Danio rerio),PARTIAL,2015-03-06,2015-03-30,https://www.ebi.ac.uk/pride/archive/projects/PXD001876
PXD001884,3,15,Arabidopsis endomembrane enrichments: Affinity enrichment of mCherry bait,COMPLETE,2015-03-06,2015-04-22,https://www.ebi.ac.uk/pride/archive/projects/PXD001884
PXD001885,3,15,Arabidopsis endomembrane enrichments: Affinity enrichment of GFP bait,COMPLETE,2015-03-06,2015-04-22,https://www.ebi.ac.uk/pride/archive/projects/PXD001885
PXD001909,3,5,Proteomic Identification of Nuclear Processes Manipulated by Cytomegalovirus Early during Infection,PARTIAL,2015-03-12,2015-06-23,https://www.ebi.ac.uk/pride/archive/projects/PXD001909
PXD001932,3,15,p65-HaloTag copurifying proteins in human 293T cells,COMPLETE,2015-03-13,2018-10-19,https://www.ebi.ac.uk/pride/archive/projects/PXD001932
PXD002097,3,13,Phosphotyrosine profiling of curcumin-induced signaling,PARTIAL,2015-04-22,2018-10-24,https://www.ebi.ac.uk/pride/archive/projects/PXD002097
PXD002158,3,9,Members of the Plant CRK-superfamily are Capable of trans-/auto-Phosphorylation of Tyrosine Residues,PARTIAL,2015-05-11,2018-10-24,https://www.ebi.ac.uk/pride/archive/projects/PXD002158
PXD002202,3,4,Ubiquitin S65 proteomics:  Association of ubiquitin mutants with ubiqiutin binding domains,PARTIAL,2015-05-19,2015-07-07,https://www.ebi.ac.uk/pride/archive/projects/PXD002202
PXD002204,3,5,Ubiquitin S65 proteomics:  S65E Ubiquitin full replacement protein quantitation,PARTIAL,2015-05-19,2015-07-07,https://www.ebi.ac.uk/pride/archive/projects/PXD002204
PXD002256,3,18,"Identification of proteins interacting with extracellularly applied α-syn assemblies, Condition 1 - controls (1/8)",COMPLETE,2015-05-29,2015-09-07,https://www.ebi.ac.uk/pride/archive/projects/PXD002256
PXD002257,3,18,"Identification of proteins interacting with extracellularly applied α-syn assemblies, Condition 1 - biological replicates (2/8)",COMPLETE,2015-05-29,2015-09-07,https://www.ebi.ac.uk/pride/archive/projects/PXD002257
PXD002258,3,18,"Identification of proteins interacting with extracellularly applied α-syn assemblies, Condition 2 - controls (3/8)",COMPLETE,2015-05-29,2015-09-07,https://www.ebi.ac.uk/pride/archive/projects/PXD002258
PXD002259,3,18,"Identification of proteins interacting with extracellularly applied α-syn assemblies, Condition 2 - biological replicates (4/8)",COMPLETE,2015-05-29,2015-09-07,https://www.ebi.ac.uk/pride/archive/projects/PXD002259
PXD002260,3,18,"Identification of proteins interacting with extracellularly applied α-syn assemblies, Condition 3 - controls (5/8)",COMPLETE,2015-05-29,2015-09-07,https://www.ebi.ac.uk/pride/archive/projects/PXD002260
PXD002261,3,18,"Identification of proteins interacting with extracellularly applied α-syn assemblies, Condition 3 - biological replicates (6/8)",COMPLETE,2015-05-29,2015-09-07,https://www.ebi.ac.uk/pride/archive/projects/PXD002261
PXD002262,3,18,"Identification of proteins interacting with extracellularly applied α-syn assemblies, Condition 4 - controls (7/8)",COMPLETE,2015-05-29,2015-09-07,https://www.ebi.ac.uk/pride/archive/projects/PXD002262
PXD002263,3,18,"Identification of proteins interacting with extracellularly applied α-syn assemblies, Condition 4 - biological replicates (8/8)",COMPLETE,2015-05-29,2015-09-07,https://www.ebi.ac.uk/pride/archive/projects/PXD002263
PXD002337,3,5,F1 allele specific gene expression,PARTIAL,2015-06-09,2015-08-18,https://www.ebi.ac.uk/pride/archive/projects/PXD002337
PXD002342,3,6,The dynamic regulatory genome of Capsaspora owczarzaki and the origin of animal multicellularity,PARTIAL,2015-06-10,2018-10-24,https://www.ebi.ac.uk/pride/archive/projects/PXD002342
PXD002345,3,8,Changes in the ascending aorta proteome of cholesterol-fed rabbits,PARTIAL,2015-06-10,2018-06-21,https://www.ebi.ac.uk/pride/archive/projects/PXD002345
PXD002353,3,10,Quantitative proteomics Reveals Targets of Protein Kinase SnRK1 in Arabidopsis under Submergence,PARTIAL,2015-06-11,2016-04-07,https://www.ebi.ac.uk/pride/archive/projects/PXD002353
PXD002364,3,16,Phosphoproteome of Magnaporthe oryzae,COMPLETE,2015-06-12,2017-07-17,https://www.ebi.ac.uk/pride/archive/projects/PXD002364
PXD002466,3,10,Wdr13-/0 compared to wild-type mice hippocampus and pre-frontal cortex iTRAQ proteomics,PARTIAL,2016-11-15,2017-01-03,https://www.ebi.ac.uk/pride/archive/projects/PXD002466
PXD002611,3,6,Heme-activated Promiscuous Targeting of Artemisinin in Plasmodium falciparum,PARTIAL,2015-07-28,2015-12-17,https://www.ebi.ac.uk/pride/archive/projects/PXD002611
PXD002661,3,6,Global Metabonomic and Proteomic Analysis of Human Conjunctival Epithelial Cells (IOBA-NHC) in Response to Hyperosmotic Stress,PARTIAL,2015-08-04,2015-08-17,https://www.ebi.ac.uk/pride/archive/projects/PXD002661
PXD002726,3,19,Optimized data analysis avoiding trypsin artefacts,COMPLETE,2015-08-14,2016-04-15,https://www.ebi.ac.uk/pride/archive/projects/PXD002726
PXD002740,3,4,Succinylome analyses in the germinating rice seed,PARTIAL,2015-08-17,2016-01-26,https://www.ebi.ac.uk/pride/archive/projects/PXD002740
PXD002803,3,11,Direct glycan structure determination of intact N-linked glycopeptides by low-energy collision-induced association tandem mass spectrometry and predicted spectral library searching,PARTIAL,2015-08-27,2016-08-17,https://www.ebi.ac.uk/pride/archive/projects/PXD002803
PXD002851,3,9,Quantitative proteomics reveals an important role of GsCBRLK in salt stress response of soybean,PARTIAL,2015-09-04,2016-05-23,https://www.ebi.ac.uk/pride/archive/projects/PXD002851
PXD002936,3,6,The Proteome of the Infectious Bronchitis Virus Beau-R Virion,PARTIAL,2015-09-17,2016-02-15,https://www.ebi.ac.uk/pride/archive/projects/PXD002936
PXD003192,3,15,Gardnerella vaginalis cell surface shaving,COMPLETE,2015-11-16,2018-06-06,https://www.ebi.ac.uk/pride/archive/projects/PXD003192
PXD003209,3,20,Proteomics of Extracellular Vesicles Harvested with ExtraPEG,COMPLETE,2016-02-17,2016-04-18,https://www.ebi.ac.uk/pride/archive/projects/PXD003209
PXD003212,3,18,The Trichomonas PACK proteome -  The Cytoskeleton of Parabasalian Parasites Comprises Proteins that Share Properties Common to Intermediate Filament Proteins,COMPLETE,2015-11-19,2016-10-10,https://www.ebi.ac.uk/pride/archive/projects/PXD003212
PXD003309,3,11,Systems-wide analysis of manganese deficiency-induced changes in gene activity of Arabidopsis roots,PARTIAL,2015-12-09,2018-10-26,https://www.ebi.ac.uk/pride/archive/projects/PXD003309
PXD003327,3,7,Known ratios of SILAC labels in E. Coli,PARTIAL,2015-12-11,2016-03-01,https://www.ebi.ac.uk/pride/archive/projects/PXD003327
PXD003356,3,15,Quantitative Profiling of Protein S-Glutathionylation during Nanoparticle-Induced Oxidative Stress,COMPLETE,2015-12-16,2016-08-02,https://www.ebi.ac.uk/pride/archive/projects/PXD003356
PXD003385,3,8,Characterisation and use of orthotopically grownHapT1tumours in its homologous host as a preclinical model to evaluate novel drugs against desmoplastic pancreatic cancer,PARTIAL,2015-12-23,2018-10-26,https://www.ebi.ac.uk/pride/archive/projects/PXD003385
PXD003403,3,7,Denaturing and native top-down venomics:  Mapping proteoforms and protein complexes from king cobra venom,PARTIAL,2016-05-06,2016-05-18,https://www.ebi.ac.uk/pride/archive/projects/PXD003403
PXD003752,3,12,Integration of two in-depth proteomics approaches determines the high grade serous ovarian cancer-associated kallikrein-related peptidase 7 (KLK7) degradome,COMPLETE,2016-03-08,2019-02-15,https://www.ebi.ac.uk/pride/archive/projects/PXD003752
PXD003779,3,16,Differential protein expression of midgut proteins of An. culicifacies species A and species B using iTRAQ approach,COMPLETE,2016-03-14,2018-10-24,https://www.ebi.ac.uk/pride/archive/projects/PXD003779
PXD003784,3,5,PRICKLE1,PARTIAL,2016-03-14,2022-03-02,https://www.ebi.ac.uk/pride/archive/projects/PXD003784
PXD003800,3,12,Epstein-Barr virus protein EB2 stimulates translation initiation of mRNAs through direct interactions with both PABP and eIF4G,COMPLETE,2016-03-17,2022-03-03,https://www.ebi.ac.uk/pride/archive/projects/PXD003800
PXD003812,3,7,Integration of two in-depth proteomics approaches determines the high grade serous ovarian cancer-associated kallikrein-related peptidase 7 (KLK7) degradome,PARTIAL,2016-03-18,2019-02-15,https://www.ebi.ac.uk/pride/archive/projects/PXD003812
PXD003839,3,6,CLK IP-MS -  CLK-dependent exon recognition and conjoined gene formation revealed with a novel small molecule inhibitor,PARTIAL,2016-03-22,2017-03-14,https://www.ebi.ac.uk/pride/archive/projects/PXD003839
PXD003845,3,7,Ratios of SILAC labels in E. Coli,PARTIAL,2016-03-23,2016-08-16,https://www.ebi.ac.uk/pride/archive/projects/PXD003845
PXD004019,3,6,AP-MS analysis of m7GTP-binding proteins in Murine norovirus infected BV-2 cells,PARTIAL,2016-04-20,2016-07-07,https://www.ebi.ac.uk/pride/archive/projects/PXD004019
PXD004074,3,6,Pre-40S ribosome biogenesis factor Tsr1 is an inactive structural mimic of translational GTPases,PARTIAL,2016-04-28,2017-02-08,https://www.ebi.ac.uk/pride/archive/projects/PXD004074
PXD004267,3,22,Identification of poly(ADP-ribosyl)ation targets reveals a role of DAWDLE in Arabidopsis immunity,COMPLETE,2016-07-28,2018-10-27,https://www.ebi.ac.uk/pride/archive/projects/PXD004267
PXD004286,3,10,LC-MS/MS Data for Identification of ChREBP O-GlcNAcylation,PARTIAL,2016-11-04,2017-05-04,https://www.ebi.ac.uk/pride/archive/projects/PXD004286
PXD004323,3,7,Sulfurihydrogenibium proteomics,PARTIAL,2016-06-14,2020-05-26,https://www.ebi.ac.uk/pride/archive/projects/PXD004323
PXD004355,3,4,Characterization of protein deamidation by shotgun proteomics,PARTIAL,2016-06-17,2018-07-04,https://www.ebi.ac.uk/pride/archive/projects/PXD004355
PXD004451,3,5,Dendritic cells infected with Salmonella enterica,PARTIAL,2016-06-28,2016-12-14,https://www.ebi.ac.uk/pride/archive/projects/PXD004451
PXD004591,3,12,Integration of two in-depth proteomics approaches determines the high grade serous ovarian cancer-associated kallikrein-related peptidase 7 (KLK7) degradome,COMPLETE,2016-07-18,2019-02-15,https://www.ebi.ac.uk/pride/archive/projects/PXD004591
PXD004712,3,6,Chlorella sp. FC2 IITG temporal nitrogen-starvation LC-MSMS,PARTIAL,2016-08-03,2018-10-26,https://www.ebi.ac.uk/pride/archive/projects/PXD004712
PXD004802,3,5,Proteome-wide profiling of protein lysine acetylation in Aspergillus flavus,PARTIAL,2016-08-15,2017-06-12,https://www.ebi.ac.uk/pride/archive/projects/PXD004802
PXD004817,3,10,Proteomic and phosphoproteomic analysis of cell response to photon and particle irradiation,PARTIAL,2016-08-16,2017-03-20,https://www.ebi.ac.uk/pride/archive/projects/PXD004817
PXD004862,3,5,Quantification of sulfenic acid modification in an atherosclerosis,PARTIAL,2016-08-18,2016-10-10,https://www.ebi.ac.uk/pride/archive/projects/PXD004862
PXD004869,3,15,Quantitative phosphoproteomics of drought-stressed Arabidopsis thaliana Col-0 wild type as well as mutants of Clade E and Clade A (Highly ABA-Induced 1) protein phosphatase 2Cs.,PARTIAL,2016-08-19,2017-01-17,https://www.ebi.ac.uk/pride/archive/projects/PXD004869
PXD004871,3,5,Dysregulated Proteolysis of Extracellular Matrix Proteins Regulates Influenza and Pneumonia Co-infection Associated Mortality,PARTIAL,2016-08-19,2019-11-19,https://www.ebi.ac.uk/pride/archive/projects/PXD004871
PXD004899,3,6,Proteomic profiling of ectodermal basal disc cells secretion of Hydra,PARTIAL,2016-08-25,2017-08-18,https://www.ebi.ac.uk/pride/archive/projects/PXD004899
PXD004949,3,4,Proteogenomics of adenosine-to-inosine RNA editing in fruit fly,PARTIAL,2016-09-12,2019-03-13,https://www.ebi.ac.uk/pride/archive/projects/PXD004949
PXD004983,3,6,AP-MS analysis of m7GTP-binding proteins in Murine norovirus infected BV-2 cells (v2),PARTIAL,2016-09-16,2017-01-17,https://www.ebi.ac.uk/pride/archive/projects/PXD004983
PXD005090,3,15,Assessing actin-pathway interactions in variants identified in patients with ocular coloboma,COMPLETE,2016-10-03,2017-05-24,https://www.ebi.ac.uk/pride/archive/projects/PXD005090
PXD005120,3,6,"Huntingtin inclusions trigger cellular quiescence, deactivate apoptosis and lead to delayed necrosis",PARTIAL,2016-10-10,2017-05-04,https://www.ebi.ac.uk/pride/archive/projects/PXD005120
PXD005182,3,5,Quantitative analysis of YAP effects in podocytes,PARTIAL,2016-10-19,2017-05-02,https://www.ebi.ac.uk/pride/archive/projects/PXD005182
PXD005238,3,6,Significant and unique changes in phosphorylation levels of nine phosphoproteins of leaves of two apple rootstock genotypes under drought stress,PARTIAL,2016-10-28,2016-11-08,https://www.ebi.ac.uk/pride/archive/projects/PXD005238
PXD005245,3,16,Quantitative proteomic analysis of glioblastoma subpopulations,PARTIAL,2016-11-01,2018-03-08,https://www.ebi.ac.uk/pride/archive/projects/PXD005245
PXD005337,3,7,"Fractions of cat serum, LC-MS/MS",PARTIAL,2016-11-14,2017-01-04,https://www.ebi.ac.uk/pride/archive/projects/PXD005337
PXD005345,3,5,Integrated Mass Spectrometry Imaging and Omics Workflows on the Same Tissue Section Using Parafilm-Assisted Microdissection,PARTIAL,2016-11-14,2017-03-20,https://www.ebi.ac.uk/pride/archive/projects/PXD005345
PXD005346,3,10,Incorporation of photo-amino acids in HeLa cells,PARTIAL,2016-11-14,2017-04-10,https://www.ebi.ac.uk/pride/archive/projects/PXD005346
PXD005402,3,5,Use of a modified Multiplexed Inhibitor Bead assay to study kinome responses to cytostatic treatment in human cancer cell lines Triplicate Test: pilot study,PARTIAL,2016-11-21,2017-02-13,https://www.ebi.ac.uk/pride/archive/projects/PXD005402
PXD005463,3,8,"Draft of the mitochondrial landscape, OM/IM",PARTIAL,2016-11-30,2017-08-24,https://www.ebi.ac.uk/pride/archive/projects/PXD005463
PXD005465,3,6,THE ATHEROMA PLAQUE SECRETOME STIMULATES THE MOBILIZATION OF ENDOTHELIAL PROGENITOR CELLS EX VIVO,PARTIAL,2016-11-30,2018-10-02,https://www.ebi.ac.uk/pride/archive/projects/PXD005465
PXD005472,3,6,Na2CO3-responsive phosphoproteins in chloroplasts from Puccinellia tenuiflora leaves,PARTIAL,2016-11-30,2021-08-30,https://www.ebi.ac.uk/pride/archive/projects/PXD005472
PXD005565,3,16,Yeast glycoproteome -  pGlyco 2,PARTIAL,2016-12-14,2017-08-15,https://www.ebi.ac.uk/pride/archive/projects/PXD005565
PXD005601,3,6,mRNA-binding proteins of Leishmania donovani LC-MSMS,PARTIAL,2016-12-20,2017-02-08,https://www.ebi.ac.uk/pride/archive/projects/PXD005601
PXD005613,3,15,Nitration of Tyrosines In Complement Factor H Domains Alters Its Immunological Activity and Mediates A Pathogenic Role In Age Related Macular Degeneration,COMPLETE,2016-12-21,2017-08-29,https://www.ebi.ac.uk/pride/archive/projects/PXD005613
PXD005645,3,5,PBAN-regulated Phosphopeptides research in Pheromone gland of Helicoverpa armigera,PARTIAL,2017-02-21,2017-10-10,https://www.ebi.ac.uk/pride/archive/projects/PXD005645
PXD005663,3,7,"Streptococcus suis SC-19, LC-MSMS",PARTIAL,2017-01-06,2017-03-27,https://www.ebi.ac.uk/pride/archive/projects/PXD005663
PXD005759,3,24,Metaproteomics of an artificial microbiota reference with LTQ Orbitrap-XL,COMPLETE,2017-01-23,2023-06-02,https://www.ebi.ac.uk/pride/archive/projects/PXD005759
PXD005776,3,15,Metaproteomics of an artificial microbiota reference,PARTIAL,2017-01-24,2023-06-02,https://www.ebi.ac.uk/pride/archive/projects/PXD005776
PXD005818,3,5,Identification of Chlamydomonas centriolar central core proteins reveals a role for human WDR90 in ciliogenesis,PARTIAL,2017-02-01,2018-06-12,https://www.ebi.ac.uk/pride/archive/projects/PXD005818
PXD005865,3,5,Phosphoproteomics of STMN1 knockdown cells,PARTIAL,2017-02-07,2018-02-27,https://www.ebi.ac.uk/pride/archive/projects/PXD005865
PXD005924,3,22,X!Tandem E. coli large vs small database,PARTIAL,2017-02-14,2017-04-21,https://www.ebi.ac.uk/pride/archive/projects/PXD005924
PXD005981,3,15,Tailoring protein nanomechanics with chemical reactivity,COMPLETE,2017-02-27,2018-10-26,https://www.ebi.ac.uk/pride/archive/projects/PXD005981
PXD006034,3,5,PKA-regulated Phosphopeptides research in Pheromone gland of  Helicoverpa armigera,PARTIAL,2017-03-06,2017-10-10,https://www.ebi.ac.uk/pride/archive/projects/PXD006034
PXD006069,3,9,Functional marker in glioblastoma,PARTIAL,2017-03-10,2018-01-10,https://www.ebi.ac.uk/pride/archive/projects/PXD006069
PXD006215,3,6,The Behçet’s Disease associated Hap10 variant of ERAP1 generates a low affinity HLA-B*51 peptidome through differential processing of two subpeptidomes,PARTIAL,2017-03-30,2018-10-24,https://www.ebi.ac.uk/pride/archive/projects/PXD006215
PXD006246,3,6,Cross-linking/mass spectrometry analysis of AUGMIN complex,PARTIAL,2017-04-03,2017-04-04,https://www.ebi.ac.uk/pride/archive/projects/PXD006246
PXD006360,3,21,A Fossil Protein Chimera; Difficulties in Discriminating Dinosaur Peptide Sequences From Modern Cross-Contamination,COMPLETE,2020-04-07,2020-04-20,https://www.ebi.ac.uk/pride/archive/projects/PXD006360
PXD006567,3,9,An Insight into Glyco-microheterogeneity of Plasma von Willebrand Factor (vWF) by Mass Spectrometry,PARTIAL,2017-05-23,2022-02-23,https://www.ebi.ac.uk/pride/archive/projects/PXD006567
PXD006599,3,5,"Soybean, Root, LC-MSMS -  Quantitative Phosphoproteomic and Metabonomic Analyses Reveal GmMYB173 Optimizes Flavonoid Metabolism in Soybean under Salt Stress",PARTIAL,2017-05-26,2018-03-05,https://www.ebi.ac.uk/pride/archive/projects/PXD006599
PXD006600,3,5,"Soybean, root-rhizobia, LC-MSMS",PARTIAL,2017-05-26,2019-09-02,https://www.ebi.ac.uk/pride/archive/projects/PXD006600
PXD006710,3,6,"Dimocarpus longan L.LC-MSMS - identify the key genes and construct the gene regulatory networks involved in the flowering process of ""sijimi"" longan",PARTIAL,2017-06-14,2017-07-24,https://www.ebi.ac.uk/pride/archive/projects/PXD006710
PXD006738,3,10,Ultrafiltration combined with Size Exclusion Chromatography efficiently isolates Extracellular Vesicles from Cell Culture Media for compositional and functional Studies,PARTIAL,2017-10-10,2018-10-24,https://www.ebi.ac.uk/pride/archive/projects/PXD006738
PXD006756,3,15,Fbxl13 regulates centrosome homeostasis and migration through ubiquitin mediated proteolysis,COMPLETE,2017-06-20,2022-03-02,https://www.ebi.ac.uk/pride/archive/projects/PXD006756
PXD006766,3,15,Aspergillus niger Prolyl endoprotease (An-PEP) for Hydrogen-Deuterium Exchange Mass Spectrometry and Protein Structural Studies,PARTIAL,2017-06-21,2017-07-12,https://www.ebi.ac.uk/pride/archive/projects/PXD006766
PXD006904,3,6,Fc Gamma Receptor (FcγR) Expression and Signaling in the Developing Rat Brain,PARTIAL,2017-07-10,2018-01-11,https://www.ebi.ac.uk/pride/archive/projects/PXD006904
PXD007107,3,8,N-linked glycosylation of recombinant Porcine Delta Coronavirus spike protein ectodomain from drosophila S2 cells,PARTIAL,2017-07-24,2017-10-24,https://www.ebi.ac.uk/pride/archive/projects/PXD007107
PXD007211,3,8,Proteomic analysis of germinal vesicles from preantral vs antral follicles in the domestic cat model,PARTIAL,2017-08-07,2017-11-14,https://www.ebi.ac.uk/pride/archive/projects/PXD007211
PXD007546,3,11,LC-MS/MS analysis of Mannose 6-phosphate containing proteins,PARTIAL,2017-08-24,2018-06-06,https://www.ebi.ac.uk/pride/archive/projects/PXD007546
PXD007584,3,6,AP-MS analysis of IFIT1 and 5 interactions in interferon-stimulated human cells,PARTIAL,2017-08-29,2018-03-16,https://www.ebi.ac.uk/pride/archive/projects/PXD007584
PXD007680,3,6,Argentilactone molecular targets in Paracoccidioides brasiliensis identified by chemoproteomics,PARTIAL,2017-09-06,2018-02-07,https://www.ebi.ac.uk/pride/archive/projects/PXD007680
PXD007681,3,13,Evaluation of the MPA Portable software performance on analyzing benchmark datasets,COMPLETE,2017-09-07,2012-12-13,https://www.ebi.ac.uk/pride/archive/projects/PXD007681
PXD007727,3,16,Decayed wood - metagenomic - Proteomic characterization of proteins from organisms feeding on decayed wood from Montana,COMPLETE,2017-09-12,2017-10-04,https://www.ebi.ac.uk/pride/archive/projects/PXD007727
PXD007761,3,6,DYRK3 protein-protein interactions in human cells,PARTIAL,2017-09-18,2018-07-05,https://www.ebi.ac.uk/pride/archive/projects/PXD007761
PXD007830,3,8,Candida albicans proteomics_Biofilm without treatment,PARTIAL,2017-09-25,2021-02-25,https://www.ebi.ac.uk/pride/archive/projects/PXD007830
PXD007831,3,8,Candida albicans proteomics_planktonic culture without treatment,PARTIAL,2017-09-25,2021-02-25,https://www.ebi.ac.uk/pride/archive/projects/PXD007831
PXD007832,3,8,Candida albicans proteomics_biofilm DMSO control,PARTIAL,2017-09-25,2021-11-25,https://www.ebi.ac.uk/pride/archive/projects/PXD007832
PXD007833,3,8,Candida albicans proyeomics_Planktonic DMSO control,PARTIAL,2017-09-25,2021-11-25,https://www.ebi.ac.uk/pride/archive/projects/PXD007833
PXD007834,3,8,Candida albicans proteomics_biofilm with Aureobasidin treatment,PARTIAL,2017-09-25,2021-11-25,https://www.ebi.ac.uk/pride/archive/projects/PXD007834
PXD007835,3,8,Candida albicans proteomics_planktonic with Aureobasidin treatment,PARTIAL,2017-09-25,2021-11-25,https://www.ebi.ac.uk/pride/archive/projects/PXD007835
PXD007922,3,6,"Moss endogenous peptides, LC-MS/MS",PARTIAL,2017-10-09,2019-08-08,https://www.ebi.ac.uk/pride/archive/projects/PXD007922
PXD007923,3,6,"Moss Physcomitrella paten endogenous peptides, LC-MS/MS, part 2",PARTIAL,2017-10-09,2019-08-08,https://www.ebi.ac.uk/pride/archive/projects/PXD007923
PXD007931,3,6,Comparative proteomics analysis identifies Cdc42-Cdc42BPA signaling as prognostic biomarker and therapeutic target for colon cancer invasion,PARTIAL,2017-10-10,2017-11-06,https://www.ebi.ac.uk/pride/archive/projects/PXD007931
PXD007973,3,4,"Moss proteomes, LC-MS/MS - proteome data analysis ",PARTIAL,2017-10-16,2019-08-08,https://www.ebi.ac.uk/pride/archive/projects/PXD007973
PXD007986,3,9,Protein acetylation landscape of developing rice anthers,PARTIAL,2017-10-18,2019-03-06,https://www.ebi.ac.uk/pride/archive/projects/PXD007986
PXD008158,3,9,Large-scale identification and visualization of human Liver N-glycome enriched from LO2 cells,PARTIAL,2017-11-07,2018-05-09,https://www.ebi.ac.uk/pride/archive/projects/PXD008158
PXD008203,3,4,Receptor-mediated recruitment of cytosolic J-proteins to the mitochondrial outer membrane promotes assembly of preprotein translocases,PARTIAL,2017-11-14,2018-11-26,https://www.ebi.ac.uk/pride/archive/projects/PXD008203
PXD008298,3,4,"Dynamic Yin-Yang regulation network of O-GlcNAcylation and phosphorylation mediatesvernalization response for flowering in winter wheat, part 2",PARTIAL,2017-11-27,2021-05-18,https://www.ebi.ac.uk/pride/archive/projects/PXD008298
PXD008310,3,15,FBXL13 regulates centrosome homeostasis and migration through ubiquitin- mediated proteolysis,COMPLETE,2017-11-28,2018-01-16,https://www.ebi.ac.uk/pride/archive/projects/PXD008310
PXD008320,3,7,"ALKBH7, a mitochondrial member of AlkB family, binds histones in vitro, part 3",PARTIAL,2017-11-29,2020-05-26,https://www.ebi.ac.uk/pride/archive/projects/PXD008320
PXD008341,3,13,"rat, urine, LC-MS/MS -  Two predominant MUPs, OBP3 and MUP13, are male pheromones in rats",PARTIAL,2017-11-30,2018-02-26,https://www.ebi.ac.uk/pride/archive/projects/PXD008341
PXD008419,3,4,Correction of cognitive deficits in mouse models of Down syndrome by pharmacological inhibitor of DYRK1A,PARTIAL,2017-12-12,2018-10-17,https://www.ebi.ac.uk/pride/archive/projects/PXD008419
PXD008453,3,14,Proteins used by the predatory yeast Saccharomycopsis schoenii as it attacks and kills the prey cell Saccharomyces cerevisiae,PARTIAL,2017-12-14,2019-03-18,https://www.ebi.ac.uk/pride/archive/projects/PXD008453
PXD008486,3,12,Palaeoproteomic Profiling of Conservation Layers on a 14th Century Italian Wall Painting,PARTIAL,2018-03-22,2018-04-05,https://www.ebi.ac.uk/pride/archive/projects/PXD008486
PXD008516,3,6,Systematic analysis of protein turnover in primary cells - Part VI,PARTIAL,2017-12-20,2018-06-08,https://www.ebi.ac.uk/pride/archive/projects/PXD008516
PXD008649,3,6,Proteome characterization of Paracoccidioides lutzii conidia by using label free proteomics,PARTIAL,2018-01-10,2020-09-10,https://www.ebi.ac.uk/pride/archive/projects/PXD008649
PXD008667,3,22,Metagenome and Viral Interrogation of a Moose Rumen Microbial Community,COMPLETE,2018-01-12,2018-07-03,https://www.ebi.ac.uk/pride/archive/projects/PXD008667
PXD008704,3,7,Uncoupled activation and cyclisation in catmint reductive terpenoid biosynthesis,PARTIAL,2018-01-17,2019-08-12,https://www.ebi.ac.uk/pride/archive/projects/PXD008704
PXD008786,3,13,Proteomic study of Anton Chekhov' letters,COMPLETE,2018-01-29,2018-07-05,https://www.ebi.ac.uk/pride/archive/projects/PXD008786
PXD008803,3,4,Dynamics of the Escherichia coli proteome in response to the deletion of the Tat pathway,PARTIAL,2018-01-30,2019-02-18,https://www.ebi.ac.uk/pride/archive/projects/PXD008803
PXD008897,3,17,GFI1 facilitates efficient DNA repair by regulating PRMT1-dependent methylation of MRE11 and 53BP1,COMPLETE,2018-02-08,2018-10-19,https://www.ebi.ac.uk/pride/archive/projects/PXD008897
PXD008900,3,7,Early mannitol-triggered changes  in the Arabidopsis leaf (phospho)proteome,PARTIAL,2018-02-08,2018-10-19,https://www.ebi.ac.uk/pride/archive/projects/PXD008900
PXD008950,3,5,Lipid droplet proteomics of THP1 macrophages infected with Mycobacterium tuberculosis,PARTIAL,2018-06-19,2019-11-14,https://www.ebi.ac.uk/pride/archive/projects/PXD008950
PXD009064,3,12,"LC-MSMS of the EL4 MHC class I, immunopeptidome",COMPLETE,2018-02-28,2018-10-22,https://www.ebi.ac.uk/pride/archive/projects/PXD009064
PXD009065,3,12,LC-MSMS of the CT26 MHC I immunopeptidome,COMPLETE,2018-02-28,2018-10-22,https://www.ebi.ac.uk/pride/archive/projects/PXD009065
PXD009235,3,4,Clostridium sordellii outer spore proteins,PARTIAL,2018-03-16,2018-05-01,https://www.ebi.ac.uk/pride/archive/projects/PXD009235
PXD009252,3,7,A mass spectrometry-based predictive strategy reveals ADAP1 is phosphorylated at Tyrosine 364.,COMPLETE,2018-03-19,2018-04-26,https://www.ebi.ac.uk/pride/archive/projects/PXD009252
PXD009265,3,17,Combining high resolution and exact calibration to boost statistical power: A well-calibrated score function for high-resolution MS2,PARTIAL,2018-03-20,2018-09-19,https://www.ebi.ac.uk/pride/archive/projects/PXD009265
PXD009266,3,6,A549 overexpressing CCAR1 LC-MS/MS,PARTIAL,2018-03-20,2018-05-15,https://www.ebi.ac.uk/pride/archive/projects/PXD009266
PXD009327,3,10,CDKL5 substrates -  Phosphoproteomic screening identifies physiological substrates of the CDKL5 kinase,PARTIAL,2018-03-26,2018-10-02,https://www.ebi.ac.uk/pride/archive/projects/PXD009327
PXD009340,3,6,Jurkat T-cell Shotgun Proteomics,PARTIAL,2018-03-27,2022-03-01,https://www.ebi.ac.uk/pride/archive/projects/PXD009340
PXD009417,3,6,Proteomics of MCF7 cells (LC-MS/MS Orbitrap Fusion Tribrid),PARTIAL,2018-04-06,2018-11-21,https://www.ebi.ac.uk/pride/archive/projects/PXD009417
PXD009440,3,4,Human Salivary Prolactine Inducible Protein (PIP),PARTIAL,2018-04-09,2018-08-10,https://www.ebi.ac.uk/pride/archive/projects/PXD009440
PXD009584,3,5,Quantitative succinyl-proteome profiling of hickory (Carya cathayensis) during grafting process,PARTIAL,2018-04-24,2020-05-26,https://www.ebi.ac.uk/pride/archive/projects/PXD009584
PXD009590,3,9,Proteogenomics of adenosine-to-inosine RNA editing in fruit fly,PARTIAL,2018-04-24,2018-10-25,https://www.ebi.ac.uk/pride/archive/projects/PXD009590
PXD009645,3,10,Revealing the immune perturbation of black phosphorus nanomaterials to macrophages by understanding the protein corona,PARTIAL,2018-05-02,2018-05-18,https://www.ebi.ac.uk/pride/archive/projects/PXD009645
PXD009648,3,8,Cross-linking/mass spectrometry analysis of the AOC complex,PARTIAL,2018-05-02,2018-10-30,https://www.ebi.ac.uk/pride/archive/projects/PXD009648
PXD009662,3,5,Time resolved quantitative phospho-tyrosine analysis reveals Bruton’s Tyrosine kinase mediated signaling downstream of the mutated granulocyte-colony stimulating factor receptors,PARTIAL,2018-05-03,2018-07-11,https://www.ebi.ac.uk/pride/archive/projects/PXD009662
PXD009695,3,6,The proteomics analyses of different silkworm tissues(fat body),PARTIAL,2018-05-07,2019-07-01,https://www.ebi.ac.uk/pride/archive/projects/PXD009695
PXD009701,3,12,"The proteomics analyses of different silkworm tissues(brain, prothoracic glands, and subesophageal ganglion)",PARTIAL,2018-05-07,2019-07-01,https://www.ebi.ac.uk/pride/archive/projects/PXD009701
PXD009709,3,5,Ultrafiltration and size exclusion chromatography combined with asymmetrical-flow field-flow fractionation for the isolation and characterisation of extracellular vesicles from urine,PARTIAL,2018-05-08,2018-07-04,https://www.ebi.ac.uk/pride/archive/projects/PXD009709
PXD009749,3,13,LC-MSMS of the 07H103 MHC class I immunopeptidome,COMPLETE,2018-05-11,2018-10-22,https://www.ebi.ac.uk/pride/archive/projects/PXD009749
PXD009750,3,13,LC-MSMS of the 10H118 MHC class I immunopeptidome,COMPLETE,2018-05-11,2018-10-22,https://www.ebi.ac.uk/pride/archive/projects/PXD009750
PXD009751,3,13,LC-MSMS of the 12H018 MHC class I immunopeptidome,COMPLETE,2018-05-11,2018-10-22,https://www.ebi.ac.uk/pride/archive/projects/PXD009751
PXD009829,3,5,Generation of a C3a-specific monoclonal antibody and immunoapheresis of C3a/C3 and its associates,PARTIAL,2018-05-18,2019-11-27,https://www.ebi.ac.uk/pride/archive/projects/PXD009829
PXD009882,3,5,Evaluation of promoter sequences for the secretory production of a Clostridium thermocellum cellulase in Paenibacillus polymyxa,PARTIAL,2018-05-24,2018-09-05,https://www.ebi.ac.uk/pride/archive/projects/PXD009882
PXD009951,3,5,2nSILAC_effect of proline on BY4741,PARTIAL,2018-05-29,2020-01-24,https://www.ebi.ac.uk/pride/archive/projects/PXD009951
PXD009953,3,21,Biomechanical and proteomic characterization of scaffold-free non-hypertrophic cartilage made of human adipose stem cell spheroids,COMPLETE,2018-05-29,2022-03-03,https://www.ebi.ac.uk/pride/archive/projects/PXD009953
PXD010060,3,7,Metaproteomic analysis of glacial ecosystem,PARTIAL,2018-06-07,2019-08-29,https://www.ebi.ac.uk/pride/archive/projects/PXD010060
PXD010078,3,6,Analysis of Escherichia coli CyDisCo proteome changes in response to the expression of scFv and the misfolded scFv,PARTIAL,2018-06-11,2019-02-18,https://www.ebi.ac.uk/pride/archive/projects/PXD010078
PXD010145,3,18,Acid bone lysates: what we eliminate by preparing demineralized bone matrix,COMPLETE,2018-06-18,2018-11-04,https://www.ebi.ac.uk/pride/archive/projects/PXD010145
PXD010439,3,7,"Birds Of Prey And Humans In Prehistoric Europe: A View From El Mirón Cave, Cantabria (Spain).",PARTIAL,2018-07-16,2019-01-28,https://www.ebi.ac.uk/pride/archive/projects/PXD010439
PXD010474,3,8,Proximity-dependent biotinylation to elucidate the interactome of TNK2 non-receptor tyrosine kinase,PARTIAL,2018-07-18,2021-08-25,https://www.ebi.ac.uk/pride/archive/projects/PXD010474
PXD010500,3,9,Mouse osteoclast-small extracellular vesicles LC-MSMS,PARTIAL,2018-07-19,2018-09-06,https://www.ebi.ac.uk/pride/archive/projects/PXD010500
PXD010582,3,4,Maize AF F24 Shotgun Proteomics,PARTIAL,2018-07-27,2019-02-25,https://www.ebi.ac.uk/pride/archive/projects/PXD010582
PXD010666,3,250,development of the cell wall in alfalfa,PARTIAL,2018-08-02,2019-11-12,https://www.ebi.ac.uk/pride/archive/projects/PXD010666
PXD010699,3,16,Chlamydomonas reinhardtii flagella cc125 ift139-2 dhc1b-3,COMPLETE,2018-08-08,2018-10-19,https://www.ebi.ac.uk/pride/archive/projects/PXD010699
PXD010705,3,20,Characterization of cerebrospinal fluid via data-independent acquisition mass spectrometry,PARTIAL,2018-08-07,2018-09-17,https://www.ebi.ac.uk/pride/archive/projects/PXD010705
PXD010817,3,83,Detergent-resistant microdomains in Saprolegnia parasitica,PARTIAL,2018-09-14,2024-06-13,https://www.ebi.ac.uk/pride/archive/projects/PXD010817
PXD010839,3,5,"coral proteomics study -  Combined transcriptomic and proteomic analysis reveals a diversity of venom-related and toxin-like peptides expressed in the mat anemone Zoanthus natalensis (Cnidaria, Hexacorallia)",PARTIAL,2018-08-21,2019-06-24,https://www.ebi.ac.uk/pride/archive/projects/PXD010839
PXD011058,3,9,Nuclear Lactate Dehydrogenase A Senses ROS to Produce α-Hydroxybutyrate for HPV-Induced Cervical Tumor Growth,PARTIAL,2018-09-11,2018-09-24,https://www.ebi.ac.uk/pride/archive/projects/PXD011058
PXD011173,3,15,Human FZD6 phosphorylation LC-MS/MS,PARTIAL,2018-09-24,2018-10-18,https://www.ebi.ac.uk/pride/archive/projects/PXD011173
PXD011221,3,8,Improved SILAC Method for Double Labeling of Bacterial Proteome,PARTIAL,2018-09-28,2022-03-02,https://www.ebi.ac.uk/pride/archive/projects/PXD011221
PXD011244,3,67,Improved SILAC Method for Double Labeling of Bacterial Proteome,PARTIAL,2018-10-01,2022-02-28,https://www.ebi.ac.uk/pride/archive/projects/PXD011244
PXD011275,3,10,Bottom-up LC-MS/MS and top-down LC-MS analysis of B-phycoerythrin,PARTIAL,2018-10-04,2019-05-09,https://www.ebi.ac.uk/pride/archive/projects/PXD011275
PXD011496,3,10,ADAPT identifies an ESCRT complex composition that discriminates VCaP from LNCaP prostate cancer cell exosomes,PARTIAL,2018-10-29,2020-01-13,https://www.ebi.ac.uk/pride/archive/projects/PXD011496
PXD011507,3,6,Sysmetex proteome data for Acidithiobacillus caldus in continuous culture,PARTIAL,2018-10-29,2020-06-29,https://www.ebi.ac.uk/pride/archive/projects/PXD011507
PXD011517,3,9,RASSF1A IS REQUIRED FOR THE MAINTENANCE OF NUCLEAR ACTIN LEVELS,PARTIAL,2018-10-30,2019-05-30,https://www.ebi.ac.uk/pride/archive/projects/PXD011517
PXD011555,3,29,A ¨omic¨ approach to Pyrocystis lunula,PARTIAL,2018-11-01,2019-04-12,https://www.ebi.ac.uk/pride/archive/projects/PXD011555
PXD011769,3,18,Acetylome analysis of Thermus thermophilus HB27,PARTIAL,2018-11-20,2022-02-23,https://www.ebi.ac.uk/pride/archive/projects/PXD011769
PXD011779,3,6,AP-MS analysis of FLAG-tagged Murine norovirus (NS1/2 and NS4),PARTIAL,2018-11-21,2019-09-09,https://www.ebi.ac.uk/pride/archive/projects/PXD011779
PXD011811,3,7,"The biomolecular characterisation of an Early Neolithic finger ring from Syltholm, Denmark",PARTIAL,2019-04-18,2020-01-21,https://www.ebi.ac.uk/pride/archive/projects/PXD011811
PXD011863,3,722,Sysmetex proteome data for Acidithiobacillus caldus  planktonic growth,PARTIAL,2018-11-28,2020-06-29,https://www.ebi.ac.uk/pride/archive/projects/PXD011863
PXD011934,3,7,Identification of mitochondrial dysfunction in rheumatoid arthritis patients,PARTIAL,2018-12-04,2020-06-22,https://www.ebi.ac.uk/pride/archive/projects/PXD011934
PXD011953,3,7,"Stn1 S74 phosphorylation - Telomeres, the protective ends of eukaryotic chromosomes, are replicated through concerted actions by conventional DNA polymerases and telomerase, though the regulation of this process is not fully understood",PARTIAL,2018-12-06,2019-02-19,https://www.ebi.ac.uk/pride/archive/projects/PXD011953
PXD012045,3,42,Depletion of the RNA binding protein HNRNPD impairs homologous recombination by inhibiting DNA-end resection and inducing R-loop accumulation,COMPLETE,2018-12-13,2019-02-26,https://www.ebi.ac.uk/pride/archive/projects/PXD012045
PXD012161,3,6,Tbeta4 identification CaCo2 cells,PARTIAL,2018-12-21,2020-06-29,https://www.ebi.ac.uk/pride/archive/projects/PXD012161
PXD012206,3,6,Structure of NDH the complex I-like molecule of oxygenic photosynthesis,PARTIAL,2019-01-02,2019-02-18,https://www.ebi.ac.uk/pride/archive/projects/PXD012206
PXD012334,3,5,"Delineation of the olive pollen proteome: A focus on its allergen families reveals cyclophilin as a relevant allergen, part 2",PARTIAL,2019-01-14,2019-06-17,https://www.ebi.ac.uk/pride/archive/projects/PXD012334
PXD012455,3,9,Honeybees glandular proteins - data analysis,PARTIAL,2019-01-21,2019-04-25,https://www.ebi.ac.uk/pride/archive/projects/PXD012455
PXD012660,3,10,LC-MS/MS proteomics analysis of Panc-1 EVs isolated using SEC,PARTIAL,2019-02-11,2019-10-24,https://www.ebi.ac.uk/pride/archive/projects/PXD012660
PXD012669,3,4,The histone chaperone CAF-1 cooperates with the DNA methyltransferases to maintain Cd4 silencing in cytotoxic T cells,PARTIAL,2019-02-12,2019-04-18,https://www.ebi.ac.uk/pride/archive/projects/PXD012669
PXD012670,3,4,Peanut (Arachis hypogaea L.)-root- LC-MS/MS,PARTIAL,2019-02-12,2019-03-19,https://www.ebi.ac.uk/pride/archive/projects/PXD012670
PXD012688,3,4,Human Salivary Neutrophil Defensins (Alpha-Defensins),PARTIAL,2019-02-13,2020-01-09,https://www.ebi.ac.uk/pride/archive/projects/PXD012688
PXD012693,3,9,Pax3 interactome in mouse ES cell-derived mesodermal precursors,PARTIAL,2019-02-13,2019-04-18,https://www.ebi.ac.uk/pride/archive/projects/PXD012693
PXD012723,3,9,Crosslinking RNF168(1-113) to Nucleosome core particels,PARTIAL,2019-02-15,2019-04-02,https://www.ebi.ac.uk/pride/archive/projects/PXD012723
PXD012732,3,5,"CDC14B interactome - The proteomic approach aimed at the identification of interaction partners for the human dual phosphatase and tumor suppressor CDC14B by Co-inmunoprecipitation (Co-IP) experiments. In this approach, CDC14B interactomes from unsynchronized and G2/M enriched cells were compared semi-quantitatively based on spectral counting. This approach yielded the deubiquitylase USP9X as a G2/M-specific CDC14B interactor which has been confirmed by Western-blot (WB).",PARTIAL,2019-02-15,2020-03-25,https://www.ebi.ac.uk/pride/archive/projects/PXD012732
PXD012744,3,9,DIA data analysis with unambiguously determined precursor mass,PARTIAL,2019-02-18,2019-08-19,https://www.ebi.ac.uk/pride/archive/projects/PXD012744
PXD012767,3,4,HCV Hypo- vs. Hyper-Phosphorylated NS5A Interactome,PARTIAL,2019-02-18,2019-06-17,https://www.ebi.ac.uk/pride/archive/projects/PXD012767
PXD012784,3,4,Mouse skin technical replicate negative control,PARTIAL,2019-02-19,2019-03-12,https://www.ebi.ac.uk/pride/archive/projects/PXD012784
PXD012799,3,5,An Archaeal Pilus Survives the Most Extreme Conditions Through Extensive Glycosylation,PARTIAL,2019-02-20,2020-05-26,https://www.ebi.ac.uk/pride/archive/projects/PXD012799
PXD012806,3,12,Proteomics of diphtheria toxoid vaccines reveals multiple proteins that are immunogenic and may contribute to protection of humans against Corynebacterium diphtheriae,PARTIAL,2019-02-20,2019-04-18,https://www.ebi.ac.uk/pride/archive/projects/PXD012806
PXD012821,3,9,Optimization of HUNTER N-termini profiling using Arabidopsis thaliana Col-8 wt leaf proteome extracts,PARTIAL,2019-02-21,2019-09-03,https://www.ebi.ac.uk/pride/archive/projects/PXD012821
PXD012844,3,9,Optimization of HUNTER N-termini profiling using rat brain proteome extracts,PARTIAL,2019-02-22,2019-09-03,https://www.ebi.ac.uk/pride/archive/projects/PXD012844
PXD012899,3,17,Analysis of C.monile venom peptides.,PARTIAL,2019-02-27,2020-02-21,https://www.ebi.ac.uk/pride/archive/projects/PXD012899
PXD013001,3,116,HDX-MS of CSN-CRL2 complexes -  Structural basis of Cullin 2 RING E3 ligase regulation by the COP9 signalosome,PARTIAL,2019-03-06,2019-09-13,https://www.ebi.ac.uk/pride/archive/projects/PXD013001
PXD013309,3,8,Human Transketolase-like 1 protein TAP-LC-MS/MS in HeLa cells.,PARTIAL,2019-03-29,2019-11-12,https://www.ebi.ac.uk/pride/archive/projects/PXD013309
PXD013325,3,10,Mass Spectrometry analysis of a Arabidopsis protein,PARTIAL,2019-04-01,2019-04-30,https://www.ebi.ac.uk/pride/archive/projects/PXD013325
PXD013429,3,13,Human urinary extracellular vesicles protein LC-MS/MS,PARTIAL,2019-04-09,2019-09-30,https://www.ebi.ac.uk/pride/archive/projects/PXD013429
PXD013457,3,7,Candida albicans whole cell proteomics,PARTIAL,2019-04-11,2019-05-24,https://www.ebi.ac.uk/pride/archive/projects/PXD013457
PXD013495,3,7,Mining for protein S-sulfenylation in Arabidopsis uncovers redox-sensitive sites,PARTIAL,2019-04-15,2019-09-16,https://www.ebi.ac.uk/pride/archive/projects/PXD013495
PXD013508,3,5,Alkyladenine DNA glycosylase associates with transcription elongation to coordinate DNA repair with gene expression,PARTIAL,2019-04-15,2020-05-26,https://www.ebi.ac.uk/pride/archive/projects/PXD013508
PXD013517,3,6,LC-MSMS analysis of API5-FGF2 interactome,PARTIAL,2019-04-16,2020-04-23,https://www.ebi.ac.uk/pride/archive/projects/PXD013517
PXD013685,3,10,"MS analysis of purified TRIM46, 480AnkG and 480AnkG-NN.",PARTIAL,2019-05-01,2019-08-30,https://www.ebi.ac.uk/pride/archive/projects/PXD013685
PXD013703,3,24,Composition analysis of Strongyloides venezuelensis Larvae proteome,PARTIAL,2019-05-03,2020-01-09,https://www.ebi.ac.uk/pride/archive/projects/PXD013703
PXD013804,3,13,Proteomics of Bordetella pertussis whole-cell and acellular vaccines,PARTIAL,2019-05-13,2019-05-14,https://www.ebi.ac.uk/pride/archive/projects/PXD013804
PXD013836,3,6,Human Breast LC-MSMS -  Quantitative site- and structure-specific N-glycoproteomics characterization of differential N-glycosylation in MCF-7/ADR cancer stem cells,PARTIAL,2019-05-14,2020-02-21,https://www.ebi.ac.uk/pride/archive/projects/PXD013836
PXD014003,3,5,YPIC challenge 2018: A case study in characterizing an unknown protein  sample,PARTIAL,2019-05-24,2019-06-11,https://www.ebi.ac.uk/pride/archive/projects/PXD014003
PXD014009,3,8,Lamin A molecular compression and sliding as mechanisms behind nucleoskeleton elasticity (complementary data of PXD008337),PARTIAL,2019-05-24,2019-07-12,https://www.ebi.ac.uk/pride/archive/projects/PXD014009
PXD014031,3,6,Pervasive functional micropeptides in humans encoded by non-canonical open reading frames,PARTIAL,2019-05-28,2020-03-06,https://www.ebi.ac.uk/pride/archive/projects/PXD014031
PXD014042,3,9,Dissecting Alzheimer’s disease molecular substrates by proteomics and discovery of novel post-translational modifications (PTMs),PARTIAL,2019-05-28,2019-11-06,https://www.ebi.ac.uk/pride/archive/projects/PXD014042
PXD014147,3,35,"The muscular, hepatic and adipose tissues proteomes in Muskox (Ovibos moschatus): differences between males and females",COMPLETE,2019-06-06,2019-08-15,https://www.ebi.ac.uk/pride/archive/projects/PXD014147
PXD014166,3,19,Proteomics of Gammarus fossarum A individuals sampled from the wild,COMPLETE,2019-06-07,2020-04-17,https://www.ebi.ac.uk/pride/archive/projects/PXD014166
PXD014319,3,9,A binding site hotspot map of the FKBP12–rapamycin–FRB ternary complex by photo-affinity labeling and mass spectrometry-based proteomics,PARTIAL,2019-06-20,2019-07-17,https://www.ebi.ac.uk/pride/archive/projects/PXD014319
PXD014514,3,5,The Arabidopsis Protein CONSERVED ONLY IN THE GREEN LINEAGE20 is Required for Plastid 50S Ribosome Biogenesis,PARTIAL,2019-07-08,2020-02-25,https://www.ebi.ac.uk/pride/archive/projects/PXD014514
PXD014520,3,21,Reanalysis of Cross-Linking Mass Spectrometry data from a ribisomal cellular fraction for benchmarking purposes,PARTIAL,2019-07-08,2020-10-20,https://www.ebi.ac.uk/pride/archive/projects/PXD014520
PXD014642,3,24,Probing the Function of Alternative Proteins in Cell Reprogramming by Large Scale Proteomics and Cross - Linking Mass Spectrometry,PARTIAL,2019-07-17,2021-02-15,https://www.ebi.ac.uk/pride/archive/projects/PXD014642
PXD014685,3,7,iTRAQ-based phospho-proteomics identifies a critical role of ATF2 in pseudorabies virus replication,PARTIAL,2019-07-22,2022-10-13,https://www.ebi.ac.uk/pride/archive/projects/PXD014685
PXD014848,3,6,DETECTION OF ODF1 IN KIDNEY MEDULLA,PARTIAL,2019-07-31,2020-05-27,https://www.ebi.ac.uk/pride/archive/projects/PXD014848
PXD014853,3,4,Mining Meningioma Proteomics Alterations Using IP MS,PARTIAL,2019-07-31,2021-08-30,https://www.ebi.ac.uk/pride/archive/projects/PXD014853
PXD014859,3,6,Global proteomics profile of Yeast during cysteine treatment,PARTIAL,2019-07-31,2019-08-13,https://www.ebi.ac.uk/pride/archive/projects/PXD014859
PXD014930,3,6,working day and night: plastid casein kinase 2 catalyses phosphorylation of target proteins with diverse functions in light and dark-adapted plastids,PARTIAL,2020-05-18,2021-07-19,https://www.ebi.ac.uk/pride/archive/projects/PXD014930
PXD014933,3,7,ZIKV and DENV-2 sfRNA RNA Pull down Hela extract LC-MSMS,COMPLETE,2019-10-01,2019-10-01,https://www.ebi.ac.uk/pride/archive/projects/PXD014933
PXD015025,3,9,Absolute Quantification of Yeast Proteins Using Synthetic Peptide Standards and TMT labeling,PARTIAL,2019-08-14,2020-03-13,https://www.ebi.ac.uk/pride/archive/projects/PXD015025
PXD015047,3,4,DPP9 activity and not protein binding inhibits the CARD8 inflammasome,PARTIAL,2019-08-16,2019-10-23,https://www.ebi.ac.uk/pride/archive/projects/PXD015047
PXD015178,3,9,Rabbit Liver LC-MS/MS for characterization of two important proteins.,PARTIAL,2019-08-27,2019-09-09,https://www.ebi.ac.uk/pride/archive/projects/PXD015178
PXD015218,3,12,Identification of RPL9 variants incorporated in mature ribosomes from patient's Lymphoblastoid cell line,COMPLETE,2019-08-29,2019-12-10,https://www.ebi.ac.uk/pride/archive/projects/PXD015218
PXD015391,3,12,Human MyBP-C PKA-treated C0-C2 LC-MSMS,PARTIAL,2019-09-10,2019-09-26,https://www.ebi.ac.uk/pride/archive/projects/PXD015391
PXD015407,3,21,Antibody-free multiplex measurement of 23 human cytokines in primary cell culture secretome using targeted multiple reaction monitoring mass spectrometry,COMPLETE,2019-09-11,2020-02-19,https://www.ebi.ac.uk/pride/archive/projects/PXD015407
PXD015429,3,7,Galnt11 differential tissue glycoproteomics,PARTIAL,2019-09-12,2019-11-04,https://www.ebi.ac.uk/pride/archive/projects/PXD015429
PXD015617,3,12,"Environmental conditions steer phenotypic switching in AHPND-causing Vibrio parahaemolyticus, affecting PirABVP toxin production",PARTIAL,2019-09-27,2020-02-05,https://www.ebi.ac.uk/pride/archive/projects/PXD015617
PXD015619,3,5,Cerebrospinal fluid ecto-GPR37 in Parkinson’s disease,PARTIAL,2019-09-27,2021-05-13,https://www.ebi.ac.uk/pride/archive/projects/PXD015619
PXD015684,3,12,"Decreased IgG core fucosylation, a player in antibody-dependent cell-mediated cytotoxicity, is associated with autoimmune thyroid diseases",PARTIAL,2019-10-02,2020-02-14,https://www.ebi.ac.uk/pride/archive/projects/PXD015684
PXD015689,3,47,Use of condensed tannins to improve dietary protein utilization in ruminant diets: effects on lamb tissue proteome,COMPLETE,2019-10-03,2021-02-16,https://www.ebi.ac.uk/pride/archive/projects/PXD015689
PXD015949,3,14,Quantitative characterization of the neuropeptide level changes in dorsal horn and dorsal root ganglia regions of the murine itch models,COMPLETE,2019-10-22,2020-01-23,https://www.ebi.ac.uk/pride/archive/projects/PXD015949
PXD015978,3,6, Global proteomics of HEK293T cells treated with Val-boroPro for 48h,PARTIAL,2019-10-23,2020-10-14,https://www.ebi.ac.uk/pride/archive/projects/PXD015978
PXD015988,3,6,Purification of endogenously FLAG-HA-tagged KAT6B from E14 ESCs,PARTIAL,2019-10-23,2025-01-02,https://www.ebi.ac.uk/pride/archive/projects/PXD015988
PXD016049,3,4,Neutrophil Defensins (Alpha-Defensins),PARTIAL,2019-10-28,2020-07-09,https://www.ebi.ac.uk/pride/archive/projects/PXD016049
PXD016112,3,11,Immunopeptidome analysis of 4T1 murine breast cancer cells.,PARTIAL,2021-03-24,2021-09-10,https://www.ebi.ac.uk/pride/archive/projects/PXD016112
PXD016167,3,6,LC-MS/MS of baicalein-regulated human lung fibroblast,PARTIAL,2019-11-06,2020-09-21,https://www.ebi.ac.uk/pride/archive/projects/PXD016167
PXD016244,3,4,Inhibition of Collagen XI alpha 1–induced Fatty Acid Oxidation Triggers Apoptotic Cell Death in Cisplatin-Resistant Ovarian Cancer,PARTIAL,2019-11-12,2020-04-28,https://www.ebi.ac.uk/pride/archive/projects/PXD016244
PXD016313,3,4,Global changes in nitration levels and DNA binding profile of Trypanosoma cruzi histones induced by incubation with host extracellular matrix.,PARTIAL,2019-11-18,2021-09-09,https://www.ebi.ac.uk/pride/archive/projects/PXD016313
PXD016468,3,5,human liver cancer Phosphoproteomics,PARTIAL,2019-11-27,2021-09-09,https://www.ebi.ac.uk/pride/archive/projects/PXD016468
PXD016702,3,5,Seamount sheath water: years-long retention of deep-ocean water traced by bacterioplankton,PARTIAL,2019-12-11,2020-05-27,https://www.ebi.ac.uk/pride/archive/projects/PXD016702
PXD016815,3,7,Reactive oxygen species (ROS) production triggers unconventional secretion of antioxidant enzymes,PARTIAL,2020-03-26,2020-03-26,https://www.ebi.ac.uk/pride/archive/projects/PXD016815
PXD017002,3,4,HO-1/BMMSCs exosomes treating inflammatory injured IEC-6 cells LC-MSMS,PARTIAL,2020-01-08,2020-06-29,https://www.ebi.ac.uk/pride/archive/projects/PXD017002
PXD017031,3,6,LC-MS/MS analysis of immunoprecipitated NAA15-V5 variants,PARTIAL,2020-01-09,2020-03-13,https://www.ebi.ac.uk/pride/archive/projects/PXD017031
PXD017080,3,7,Large-scale discovery of non-canonical peptides in monocot and dicot plants through an integrated peptidogenomic pipeline,PARTIAL,2020-01-13,2020-08-11,https://www.ebi.ac.uk/pride/archive/projects/PXD017080
PXD017081,3,60,Large-scale discovery of non-canonical peptides in monocot and dicot plants through an integrated peptidogenomic pipelineLarge-scale discovery of non-canonical peptides in monocot and dicot plants through an integrated peptidogenomic pipeline,PARTIAL,2020-01-13,2020-08-11,https://www.ebi.ac.uk/pride/archive/projects/PXD017081
PXD017170,3,7,Hepatocyte-specific knockout of Nicotinamide phosphoribosyltransferase increases susceptibility for  liver fibrosis in mice,PARTIAL,2020-01-17,2021-11-04,https://www.ebi.ac.uk/pride/archive/projects/PXD017170
PXD017293,3,4,Eudiplozoon nipponicum secretome analysis,PARTIAL,2020-01-27,2021-04-17,https://www.ebi.ac.uk/pride/archive/projects/PXD017293
PXD017300,3,21,LSD1 Prevents Aberrant Heterochromatin Formation in Neurospora crassa,PARTIAL,2020-01-28,2021-07-21,https://www.ebi.ac.uk/pride/archive/projects/PXD017300
PXD017508,3,4,The pan-Sirtuin inhibitor MC2494 regulates mitochondrial function in a leukemia cell line,PARTIAL,2020-02-14,2021-09-08,https://www.ebi.ac.uk/pride/archive/projects/PXD017508
PXD017518,3,15,Cholesteryl α-D-glucoside 6-acyltransferase enhances the adhesion of Helicobacter pylori to gastric epithelium,COMPLETE,2020-02-14,2020-03-19,https://www.ebi.ac.uk/pride/archive/projects/PXD017518
PXD017673,3,9,MealTime-MS: A Machine Learning-Guided Real-Time Mass Spectrometry Analysis for Proteomics,PARTIAL,2020-02-21,2020-10-27,https://www.ebi.ac.uk/pride/archive/projects/PXD017673
PXD017703,3,17,Parallel accumulation – serial fragmentation combined with data-independent acquisition (diaPASEF),PARTIAL,2020-12-17,2020-12-17,https://www.ebi.ac.uk/pride/archive/projects/PXD017703
PXD017762,3,6,The proteome of Rickettsia akari revealed a 44kDa-OMP as novel biomarker for Rickettsialpox,PARTIAL,2020-02-27,2020-07-13,https://www.ebi.ac.uk/pride/archive/projects/PXD017762
PXD017769,3,18,The Hypervariable Amino-Terminus of P1 Protease Modulates Potyviral Replication and Host Defense Responses,COMPLETE,2020-02-27,2020-08-11,https://www.ebi.ac.uk/pride/archive/projects/PXD017769
PXD017772,3,15,DICER-interacting partners in juvenile mouse testes,PARTIAL,2020-02-28,2020-06-03,https://www.ebi.ac.uk/pride/archive/projects/PXD017772
PXD017851,3,6,HEK293T cell proteome remodeling upon Torin1 treatment or amino acid withdraw in WT and RPS3-Halo knock-in cells with or without NUFIP1 deletion. Related to Supplementary Table 5 from An et al (2020),PARTIAL,2020-03-04,2020-04-30,https://www.ebi.ac.uk/pride/archive/projects/PXD017851
PXD017853,3,6,HCT116 cell proteome remodeling upon Torin1 treatment or amino acid withdraw. Related to Supplementary Table 1 from An et al (2020),PARTIAL,2020-07-13,2020-07-13,https://www.ebi.ac.uk/pride/archive/projects/PXD017853
PXD018021,3,4,Cystatin B is essential for proliferation and interneuron migration in individuals with EPM1 epilepsy,PARTIAL,2020-03-12,2020-05-13,https://www.ebi.ac.uk/pride/archive/projects/PXD018021
PXD018022,3,9,Quantitative proximity proteomics suggests a phytotransferrin-mediated cell surface-to-chloroplast iron trafficking axis in marine diatoms,PARTIAL,2020-03-12,2021-03-02,https://www.ebi.ac.uk/pride/archive/projects/PXD018022
PXD018059,3,15,Anisakis simplex L3 proteome stability under heat sterilization condition,COMPLETE,2020-03-17,2021-09-09,https://www.ebi.ac.uk/pride/archive/projects/PXD018059
PXD018115,3,16,Protein interaction partners of drosophila Unr identified by pull down of wild type and an interdomain mutant protein,PARTIAL,2020-03-20,2020-07-14,https://www.ebi.ac.uk/pride/archive/projects/PXD018115
PXD018124,3,12,LC-MSMS of OVCAR-3 class I immunopeptidome,COMPLETE,2020-03-20,2020-05-26,https://www.ebi.ac.uk/pride/archive/projects/PXD018124
PXD018158,3,4,"HEK293T cell degradome (pulse chase) time course (5h, 10, 15h) analysis upon Torin1 treatment. Related to Supplementary Table 3 from An et al (2020)",PARTIAL,2020-03-23,2020-04-30,https://www.ebi.ac.uk/pride/archive/projects/PXD018158
PXD018172,3,14,Structural basis for DNA recognition and allosteric control of the Retinoic Acid Receptors RAR-RXR,PARTIAL,2020-03-25,2021-02-10,https://www.ebi.ac.uk/pride/archive/projects/PXD018172
PXD018194,3,5,Mouse mitochondrial CLPP substrate identification,PARTIAL,2020-03-25,2020-06-01,https://www.ebi.ac.uk/pride/archive/projects/PXD018194
PXD018245,3,12,Intercellular Transmission of a Synthetic Bacterial Cytotoxic Prion-Like Protein in Mammalian Cells.,PARTIAL,2020-03-30,2020-05-26,https://www.ebi.ac.uk/pride/archive/projects/PXD018245
PXD018360,3,12,Ultrasonic-based filter aided sample preparation as the general method to sample preparation in proteomics,PARTIAL,2020-04-10,2020-06-08,https://www.ebi.ac.uk/pride/archive/projects/PXD018360
PXD018444,3,16,TECAN Resolvex A200 Positive Pressure Workstation for Semi Automated Peptide Purification of Complex Proteomic Samples,PARTIAL,2020-04-09,2021-01-25,https://www.ebi.ac.uk/pride/archive/projects/PXD018444
PXD018452,3,15,Structure of Human Thyroglobulin,COMPLETE,2020-04-09,2022-02-24,https://www.ebi.ac.uk/pride/archive/projects/PXD018452
PXD018505,3,9,Inclusion bodies formed by polyglutamine and poly(glycine-alanine) are enriched with distinct proteomes but converge in proteins that are risk factors for disease and involved in protein degradation,PARTIAL,2020-04-14,2020-08-18,https://www.ebi.ac.uk/pride/archive/projects/PXD018505
PXD018508,3,6,Comparative proteomic analysis of virulence proteins in Cronobacter sakazakii based on data-independent acquisition coupled with LC-MS/MS,PARTIAL,2020-04-14,2020-05-27,https://www.ebi.ac.uk/pride/archive/projects/PXD018508
PXD018553,3,9,"Proteome of ""Candidatus Kuenenia Stuttgartiensis"" strain CSTR1 growing planctonically in semi-CSTR reactor",PARTIAL,2020-04-14,2020-11-11,https://www.ebi.ac.uk/pride/archive/projects/PXD018553
PXD018690,3,8,Comprehensive nucleosome interactome screen establishes fundamental principles of nucleosome binding,PARTIAL,2020-04-20,2020-06-24,https://www.ebi.ac.uk/pride/archive/projects/PXD018690
PXD018692,3,11,Salivary proteome in canine pyometra,PARTIAL,2020-04-20,2020-04-27,https://www.ebi.ac.uk/pride/archive/projects/PXD018692
PXD018743,3,7,Ubiquitination profile of polarized macrophages,PARTIAL,2020-04-23,2020-08-06,https://www.ebi.ac.uk/pride/archive/projects/PXD018743
PXD018780,3,7,Cryo-EM structure of the volume-regulated anion channel LRRC8D isoform identifies features important for substrate permeation,COMPLETE,2020-04-24,2020-05-27,https://www.ebi.ac.uk/pride/archive/projects/PXD018780
PXD018824,3,8,Inclusion bodies formed by polyglutamine and poly(glycine-alanine) are enriched with distinct proteomes but converge in proteins that are risk factors for disease and involved in protein degradation,PARTIAL,2020-04-27,2020-08-18,https://www.ebi.ac.uk/pride/archive/projects/PXD018824
PXD018851,3,18,CCPRD: A novel analytical framework for comprehensive proteomic reference database construction of non-model organisms,PARTIAL,2020-04-28,2020-07-09,https://www.ebi.ac.uk/pride/archive/projects/PXD018851
PXD019023,3,34,Study of Brucella abortus / Agrobacterium tumefaciens outer membrane proteins covalently bound to peptidoglycan,COMPLETE,2020-05-07,2020-10-20,https://www.ebi.ac.uk/pride/archive/projects/PXD019023
PXD019054,3,6,Early cleavage of preimplantation embryos is regulated by tRNAGln-TTG-derived small RNAs present in mature spermatozoa,PARTIAL,2020-05-08,2020-07-13,https://www.ebi.ac.uk/pride/archive/projects/PXD019054
PXD019116,3,9,Identification and analysis of the tegumental protein and excretory-secretory products of the carcinogenic liver fluke Clonorchis sinensis,PARTIAL,2020-05-12,2021-09-09,https://www.ebi.ac.uk/pride/archive/projects/PXD019116
PXD019358,3,4,Global Proteomic Analysis of Lysine crotonylation in The Plant Pathogen Botrytis cinerea,PARTIAL,2020-05-25,2020-09-07,https://www.ebi.ac.uk/pride/archive/projects/PXD019358
PXD019395,3,11,Atherosclerotic environment effect over CAC pre-angiogenic role,PARTIAL,2020-05-26,2021-09-09,https://www.ebi.ac.uk/pride/archive/projects/PXD019395
PXD019412,3,15,PUB11-dependent ubiquitination of ALA10,COMPLETE,2020-05-27,2020-08-10,https://www.ebi.ac.uk/pride/archive/projects/PXD019412
PXD019423,3,10,MS analysis of SARS-CoV2 proteins from patient samples,COMPLETE,2020-06-25,2020-06-26,https://www.ebi.ac.uk/pride/archive/projects/PXD019423
PXD019470,3,10,Proteomic analysis of Pseudomonas aeruginosa purified outer membrane vesicle (OMV) extracts exposed to sex steroids,PARTIAL,2020-05-29,2021-09-08,https://www.ebi.ac.uk/pride/archive/projects/PXD019470
PXD019473,3,15,BAG5 functionally interacts with the autophagy adaptor protein p62,COMPLETE,2020-05-30,2020-08-05,https://www.ebi.ac.uk/pride/archive/projects/PXD019473
PXD019536,3,4,Global insights into lysine acetylome in Streptomyces coelicolor,PARTIAL,2020-06-03,2021-09-30,https://www.ebi.ac.uk/pride/archive/projects/PXD019536
PXD019599,3,10,Engineered chemotaxis core signaling units,PARTIAL,2020-06-05,2021-09-09,https://www.ebi.ac.uk/pride/archive/projects/PXD019599
PXD019713,3,16,"DSSO,Xlink,LC-MSMS - DSSO as linker, study of protein-protein interaction by LC-MSMS",COMPLETE,2020-06-11,2021-09-09,https://www.ebi.ac.uk/pride/archive/projects/PXD019713
PXD019723,3,7,Pull down of Rab10 interactors in Raw264.7 cells,PARTIAL,2020-06-11,2022-02-15,https://www.ebi.ac.uk/pride/archive/projects/PXD019723
PXD019758,3,39,Connecting exoproteome content and Monilinia laxa virulence,PARTIAL,2020-06-15,2021-09-09,https://www.ebi.ac.uk/pride/archive/projects/PXD019758
PXD019768,3,9,Avaxia_InGelDigest_Pancreatin digest products of bovine Ig,COMPLETE,2020-06-15,2020-07-29,https://www.ebi.ac.uk/pride/archive/projects/PXD019768
PXD019793,3,7,Human proteome derivatized with iodoacetamide and acrylamide,PARTIAL,2020-06-16,2021-07-22,https://www.ebi.ac.uk/pride/archive/projects/PXD019793
PXD019803,3,7,iotin-streptavidin affinity purification mass spectrometry of proteins in human 293T cell using bioinylated Orf9b,PARTIAL,2020-06-16,2021-09-09,https://www.ebi.ac.uk/pride/archive/projects/PXD019803
PXD019850,3,9,Scorpion (Centruroides vittatus) venom gland,COMPLETE,2020-06-17,2022-02-15,https://www.ebi.ac.uk/pride/archive/projects/PXD019850
PXD019868,3,15,study of protein-protein interaction by LC-MSMS,COMPLETE,2020-06-18,2021-09-09,https://www.ebi.ac.uk/pride/archive/projects/PXD019868
PXD020113,3,20,Parthenolide-treated HeLa cells and purified tubulin,PARTIAL,2020-06-29,2021-01-22,https://www.ebi.ac.uk/pride/archive/projects/PXD020113
PXD020229,3,8,Crosslinking mass spectrometry of the unconventional kinetoplastid kinetochore protein KKT4,PARTIAL,2020-07-07,2020-10-15,https://www.ebi.ac.uk/pride/archive/projects/PXD020229
PXD020231,3,4,Protein interaction AP-MS data for TAP-CSAG1 and TAP-CSAG2 from HEK293 cells,PARTIAL,2020-07-07,2020-09-01,https://www.ebi.ac.uk/pride/archive/projects/PXD020231
PXD020262,3,7,Genetic regulation of the ATP synthase in neurons modulates cognition,COMPLETE,2020-07-08,2021-05-24,https://www.ebi.ac.uk/pride/archive/projects/PXD020262
PXD020277,3,7,Site-specific N-glycoproteomic analysis of Intrahepatic cholangiocarcinoma and Hepatocellular carcinoma,PARTIAL,2020-07-09,2022-08-11,https://www.ebi.ac.uk/pride/archive/projects/PXD020277
PXD020585,3,6,human breast cancer cell line LC-MS/MS,PARTIAL,2020-07-27,2021-09-09,https://www.ebi.ac.uk/pride/archive/projects/PXD020585
PXD020724,3,4,Neurospora crassa eisosome LC-MS,PARTIAL,2020-08-04,2021-09-09,https://www.ebi.ac.uk/pride/archive/projects/PXD020724
PXD020755,3,10,Reverse Chromatin Immunoprecipitation (R-ChIP) to investigate the upstream regulators of a specific gene（CAT3 Promoter)-880,PARTIAL,2020-08-06,2020-11-04,https://www.ebi.ac.uk/pride/archive/projects/PXD020755
PXD020772,3,10,Reverse Chromatin Immunoprecipitation (R-ChIP) to investigate the upstream regulators of a specific gene（CAT3 Promoter）-722,PARTIAL,2020-08-06,2020-11-04,https://www.ebi.ac.uk/pride/archive/projects/PXD020772
PXD020776,3,11,MaxQuant DIA Complete submission,COMPLETE,2020-08-06,2020-08-07,https://www.ebi.ac.uk/pride/archive/projects/PXD020776
PXD020788,3,4,Global analysis of lysine 2-hydroxyisobutyrylation in wheat leaf,PARTIAL,2020-08-07,2021-06-08,https://www.ebi.ac.uk/pride/archive/projects/PXD020788
PXD020790,3,4,Global analysis of lysine 2-hydroxyisobutyrylation in wheat leaf,PARTIAL,2020-08-07,2021-06-10,https://www.ebi.ac.uk/pride/archive/projects/PXD020790
PXD020819,3,4,Global analysis of lysine 2-hydroxyisobutyrylation in wheat root,PARTIAL,2020-08-10,2021-09-09,https://www.ebi.ac.uk/pride/archive/projects/PXD020819
PXD020856,3,8,Harnessing Ionic Selectivity In Acetyltransferase Chemoproteomic Probes,COMPLETE,2020-08-12,2021-08-19,https://www.ebi.ac.uk/pride/archive/projects/PXD020856
PXD020924,3,18,Different research approaches in unraveling the venom proteome of Naja ashei,COMPLETE,2020-08-16,2020-09-07,https://www.ebi.ac.uk/pride/archive/projects/PXD020924
PXD020946,3,5,EC-exosomes and BM fluid-Exosomes,PARTIAL,2020-08-17,2020-11-24,https://www.ebi.ac.uk/pride/archive/projects/PXD020946
PXD020976,3,12,Tandem mass spectrometry proteotyping of microbial samples isolated from an industrial infrastructure.,COMPLETE,2020-08-18,2021-09-09,https://www.ebi.ac.uk/pride/archive/projects/PXD020976
PXD021059,3,4,Proteome-wide Analysis of Lysine 2-hydroxyisobutyrylation in the Phytopathogenic Fungus Botrytis cinerea,PARTIAL,2020-08-23,2020-09-07,https://www.ebi.ac.uk/pride/archive/projects/PXD021059
PXD021173,3,5,The mitochondrial surface receptor Tom70 protects the cytosol against mitoprotein-induced stress,PARTIAL,2020-08-27,2021-03-29,https://www.ebi.ac.uk/pride/archive/projects/PXD021173
PXD021182,3,11,dentification of Cross-linking partners of BpA modified p37 and p97  by photo cross-linking MS,PARTIAL,2020-08-28,2020-10-19,https://www.ebi.ac.uk/pride/archive/projects/PXD021182
PXD021187,3,10,A Versatile Isobaric Tag Enables Proteome Quantification in Data Dependent and Data Independent Acquisition Mode,COMPLETE,2020-08-28,2021-09-09,https://www.ebi.ac.uk/pride/archive/projects/PXD021187
PXD021246,3,4,Global analysis of lysine acetylation reveals its role in multiple biological processes in Glycine max,PARTIAL,2020-09-01,2020-11-16,https://www.ebi.ac.uk/pride/archive/projects/PXD021246
PXD021267,3,6,Auxin-triggered changes in the Arabidopsis root tip (phospho)proteome reveal novel root growth regulators,PARTIAL,2020-09-02,2021-09-09,https://www.ebi.ac.uk/pride/archive/projects/PXD021267
PXD021340,3,3,Mouse HSC proteomics in basal or 5FU activated conditions,PARTIAL,2020-09-07,2022-02-16,https://www.ebi.ac.uk/pride/archive/projects/PXD021340
PXD021388,3,5,Detection of SARS-CoV-2 in nasal swabs using MALDI-MS,PARTIAL,2020-09-10,2020-09-11,https://www.ebi.ac.uk/pride/archive/projects/PXD021388
PXD021417,3,16,Reanalysis of a synthetic cross-linked peptide library with OpenPepXL for benchmarking purposes,PARTIAL,2020-09-11,2020-10-20,https://www.ebi.ac.uk/pride/archive/projects/PXD021417
PXD021541,3,6,"The Serine/Threonine kinase PrkC of Clostridioides difficile regulates export of CD1135, a septal peptidoglycan hydrolase",PARTIAL,2020-09-17,2021-04-08,https://www.ebi.ac.uk/pride/archive/projects/PXD021541
PXD021838,3,165,Proteomics of muscle microdialysates identifies potential circulating biomarkers in Facioscapulohumeral muscular dystrophy,PARTIAL,2020-10-05,2021-09-09,https://www.ebi.ac.uk/pride/archive/projects/PXD021838
PXD022000,3,4,Global Proteomic Analysis of lysine 2-hydroxyisobutyrylation in The Plant Pathogen Fusarium oxysporum,PARTIAL,2020-10-15,2020-10-15,https://www.ebi.ac.uk/pride/archive/projects/PXD022000
PXD022024,3,9,2DE images and LC-MS/MS of smooth and rough strains of Salmonella Gallinarum,COMPLETE,2020-10-16,2020-10-20,https://www.ebi.ac.uk/pride/archive/projects/PXD022024
PXD022037,3,17,Exploring the interaction between the SWI/SNF chromatin remodeling complex and the zinc finger factor CTCF,PARTIAL,2020-11-19,2021-09-09,https://www.ebi.ac.uk/pride/archive/projects/PXD022037
PXD022113,3,7,Protein (elafin) cleavage by the main Lactobacillus spp encountered in the female gynecological tract,PARTIAL,2020-10-21,2022-04-04,https://www.ebi.ac.uk/pride/archive/projects/PXD022113
PXD022124,3,6,A Bothrops jararaca venom subproteome to benchmark a spectral clustering algorithm by controlling the selection bias,PARTIAL,2020-10-22,2022-03-16,https://www.ebi.ac.uk/pride/archive/projects/PXD022124
PXD022131,3,7,Network-based integration of multi-omics data identifies the determinants of miR-491-5p effects,PARTIAL,2020-10-22,2021-09-09,https://www.ebi.ac.uk/pride/archive/projects/PXD022131
PXD022213,3,4,Murine Podocyte Membrane Proteomics,PARTIAL,2020-10-28,2021-02-19,https://www.ebi.ac.uk/pride/archive/projects/PXD022213
PXD022245,3,15,"PTENε, a new isoform of PTEN, suppresses tumor metastasis through filopodia formation regulation.",PARTIAL,2020-10-29,2021-01-11,https://www.ebi.ac.uk/pride/archive/projects/PXD022245
PXD022287,3,15,A dataset for training/testing machine learning models of peptide feature detection: Human HELA LC-MSMS,COMPLETE,2021-05-12,2021-06-18,https://www.ebi.ac.uk/pride/archive/projects/PXD022287
PXD022404,3,15,Shingobium sp. strain Chol11 MALDI-TOF MS,PARTIAL,2020-11-06,2021-04-21,https://www.ebi.ac.uk/pride/archive/projects/PXD022404
PXD022650,3,12,i.e. RFX8 mediates DDX24 transcription in human hepatocellular carcinoma,PARTIAL,2020-11-20,2021-01-29,https://www.ebi.ac.uk/pride/archive/projects/PXD022650
PXD022826,3,14,A 9-kDa matricellular SPARC fragment released by cathepsin D exhibits pro-tumor activity in cancer,COMPLETE,2020-11-30,2021-09-09,https://www.ebi.ac.uk/pride/archive/projects/PXD022826
PXD022838,3,9,Application of harmonic FT-ICR-MS signal acquisition for improved proteome research,PARTIAL,2020-12-01,2022-08-12,https://www.ebi.ac.uk/pride/archive/projects/PXD022838
PXD022846,3,6,Analysis of mouse colon using LC-MS,PARTIAL,2020-12-01,2021-03-22,https://www.ebi.ac.uk/pride/archive/projects/PXD022846
PXD022888,3,9,Dietary restriction transforms the mammalian protein sulfhydrome in a tissue-specific and cystathionine γ-lyase-dependent manner,COMPLETE,2020-12-03,2021-01-25,https://www.ebi.ac.uk/pride/archive/projects/PXD022888
PXD022964,3,6,A conserved cysteine acts as an endogenous antioxidant in the P-type plasma membrane H+-ATPase,PARTIAL,2020-12-07,2021-08-10,https://www.ebi.ac.uk/pride/archive/projects/PXD022964
PXD022975,3,8,CDKL5 - nuclear substrates - Validation,PARTIAL,2020-12-07,2020-12-10,https://www.ebi.ac.uk/pride/archive/projects/PXD022975
PXD022984,3,10,Nab2 Drosophila pupal brain LC-MSMS,PARTIAL,2021-05-14,2022-02-17,https://www.ebi.ac.uk/pride/archive/projects/PXD022984
PXD023073,3,6,NeissLock: an inducible protein anhydride for covalent targeting of endogenous proteins,PARTIAL,2020-12-11,2021-02-01,https://www.ebi.ac.uk/pride/archive/projects/PXD023073
PXD023086,3,4,African swine fever virus ubiquitinconjugating enzyme interacts with host translation machinery to regulate the host protein synthesis,PARTIAL,2020-12-13,2020-12-14,https://www.ebi.ac.uk/pride/archive/projects/PXD023086
PXD023088,3,7,Nucleolin is a cell surface receptor of C1QTNF4,PARTIAL,2020-12-13,2021-03-21,https://www.ebi.ac.uk/pride/archive/projects/PXD023088
PXD023127,3,7,A wolf in another wolf’s clothing: Post-genomic regulation dictates venom profiles of medically-important cryptic kraits in India,PARTIAL,2020-12-14,2021-09-09,https://www.ebi.ac.uk/pride/archive/projects/PXD023127
PXD023138,3,12,SARS-CoV-2 S protein ACE2 interaction reveals novel allosteric targets,PARTIAL,2020-12-15,2021-08-09,https://www.ebi.ac.uk/pride/archive/projects/PXD023138
PXD023223,3,33,The label-free quantitative secretome of MCF-7 cells treated with sumaCTX,PARTIAL,2021-03-18,2021-06-29,https://www.ebi.ac.uk/pride/archive/projects/PXD023223
PXD023377,3,7,Integrative Network Analysis Reveals USP7 Haploinsufficiency Inhibits E-protein Activity in Pediatric T-lineage Acute Lymphoblastic Leukemia (T-ALL),PARTIAL,2021-01-04,2021-03-16,https://www.ebi.ac.uk/pride/archive/projects/PXD023377
PXD023444,3,6,Intermittent bulk release of human cytomegalovirus,COMPLETE,2021-01-06,2022-06-23,https://www.ebi.ac.uk/pride/archive/projects/PXD023444
PXD023478,3,8,Complexome profiling on the psb28 mutant,PARTIAL,2021-01-08,2025-05-08,https://www.ebi.ac.uk/pride/archive/projects/PXD023478
PXD023486,3,9,20-175-Cronan-ZheHu and 20-200-Cronan-ZHu,COMPLETE,2021-01-08,2021-01-29,https://www.ebi.ac.uk/pride/archive/projects/PXD023486
PXD023525,3,10,OGDH/DHTKD1-DLST (E1o/E1a- E2o) CL-MS,COMPLETE,2021-01-11,2021-09-09,https://www.ebi.ac.uk/pride/archive/projects/PXD023525
PXD023617,3,9,Identification of interacting proteins with circPLCE1-411 in hunan colorectal cancer cell by LC-MS,PARTIAL,2021-01-15,2021-09-10,https://www.ebi.ac.uk/pride/archive/projects/PXD023617
PXD023707,3,11,Profiling of the human Fallopian tube matrisome,COMPLETE,2021-01-20,2021-11-02,https://www.ebi.ac.uk/pride/archive/projects/PXD023707
PXD023758,3,21,Human TRPV4 LC-MS protein interactor screen,COMPLETE,2021-01-22,2021-01-29,https://www.ebi.ac.uk/pride/archive/projects/PXD023758
PXD023759,3,12,The production of Excretory-Secretory molecules from Heligmosomoides polygyrus bakeri fourth stage larvae varies between mixed and single sex cultures.,COMPLETE,2021-01-22,2021-09-10,https://www.ebi.ac.uk/pride/archive/projects/PXD023759
PXD023810,3,10,Identification of proteins precipitated by means of Acyl-RAC,COMPLETE,2021-01-26,2021-03-30,https://www.ebi.ac.uk/pride/archive/projects/PXD023810
PXD023860,3,9,Mouse hepatocyte-derived extracellular vesicle proteome analysis,PARTIAL,2021-01-28,2021-09-10,https://www.ebi.ac.uk/pride/archive/projects/PXD023860
PXD023977,3,13,Boosting MS1-only proteomics with machine learning allows 2000 protein identifications in single-shot human proteome analyses using 5-minute HPLC gradients,PARTIAL,2021-02-03,2021-03-18,https://www.ebi.ac.uk/pride/archive/projects/PXD023977
PXD023990,3,4,Glycolytic modulation through HIF signaling determines HIV-1 elite control status,PARTIAL,2021-02-04,2021-04-01,https://www.ebi.ac.uk/pride/archive/projects/PXD023990
PXD024120,3,5,Interactome screening of C9orf72 dipeptide repeats reveals sequestration and functional impairment of VCP by polyGA,PARTIAL,2021-02-11,2022-05-19,https://www.ebi.ac.uk/pride/archive/projects/PXD024120
PXD024220,3,4,The structure of a virus-encoded nucleosome,PARTIAL,2021-02-17,2021-05-27,https://www.ebi.ac.uk/pride/archive/projects/PXD024220
PXD024293,3,19,"LC-MSMS of microplasts derived from macrophage conditioned medium treated breast adenocarcinoma MCF-7 cells. Pooja Kamal Melwani, M.Sc., Nishad S, PhD, Badri Narain Pandey, PhD, Radiation Signalling and Cancer Biology Section, Radiation Biology & Health Sciences Division, Bhabha Atomic Research Centre, Mumbai 400 085, India",COMPLETE,2021-02-22,2021-05-05,https://www.ebi.ac.uk/pride/archive/projects/PXD024293
PXD024380,3,9,Aging-induced isoDGR-modified fibronectin activates monocytic and endothelial cells to promote atherosclerosis,PARTIAL,2021-02-25,2022-10-25,https://www.ebi.ac.uk/pride/archive/projects/PXD024380
PXD024400,3,10,Blood leukocytes recapitulate diabetogenic peptide-MHC-II complexes displayed in the pancreatic islets,COMPLETE,2021-02-26,2021-03-26,https://www.ebi.ac.uk/pride/archive/projects/PXD024400
PXD024421,3,4,Global Proteomic Analysis of Lysine Crotonylation in H. axyridis,PARTIAL,2021-03-01,2021-09-28,https://www.ebi.ac.uk/pride/archive/projects/PXD024421
PXD024432,3,6,Cryo-EM structure of the mature and infective Mayaro virus at 4.4 Å resolution reveals new features of arthritogenic alphaviruses,PARTIAL,2021-03-01,2021-05-28,https://www.ebi.ac.uk/pride/archive/projects/PXD024432
PXD024483,3,6,Visualization and identification of bioorthogonally-labeled exosome proteins following systemic administration in mice - Figure 4B left panel,COMPLETE,2021-03-03,2021-03-15,https://www.ebi.ac.uk/pride/archive/projects/PXD024483
PXD024541,3,9,Ustilaginoidea virens secreted protein LC-MSMS,PARTIAL,2021-03-05,2021-04-23,https://www.ebi.ac.uk/pride/archive/projects/PXD024541
PXD024627,3,13,"Proteomic analysis of three medically important Nigerian Naja (Naja haje, Naja katiensis and Naja nigricollis) snake venoms",COMPLETE,2021-03-10,2021-03-12,https://www.ebi.ac.uk/pride/archive/projects/PXD024627
PXD024725,3,9,RTN3 and control IP mass spectrometry,COMPLETE,2021-03-15,2021-08-16,https://www.ebi.ac.uk/pride/archive/projects/PXD024725
PXD024730,3,4,Global analysis of lysine 2-hydroxyisobutyrylation in  Rheum palmatum,PARTIAL,2021-03-15,2021-03-29,https://www.ebi.ac.uk/pride/archive/projects/PXD024730
PXD025062,3,16,Detection of Cas9 post-translational modifications by mass spectrometry,PARTIAL,2021-03-29,2022-01-11,https://www.ebi.ac.uk/pride/archive/projects/PXD025062
PXD025130,3,14,Proteomics characterization of purified SARS-CoV-2 viral particles for search of mutations.,COMPLETE,2021-03-31,2021-05-31,https://www.ebi.ac.uk/pride/archive/projects/PXD025130
PXD025131,3,21,Proteomics characterization of purified SARS-CoV-2 viral particles.,COMPLETE,2021-03-31,2021-05-31,https://www.ebi.ac.uk/pride/archive/projects/PXD025131
PXD025133,3,9,Paracrine IFN response limits ZIKV infection in human Sertoli cells,PARTIAL,2021-04-06,2021-09-10,https://www.ebi.ac.uk/pride/archive/projects/PXD025133
PXD025241,3,11,Tandem mass tag-based proteomic analysis in saliva of horses with acute abdominal disease,PARTIAL,2021-04-07,2021-05-24,https://www.ebi.ac.uk/pride/archive/projects/PXD025241
PXD025325,3,6,LC-MS/MS for identification on ADAR1p110 the sites of ubiquitin conjugation,PARTIAL,2021-04-12,2022-05-29,https://www.ebi.ac.uk/pride/archive/projects/PXD025325
PXD025415,3,4,Increased expression of SLC25A1/CIC in the mouse results in an autistic-like phenotype with altered white matter microstructure and neuron morphology,PARTIAL,2021-04-15,2022-02-26,https://www.ebi.ac.uk/pride/archive/projects/PXD025415
PXD025440,3,6,Exploration of peptides that are increased in the plasma of diabetic mice and are the substrate of dipeptidyl peptidase III,PARTIAL,2021-04-16,2022-02-17,https://www.ebi.ac.uk/pride/archive/projects/PXD025440
PXD025474,3,4,In vivo Analysis Reveals that ATP-hydrolysis Couples Remodeling  to SWI/SNF Release from Chromatin.,PARTIAL,2021-04-19,2022-01-20,https://www.ebi.ac.uk/pride/archive/projects/PXD025474
PXD025641,3,12,"Chemical modifications induced by phthalic anhydride, a respiratory sensitizer, in reconstructed human epidermis: A combined HRMAS NMR and LC-MS/MS proteomic approach",COMPLETE,2021-04-26,2022-03-15,https://www.ebi.ac.uk/pride/archive/projects/PXD025641
PXD025763,3,9,Arginine Methylation Regulates SARS-CoV-2 Nucleocapsid Protein Function and Viral Replication,COMPLETE,2021-05-04,2022-02-17,https://www.ebi.ac.uk/pride/archive/projects/PXD025763
PXD025771,3,4,Identification of differential phosphoproteins reveled complex responses of soybean to phosphate starvation through reversible protein phosphorylation,PARTIAL,2021-05-04,2021-06-13,https://www.ebi.ac.uk/pride/archive/projects/PXD025771
PXD025872,3,7,tMS2/PRM on fibrotic valve tissue,PARTIAL,2021-05-07,2021-06-18,https://www.ebi.ac.uk/pride/archive/projects/PXD025872
PXD025883,3,10,LC-MS/MS analysis of NGF proteins  purified from cerebrospinal fluid,COMPLETE,2021-05-07,2022-02-17,https://www.ebi.ac.uk/pride/archive/projects/PXD025883
PXD025912,3,6,Acetylation level of Pannexin 1 lysine residues following alpha 1 adrenoceptor activation,PARTIAL,2021-05-10,2021-07-16,https://www.ebi.ac.uk/pride/archive/projects/PXD025912
PXD025930,3,6,MGA interactome in 293T cells using affinity purification and mass spectrometry,PARTIAL,2021-05-11,2021-07-06,https://www.ebi.ac.uk/pride/archive/projects/PXD025930
PXD025959,3,12,"Coordinated control of the Aurora B abscission checkpoint by PKCε complex assembly, midbody recruitment and retention",COMPLETE,2021-05-12,2021-11-03,https://www.ebi.ac.uk/pride/archive/projects/PXD025959
PXD026111,3,4,A new cost-effective ribosome profiling technique complements the functional genome annotation and reveals a key role of genic 3’ untranslated region in plant translatomic variation,PARTIAL,2021-05-20,2021-05-30,https://www.ebi.ac.uk/pride/archive/projects/PXD026111
PXD026237,3,4,PfAP2-O Influences Virulence Gene Transcription and Sexual Development in Plasmodium falciparum,PARTIAL,2021-05-25,2021-06-28,https://www.ebi.ac.uk/pride/archive/projects/PXD026237
PXD026282,3,5,Myelin nanovesicles characterization,PARTIAL,2021-05-26,2021-12-15,https://www.ebi.ac.uk/pride/archive/projects/PXD026282
PXD026307,3,4,Systematic analysis of lysine 2-hydroxyisobutyrylation in Rheum palmatum L． leaves,PARTIAL,2021-05-27,2021-05-29,https://www.ebi.ac.uk/pride/archive/projects/PXD026307
PXD026373,3,4,Proteome-Wide Analysis of Lysine 2-Hydroxyisobutyrylation in the Aspergillus niger in Peanuts,PARTIAL,2021-05-31,2021-06-01,https://www.ebi.ac.uk/pride/archive/projects/PXD026373
PXD026436,3,8,Human adipose-derived stem cells secretome,PARTIAL,2021-06-02,2022-02-17,https://www.ebi.ac.uk/pride/archive/projects/PXD026436
PXD026450,3,10,SARS-CoV-2 spike protein glycosylation enriched by HILIC and Ti-IMAC,PARTIAL,2021-06-03,2022-01-11,https://www.ebi.ac.uk/pride/archive/projects/PXD026450
PXD026505,3,12,Pull-down of nuclear proteins from HGC-27 cell line,COMPLETE,2021-06-07,2022-04-04,https://www.ebi.ac.uk/pride/archive/projects/PXD026505
PXD026506,3,9,Transforming growth factor receptor beta 3 (TGFBR3)-associated membranous nephropathy,COMPLETE,2021-06-07,2022-05-20,https://www.ebi.ac.uk/pride/archive/projects/PXD026506
PXD026687,3,5,stem cells from human exfoliated deciduous teeth cultured with human platelet lysate,PARTIAL,2021-06-14,2022-05-19,https://www.ebi.ac.uk/pride/archive/projects/PXD026687
PXD026733,3,29,The Cell Wall Proteome of Craterostigma plantagineum Cell Cultures Habituated to Dichlobenil and Isoxaben,COMPLETE,2021-06-15,2021-11-03,https://www.ebi.ac.uk/pride/archive/projects/PXD026733
PXD026798,3,133,Strategies for the interpretation of soil metaproteomic data,COMPLETE,2021-06-18,2022-02-17,https://www.ebi.ac.uk/pride/archive/projects/PXD026798
PXD026944,3,7,Global quantitative proteomics analysis reveals the downstream signaling networks of Msx1 and Msx2 in skeletal muscle development,PARTIAL,2021-06-27,2023-07-20,https://www.ebi.ac.uk/pride/archive/projects/PXD026944
PXD026990,3,11,Intensity-based absolute quantification (iBAQ) of components of photosystem I monomers and dimers.,COMPLETE,2021-06-29,2023-03-11,https://www.ebi.ac.uk/pride/archive/projects/PXD026990
PXD027025,3,7,CD9-HPLC-IAC Isolation of Serum Extracellular Vesicles for Proteomic Analysis,PARTIAL,2021-07-01,2022-10-14,https://www.ebi.ac.uk/pride/archive/projects/PXD027025
PXD027043,3,4,Molecular insights into mechanisms of GPCR hijacking by Staphylococcus aureus,PARTIAL,2021-07-01,2021-11-03,https://www.ebi.ac.uk/pride/archive/projects/PXD027043
PXD027049,3,7,GM-CSF nitration is a new driver of myeloid suppressor cell activity in tumors,PARTIAL,2021-07-02,2021-10-04,https://www.ebi.ac.uk/pride/archive/projects/PXD027049
PXD027064,3,18,Stearic acid blunts growth-factor signaling via oleoylation of GNAI proteins,PARTIAL,2021-07-02,2021-08-26,https://www.ebi.ac.uk/pride/archive/projects/PXD027064
PXD027150,3,9,MALDI-TOF Profiling of modified histone proteins,PARTIAL,2021-07-07,2021-08-26,https://www.ebi.ac.uk/pride/archive/projects/PXD027150
PXD027221,3,8,Treatment of human K562 chronic myelogenous leukemia cells with NK3.3-derived extracellular vesicles,COMPLETE,2021-07-12,2021-09-07,https://www.ebi.ac.uk/pride/archive/projects/PXD027221
PXD027257,3,5,Cellular interactome of HSV-1 pUL21,PARTIAL,2021-07-13,2021-08-05,https://www.ebi.ac.uk/pride/archive/projects/PXD027257
PXD027261,3,16,Strength of a “single-tube” protocol for protein isolation from multiple cell fractions shown for the plant pathogen Xanthomonas campestris pv. campestris B100 with a focus on proteins involved in the biosynthesis of the exopolysaccharide xanthan,PARTIAL,2021-10-28,2022-02-16,https://www.ebi.ac.uk/pride/archive/projects/PXD027261
PXD027403,3,10,Structural mapping of the surfaces of fibrillar 1N3R and 1N4R human tau,PARTIAL,2021-07-19,2022-02-17,https://www.ebi.ac.uk/pride/archive/projects/PXD027403
PXD027407,3,10,Rat cell supernatant and the separation of supernatant LC-MSMS,PARTIAL,2021-07-19,2022-02-17,https://www.ebi.ac.uk/pride/archive/projects/PXD027407
PXD027430,3,9,Proteomic study in sucrose secreting mutant of cyanobacterium Synechococcus elongatus PCC 7942.,COMPLETE,2021-07-20,2022-03-21,https://www.ebi.ac.uk/pride/archive/projects/PXD027430
PXD027491,3,9,The role of ELAPOR1 in secretory granule maturation,COMPLETE,2021-07-22,2021-11-16,https://www.ebi.ac.uk/pride/archive/projects/PXD027491
PXD027562,3,31,"Identification of Protein Profile in Muscle Tissue of Threatened Indian walking catfish, Clarias magur (Hamilton 1822)",PARTIAL,2021-07-26,2025-05-13,https://www.ebi.ac.uk/pride/archive/projects/PXD027562
PXD027567,3,16,"Quantitative comparison of E.huxleyi proteome in C-cell, N-cell, and over the diel cycle",PARTIAL,2021-07-26,2023-04-25,https://www.ebi.ac.uk/pride/archive/projects/PXD027567
PXD027571,3,6,"The analysis of the α2,6-sialylated proteins in endometrium from porcine gestational day 15 by LC-MS/MS",PARTIAL,2021-07-26,2022-02-17,https://www.ebi.ac.uk/pride/archive/projects/PXD027571
PXD027624,3,7,Structural aspects of FOXO4 binding to DAF16 investigated with FPOP using both bottom-up and top-down MS.,PARTIAL,2021-07-28,2022-02-14,https://www.ebi.ac.uk/pride/archive/projects/PXD027624
PXD027721,3,4,"We applied an iodoacetyl tandem mass tags (iodoTMT)-based proteomic approach to analyze the redox proteome of Brassica napus seedlings under control and salt-stressed conditions. We identified 1,821 sulfenylated sites in 912 proteins from all samples.",PARTIAL,2021-08-05,2021-08-18,https://www.ebi.ac.uk/pride/archive/projects/PXD027721
PXD027745,3,6,The protection of Evodiamine against Ulcerative Colitis and Colorectal Cancer via anti-inflammation,PARTIAL,2021-08-05,2022-05-20,https://www.ebi.ac.uk/pride/archive/projects/PXD027745
PXD027784,3,5,A proteomic approach for unravelling the relevance of the polyadenylation factor EhCFIm25 in Entamoeba histolytica survival and virulence,COMPLETE,2021-08-06,2021-08-26,https://www.ebi.ac.uk/pride/archive/projects/PXD027784
PXD027846,3,6,Riptortus pedestris saliva LC-MS,PARTIAL,2021-08-10,2021-11-02,https://www.ebi.ac.uk/pride/archive/projects/PXD027846
PXD027892,3,10,HHbFPS1 may play an important role in the effect of tapping panel dryness on the natural rubber biosynthesis in Hevea brasiliensis latex,PARTIAL,2021-08-12,2023-05-10,https://www.ebi.ac.uk/pride/archive/projects/PXD027892
PXD027973,3,7,"Expression, purification and characterization of bovine leukemia virus-like particles produced in Drosophila S2 cells",PARTIAL,2021-08-17,2021-11-02,https://www.ebi.ac.uk/pride/archive/projects/PXD027973
PXD028048,3,7,Structural characterization of the reaction center-light harvesting 1-PufXY complex from Rhodobacter sphaeroides,PARTIAL,2021-08-20,2022-02-15,https://www.ebi.ac.uk/pride/archive/projects/PXD028048
PXD028095,3,11,Proteomic analysis of bovine milk-derived extracellular vesicles isolated via salting-out,PARTIAL,2021-09-13,2021-11-02,https://www.ebi.ac.uk/pride/archive/projects/PXD028095
PXD028115,3,34,"Identification of Protein Profile in Muscle Tissue of Threatened Indian walking catfish, Clarias magur (Hamilton 1822)",COMPLETE,2021-08-25,2025-05-13,https://www.ebi.ac.uk/pride/archive/projects/PXD028115
PXD028172,3,35,Proteomics analysis of plasma-derived exosomes extracted by thrombin pre-treated ExoQuick isolation,COMPLETE,2021-08-27,2022-03-04,https://www.ebi.ac.uk/pride/archive/projects/PXD028172
PXD028394,3,11,"LC-MSMS analyses of purified, recombinant TcJHR complexes",COMPLETE,2021-09-09,2022-02-16,https://www.ebi.ac.uk/pride/archive/projects/PXD028394
PXD028426,3,4,Proteome-Wide Analysis of Lysine 2-Hydroxyisobutyrylation in the Aspergillus niger in Peanuts,PARTIAL,2021-09-09,2022-07-31,https://www.ebi.ac.uk/pride/archive/projects/PXD028426
PXD028433,3,9,Molecular Basis for CPC-Sgo1 Interaction: Implications for Centromere Localisation and Function of the CPCMolecular Basis for CPC-Sgo1 Interaction: Implications for Centromere Localisation and Function of the CPC,PARTIAL,2021-09-09,2022-06-29,https://www.ebi.ac.uk/pride/archive/projects/PXD028433
PXD028485,3,6,Quantitative TMT6plex LC-MS/MS of Cassiopea andromeda,PARTIAL,2021-09-15,2026-08-19,https://www.ebi.ac.uk/pride/archive/projects/PXD028485
PXD028558,3,18,APIR: a universal FDR-control framework for boosting peptide identification power by aggregating multiple proteomics database search algorithms,PARTIAL,2021-09-20,2021-09-21,https://www.ebi.ac.uk/pride/archive/projects/PXD028558
PXD028594,3,6,"Radiotherapy changes the salivary proteome in head and neck cancer patients: evaluation before, during and after treatment",PARTIAL,2021-09-17,2021-10-12,https://www.ebi.ac.uk/pride/archive/projects/PXD028594
PXD028640,3,7,Comprehensive Phosphoproteomic Analysis of Nostoc flagelliforme in Response to Dehydration Provides Insights into Plant ROS Signaling Transduction,PARTIAL,2021-09-20,2021-12-27,https://www.ebi.ac.uk/pride/archive/projects/PXD028640
PXD028652,3,12,"Mounting, structure and autocleavage of a type VI secretion-associated Rhs polymorphic toxin",PARTIAL,2021-09-20,2021-11-30,https://www.ebi.ac.uk/pride/archive/projects/PXD028652
PXD028742,3,25,Identification and characterization of Formate dehydrogenases (FDHs) from Bacillus subtilis,COMPLETE,2021-09-24,2022-02-16,https://www.ebi.ac.uk/pride/archive/projects/PXD028742
PXD028784,3,8,Pandanus amaryllifolius drought stress and recovery LC-MSMS TMT-Labelled,PARTIAL,2021-09-27,2022-02-16,https://www.ebi.ac.uk/pride/archive/projects/PXD028784
PXD028805,3,4,Quantitative proteomics during anthers development in Oryza longistaminata,PARTIAL,2021-09-28,2022-02-16,https://www.ebi.ac.uk/pride/archive/projects/PXD028805
PXD028835,3,3,I.e. mouse ovary palmitoylation protein LC-MSMS,PARTIAL,2021-09-29,2023-03-11,https://www.ebi.ac.uk/pride/archive/projects/PXD028835
PXD028903,3,4,Plasmodium falciparum GBP2 pulldown,PARTIAL,2021-10-04,2022-04-04,https://www.ebi.ac.uk/pride/archive/projects/PXD028903
PXD028917,3,9,Mouse sperm protamine mass spectrometry,COMPLETE,2021-10-04,2023-05-17,https://www.ebi.ac.uk/pride/archive/projects/PXD028917
PXD028948,3,9,C. difficle p-cresol production,PARTIAL,2021-10-05,2021-11-02,https://www.ebi.ac.uk/pride/archive/projects/PXD028948
PXD028960,3,9,In vivo BioID Mouse heart masspec data,COMPLETE,2021-10-06,2022-02-21,https://www.ebi.ac.uk/pride/archive/projects/PXD028960
PXD029013,3,9,Cryo-EM structure of native human thyroglobulin,COMPLETE,2021-10-08,2022-02-17,https://www.ebi.ac.uk/pride/archive/projects/PXD029013
PXD029029,3,11,Citrullinated epitopes identified on tumor MHC class II by peptide elution stimulate both regulatory and Th1 responses and require careful selection for optimal tumor therapy,PARTIAL,2021-10-11,2021-11-24,https://www.ebi.ac.uk/pride/archive/projects/PXD029029
PXD029226,3,7,Liver mitochondria-associated ER membrane proteomics for studying the effects of ZiBuPiYin recipe on Zucker diabetic fatty rats after chronic psychological stress,PARTIAL,2021-10-20,2022-10-25,https://www.ebi.ac.uk/pride/archive/projects/PXD029226
PXD029258,3,9,PHF20 and PHF20L1 in NSL complex,COMPLETE,2021-10-21,2022-04-04,https://www.ebi.ac.uk/pride/archive/projects/PXD029258
PXD029383,3,4,In situ proteomic data of E. flavus 21-3 and corresponding mutants,PARTIAL,2021-10-27,2022-07-09,https://www.ebi.ac.uk/pride/archive/projects/PXD029383
PXD029436,3,7,The preclinical evaluation of a second-generation antivenom for treating snake envenoming in India,PARTIAL,2021-10-29,2022-04-04,https://www.ebi.ac.uk/pride/archive/projects/PXD029436
PXD029480,3,9,Site-specific protein modification by 3-n-butylphthalide in primary hepatocytes: covalent protein adducts diminished by glutathione and N-acetylcysteine,PARTIAL,2021-11-01,2022-10-22,https://www.ebi.ac.uk/pride/archive/projects/PXD029480
PXD029512,3,6,nascent proteome analysis of HCT116 TP53 wild type and TP53 knockout cells treated with Neocarcinostatin (NCS) for 6h,COMPLETE,2021-11-02,2022-04-27,https://www.ebi.ac.uk/pride/archive/projects/PXD029512
PXD029574,3,9,Identification of METTL5 interaction partners,COMPLETE,2021-11-04,2022-01-27,https://www.ebi.ac.uk/pride/archive/projects/PXD029574
PXD029611,3,7,Profiling of mouse sciatic nerve acetylome,PARTIAL,2021-11-08,2022-10-15,https://www.ebi.ac.uk/pride/archive/projects/PXD029611
PXD029636,3,31,"Identification of Protein Profile in Muscle Tissue of Threatened Indian walking catfish, Clarias magur (Hamilton 1822)",COMPLETE,2021-11-09,2025-05-13,https://www.ebi.ac.uk/pride/archive/projects/PXD029636
PXD029642,3,21,Regulatory role of E3 ubiquitin ligase Smurf2 on transcriptional corepressor KAP1,PARTIAL,2021-11-10,2022-04-07,https://www.ebi.ac.uk/pride/archive/projects/PXD029642
PXD029682,3,11,CDC-like Kinase 4 Deficiency Contributes to Pathological Cardiac Hypertrophy by Modulating NEXN Phosphorylation,PARTIAL,2021-11-11,2022-07-05,https://www.ebi.ac.uk/pride/archive/projects/PXD029682
PXD030097,3,4,"The compound of baicalein, wogonin, and oroxylin-A inhibits EMT in A549 cell line via PI3K/AKT-TWIST1- glycolysis pathway",PARTIAL,2021-12-02,2022-01-25,https://www.ebi.ac.uk/pride/archive/projects/PXD030097
PXD030275,3,4,Quantitative Proteomics Revealed the Changes of Pharmacodynamic Network of Bugu Shengsui Decoction Promoting Osteoblasts Proliferation,PARTIAL,2021-12-09,2022-01-28,https://www.ebi.ac.uk/pride/archive/projects/PXD030275
PXD030279,3,5,Nutraceutical potential of small chickpea grain associated with significant stress response revealed by proteomics and metabolomics,PARTIAL,2021-12-09,2023-03-11,https://www.ebi.ac.uk/pride/archive/projects/PXD030279
PXD030291,3,5,Atlantic salmon gastric mucosa LC-MSMS,PARTIAL,2021-12-10,2022-05-08,https://www.ebi.ac.uk/pride/archive/projects/PXD030291
PXD030313,3,5,Stem cells from human exfoliated deciduous teeth relieves neurodegenerative disease in aging mice,PARTIAL,2021-12-11,2022-08-11,https://www.ebi.ac.uk/pride/archive/projects/PXD030313
PXD030495,3,4,Identification of synaptic DGKq interactors that stimulate DGKq activity,PARTIAL,2021-12-17,2021-12-18,https://www.ebi.ac.uk/pride/archive/projects/PXD030495
PXD030538,3,9,Pytheas E. coli 16S rRNA sample analysis,PARTIAL,2021-12-20,2022-05-04,https://www.ebi.ac.uk/pride/archive/projects/PXD030538
PXD030741,3,7,Structural basis of flagellar filament asymmetry and supercoil templating by the Leptospira spirochete sheath factor FlaA2,PARTIAL,2022-01-05,2026-07-14,https://www.ebi.ac.uk/pride/archive/projects/PXD030741
PXD030783,3,4,SARS-CoV-2 Cysteine Disulfide Mapping,PARTIAL,2022-01-06,2022-01-27,https://www.ebi.ac.uk/pride/archive/projects/PXD030783
PXD030798,3,4,Proteome-Wide Analysis of Lysine 2-Hydroxyisobutyrylation in Frankliniella occidentalis,PARTIAL,2022-01-07,2022-04-07,https://www.ebi.ac.uk/pride/archive/projects/PXD030798
PXD030799,3,4,Proteome-Wide Analysis of Lysine Lactylation  in Frankliniella occidentalis,PARTIAL,2022-01-07,2022-07-19,https://www.ebi.ac.uk/pride/archive/projects/PXD030799
PXD030815,3,19,yeats cells AP-MS for Jhd2 and Tpk2 relative to article Phosphorylation of Jhd2 by the Ras-cAMP- PKA pathway regulates histone modifications and autophagy,PARTIAL,2022-01-07,2022-08-29,https://www.ebi.ac.uk/pride/archive/projects/PXD030815
PXD030927,3,7,Comparative glycomics study on the surface of SKOV3 versus IOSE80 cell lines,PARTIAL,2022-01-13,2023-03-10,https://www.ebi.ac.uk/pride/archive/projects/PXD030927
PXD030973,3,5,FRET monitoring of transcription factor activities in living bacteria,PARTIAL,2022-01-14,2022-10-13,https://www.ebi.ac.uk/pride/archive/projects/PXD030973
PXD030977,3,12,"GATD3A, a mitochondrial deglycase with evolutionary origins from gammaproteobacteria, restricts the formation of advanced glycation endproducts",PARTIAL,2022-01-14,2022-03-02,https://www.ebi.ac.uk/pride/archive/projects/PXD030977
PXD031082,3,4,A small-molecule inhibitor targeting AKR1C1 suppresses cell proliferation and metastasis in non-small cell lung cancer,PARTIAL,2022-01-19,2022-05-20,https://www.ebi.ac.uk/pride/archive/projects/PXD031082
PXD031141,3,9,Antibodies to protozoan variable surface antigens induce antigenic variation,COMPLETE,2022-01-21,2023-05-10,https://www.ebi.ac.uk/pride/archive/projects/PXD031141
PXD031256,3,4,Characterisation of a highly diverged putative mitochondrial ATP synthase peripheral stalk subunit b in Trypanosoma brucei,PARTIAL,2022-01-26,2022-05-20,https://www.ebi.ac.uk/pride/archive/projects/PXD031256
PXD031259,3,4,Characterisation of a highly diverged putative mitochondrial ATP synthase peripheral stalk subunit b in Trypanosoma brucei,PARTIAL,2022-01-26,2022-05-20,https://www.ebi.ac.uk/pride/archive/projects/PXD031259
PXD031318,3,11,Changes in saliva associated to COVID-19: a proteomic study,PARTIAL,2022-01-30,2022-07-11,https://www.ebi.ac.uk/pride/archive/projects/PXD031318
PXD031402,3,9,Biosynthesis of polycyclopropanated high energy biofuels,COMPLETE,2022-02-03,2022-09-19,https://www.ebi.ac.uk/pride/archive/projects/PXD031402
PXD031408,3,7,Extracellular endosulfatase Sulf-2 harbors a chondroitin/dermatan sulfate chain that modulates its enzyme activity,PARTIAL,2022-02-03,2022-03-18,https://www.ebi.ac.uk/pride/archive/projects/PXD031408
PXD031491,3,5,Murine islets identified by TMT-labeled phosphoproteome after short time stimulation with neurotransmitters ACh and NE,PARTIAL,2022-02-07,2022-08-12,https://www.ebi.ac.uk/pride/archive/projects/PXD031491
PXD031522,3,8,Widespread consumption of the common food additive xanthan gum by the human gut microbiota,PARTIAL,2022-02-09,2022-02-28,https://www.ebi.ac.uk/pride/archive/projects/PXD031522
PXD031610,3,5,Searching for the interaction partners in yeast cytosol of newly synthesized mitochondrial signal-anchored proteins,PARTIAL,2022-02-11,2022-08-09,https://www.ebi.ac.uk/pride/archive/projects/PXD031610
PXD031703,3,10,Enzymatic Analysis of WWP2 E3 Ubiquitin Ligase Using Protein Microarrays Identifies Autophagy-Related Substrates,COMPLETE,2022-02-16,2022-05-20,https://www.ebi.ac.uk/pride/archive/projects/PXD031703
PXD031950,3,10,"the effect of long term (Mcl) and short term (DTR) neutropenia on the lung, skin and gut extracellular matrix (ECM) proteome, with a special focus on collagen hydroxylation",PARTIAL,2022-02-28,2025-02-28,https://www.ebi.ac.uk/pride/archive/projects/PXD031950
PXD031952,3,10,the role of neutrophil-produced collagen in skin injury,PARTIAL,2022-02-28,2025-02-28,https://www.ebi.ac.uk/pride/archive/projects/PXD031952
PXD032015,3,4,Mass spectrometry analysis of the impact of replication stress upon phosphorylation and protein interaction of human RIF1 protein,PARTIAL,2022-03-02,2022-04-14,https://www.ebi.ac.uk/pride/archive/projects/PXD032015
PXD032068,3,10,Identifying interaction proteins of METTL16 using co immunoprecipitation and mass spectroscopy,PARTIAL,2022-03-05,2024-08-03,https://www.ebi.ac.uk/pride/archive/projects/PXD032068
PXD032072,3,6,The PripA-TbcrA complex-centered Rab GAP cascade facilitates macropinosome maturation in Dictyostelium,PARTIAL,2022-03-05,2022-03-14,https://www.ebi.ac.uk/pride/archive/projects/PXD032072
PXD032144,3,9,EXTL3ΔN purification from EXT1 CRISPR HEK,COMPLETE,2022-03-09,2022-07-12,https://www.ebi.ac.uk/pride/archive/projects/PXD032144
PXD032185,3,7,The cohesin acetylation cycle controls chromatin loop length through a PDS5A brake mechanism,PARTIAL,2022-03-10,2022-03-14,https://www.ebi.ac.uk/pride/archive/projects/PXD032185
PXD032200,3,16,SILAC proteomics of isolated lipid droplets from wild-type and PEX19-compromised HeLa cells,PARTIAL,2022-03-11,2022-05-08,https://www.ebi.ac.uk/pride/archive/projects/PXD032200
PXD032216,3,12,CDK6 degradation is counteracted by p16INK4A and p18INK4C in AML,PARTIAL,2022-03-11,2022-04-04,https://www.ebi.ac.uk/pride/archive/projects/PXD032216
PXD032238,3,9,Operation of a TCA cycle subnetwork in the mammalian nucleus_mass4tox,COMPLETE,2022-03-11,2022-10-14,https://www.ebi.ac.uk/pride/archive/projects/PXD032238
PXD032300,3,4,A high fat diet modifies brain neurotransmitter profile and hippocampal proteome and morphology in an IUGR pig model,PARTIAL,2022-03-15,2022-10-14,https://www.ebi.ac.uk/pride/archive/projects/PXD032300
PXD032402,3,12,Cryo-EM Structures of Prion protein filaments from Gerstmann-Sträussler-Scheinker disease,COMPLETE,2022-04-02,2022-07-18,https://www.ebi.ac.uk/pride/archive/projects/PXD032402
PXD032738,3,7,Mass spectrometry-based proteomic characterization of plastid-encoded RNA polymerase purified from Sinapis alba.,COMPLETE,2022-03-23,2022-09-12,https://www.ebi.ac.uk/pride/archive/projects/PXD032738
PXD032788,3,7,Labeled quantitative proteomics dataset of optogenetics induced axon regeneration,COMPLETE,2022-04-02,2022-08-12,https://www.ebi.ac.uk/pride/archive/projects/PXD032788
PXD032822,3,12,Deubiquitinases that digest Met1 chains in Rice,COMPLETE,2022-03-26,2022-10-15,https://www.ebi.ac.uk/pride/archive/projects/PXD032822
PXD032931,3,10,PrkA regulates Bacillus subtilis sporulation through a Lon protease activity,PARTIAL,2022-04-02,2022-10-15,https://www.ebi.ac.uk/pride/archive/projects/PXD032931
PXD032938,3,63,Barley newly synthesized ribosomal proteome: E.coli control samples,COMPLETE,2022-04-02,2024-05-23,https://www.ebi.ac.uk/pride/archive/projects/PXD032938
PXD033029,3,9,Mouse PolG Mutant Liver Proteome,PARTIAL,2022-04-06,2025-02-11,https://www.ebi.ac.uk/pride/archive/projects/PXD033029
PXD033128,3,10,Indolin-2-one nitroimidazole antibiotics exhibit an unexpected dual mode of action,PARTIAL,2022-04-08,2022-11-09,https://www.ebi.ac.uk/pride/archive/projects/PXD033128
PXD033142,3,4,Large-Scale Analysis of Protein Crotonylation Reveals Its Diverse Functions in Pinellia ternate,PARTIAL,2022-04-11,2022-07-31,https://www.ebi.ac.uk/pride/archive/projects/PXD033142
PXD033154,3,4,Large-Scale Analysis of Protein Crotonylation Reveals Its Diverse Functions in Pinellia ternate,PARTIAL,2022-04-11,2022-04-13,https://www.ebi.ac.uk/pride/archive/projects/PXD033154
PXD033424,3,5,Identification of dI-binding proteins,PARTIAL,2022-04-24,2023-02-03,https://www.ebi.ac.uk/pride/archive/projects/PXD033424
PXD033502,3,16,Taxon-specific toxicity and composition of venom produced by araneophagous white-tailed spiders (Lamponidae: Lampona sp.),PARTIAL,2022-04-28,2023-02-08,https://www.ebi.ac.uk/pride/archive/projects/PXD033502
PXD033506,3,6,GLH/VASA helicases promote germ granule formation to ensure the fidelity of piRNA-mediated transcriptome surveillance,PARTIAL,2022-04-28,2022-08-05,https://www.ebi.ac.uk/pride/archive/projects/PXD033506
PXD033580,3,7,CAPTURE of the human U2 snRNA genes,PARTIAL,2022-05-04,2022-06-09,https://www.ebi.ac.uk/pride/archive/projects/PXD033580
PXD033685,3,5,MHC-I peptidome analysis of human cancer cell lines,PARTIAL,2022-05-05,2022-05-09,https://www.ebi.ac.uk/pride/archive/projects/PXD033685
PXD033691,3,10,Identifying new interactors of NGN3 through IP-MS,COMPLETE,2022-05-05,2023-03-27,https://www.ebi.ac.uk/pride/archive/projects/PXD033691
PXD033824,3,9,Cx43 purified protein analysis (N-term analysis),PARTIAL,2022-05-12,2023-07-27,https://www.ebi.ac.uk/pride/archive/projects/PXD033824
PXD033840,3,6,Endogenous OCT4 interactome in hESC,PARTIAL,2022-08-19,2025-05-06,https://www.ebi.ac.uk/pride/archive/projects/PXD033840
PXD033848,3,11,Cx32 wt vs mutant purified proteins,PARTIAL,2022-05-12,2023-08-08,https://www.ebi.ac.uk/pride/archive/projects/PXD033848
PXD034027,3,6,DISCO-MS: Proteomics of spatially identified tissues in whole organs and organisms,PARTIAL,2022-05-23,2022-12-23,https://www.ebi.ac.uk/pride/archive/projects/PXD034027
PXD034028,3,6,Activation loop phosphorylation tunes conformational dynamics underlying Pyk2 tyrosine kinase activation,PARTIAL,2022-05-23,2023-03-08,https://www.ebi.ac.uk/pride/archive/projects/PXD034028
PXD034144,3,6,Role of RNA binding protein PgRBP1 in alteration of protein profile of Porphyromonas gingivalis,PARTIAL,2022-05-26,2025-06-01,https://www.ebi.ac.uk/pride/archive/projects/PXD034144
PXD034180,3,11,Perserverence of protein homeostasis despite mistranslation of glycine codons with alanine,COMPLETE,2022-05-29,2024-05-21,https://www.ebi.ac.uk/pride/archive/projects/PXD034180
PXD034193,3,4,Protein composition of Toxoplasma endocytic and exocytic structures by proximity-dependent biotinylation,PARTIAL,2022-05-29,2023-04-17,https://www.ebi.ac.uk/pride/archive/projects/PXD034193
PXD034214,3,13,Plasma glycoproteomics delivers high-specificity disease biomarkers by detecting site-specific glycosylation abnormalities,PARTIAL,2022-05-30,2022-06-01,https://www.ebi.ac.uk/pride/archive/projects/PXD034214
PXD034435,3,20,Gigartina pilot scale protein extract BUP,COMPLETE,2022-06-09,2022-09-26,https://www.ebi.ac.uk/pride/archive/projects/PXD034435
PXD034463,3,13,mouse adult testis RNF17 Immuno-precipitation and mass-spectrometry (IP-MS),PARTIAL,2022-06-10,2023-03-14,https://www.ebi.ac.uk/pride/archive/projects/PXD034463
PXD034491,3,5,TurboID identification of evolutionarily divergent components of the nuclear pore complex in the malaria model Plasmodium berghei,PARTIAL,2022-06-13,2022-08-21,https://www.ebi.ac.uk/pride/archive/projects/PXD034491
PXD034494,3,13,Proteomic analysis of Monkeypox virus produced with experimentally infected Vero E6 cells.,COMPLETE,2022-06-13,2022-06-14,https://www.ebi.ac.uk/pride/archive/projects/PXD034494
PXD034577,3,10,Characterization of the proteome of human cytochrome c oxidase assembly factors - Experiment D,COMPLETE,2022-06-16,2022-08-12,https://www.ebi.ac.uk/pride/archive/projects/PXD034577
PXD034583,3,4,ADR-directly-interfering amino acids based on competitive isoTOP-ABPP in normoxia,PARTIAL,2022-06-16,2023-03-11,https://www.ebi.ac.uk/pride/archive/projects/PXD034583
PXD034630,3,13,Designed high-redox potential laccases exhibit high functional diversity,COMPLETE,2022-06-17,2023-03-16,https://www.ebi.ac.uk/pride/archive/projects/PXD034630
PXD034901,3,4,Acetylation of p62 regulates base excision repair through interaction with APE1,PARTIAL,2022-06-26,2022-07-19,https://www.ebi.ac.uk/pride/archive/projects/PXD034901
PXD034963,3,10,Biomarkers for diagnosing the retained placenta in cows-does the analysis of serum proteome keep the secret?,PARTIAL,2022-06-29,2023-01-13,https://www.ebi.ac.uk/pride/archive/projects/PXD034963
PXD034976,3,5,Clickable glutathione-based Isotope Coded Affinity Label to quantify glutathionylation,PARTIAL,2022-06-30,2024-03-07,https://www.ebi.ac.uk/pride/archive/projects/PXD034976
PXD035014,3,6,A molecular insight into fluoride toxicity in skeletal muscle using invitro C2C12 and in vivo C57BL/6 mice models,PARTIAL,2022-06-30,2023-03-11,https://www.ebi.ac.uk/pride/archive/projects/PXD035014
PXD035048,3,9,Contraction of brain pericytes in response to Islet Amyloid PolyPeptide is reversed by pramlintide.,PARTIAL,2022-06-30,2023-03-11,https://www.ebi.ac.uk/pride/archive/projects/PXD035048
PXD035076,3,6,Phenylalanine Impairs Insulin Signaling and Inhibits Glucose Uptake Through Modification of IRβ,PARTIAL,2022-07-04,2022-07-22,https://www.ebi.ac.uk/pride/archive/projects/PXD035076
PXD035172,3,9,Plasmodium falciparum PM X LC-MSMS,COMPLETE,2022-07-08,2022-10-14,https://www.ebi.ac.uk/pride/archive/projects/PXD035172
PXD035252,3,15,Interaction of Arabidopsis Cryptochrome 2 with PRR9 transmits blue light intensity fluctuation to circadian clock,PARTIAL,2022-07-11,2022-10-06,https://www.ebi.ac.uk/pride/archive/projects/PXD035252
PXD035534,3,12,Cornu aspersum Comparative Mucomics LC-MSMS,COMPLETE,2022-07-24,2023-10-24,https://www.ebi.ac.uk/pride/archive/projects/PXD035534
PXD035694,3,6,Identification of regenerating island-derived protein 3E in dogs,PARTIAL,2022-08-01,2022-10-17,https://www.ebi.ac.uk/pride/archive/projects/PXD035694
PXD035711,3,5,Metal-induced Protein Precipitation in E. coli,PARTIAL,2022-08-02,2023-01-03,https://www.ebi.ac.uk/pride/archive/projects/PXD035711
PXD035749,3,4,Skin regeneration is enabled in the absence of fibroblast inflammatory priming,PARTIAL,2022-08-02,2023-02-23,https://www.ebi.ac.uk/pride/archive/projects/PXD035749
PXD035767,3,19,LC-MS/MS identification of proteins that were co-purified with Fc-tagged isoforms of RPL22L1,COMPLETE,2022-08-02,2023-10-24,https://www.ebi.ac.uk/pride/archive/projects/PXD035767
PXD035834,3,5,SPROX full curve on E. coli lysate,PARTIAL,2022-08-07,2023-01-03,https://www.ebi.ac.uk/pride/archive/projects/PXD035834
PXD035849,3,20,LC-MS/MS identification of proteins that were bound to recombinant His-tagged isoforms of RPL22L1,COMPLETE,2022-08-07,2023-10-24,https://www.ebi.ac.uk/pride/archive/projects/PXD035849
PXD035951,3,9,Endogenous anti-tumorigenic nitro-fatty acids are a novel type of direct and potent inhibitor of the 26S proteasome,COMPLETE,2022-08-10,2024-03-26,https://www.ebi.ac.uk/pride/archive/projects/PXD035951
PXD036037,3,7,Metabolic pathways of human microbiota co-utilization of fibres and colonic mucins,PARTIAL,2022-08-12,2024-06-13,https://www.ebi.ac.uk/pride/archive/projects/PXD036037
PXD036095,3,6,Putative N-glycoprotein markers of MCF-7/ADR cancer stem cells from N-glycoproteomics characterization of the whole cell lysate,PARTIAL,2022-08-16,2023-07-04,https://www.ebi.ac.uk/pride/archive/projects/PXD036095
PXD036101,3,6,N‑Glycoproteomics Study of Putative N‑Glycoprotein Biomarkers  of Drug Resistance in MCF‑7/ADR Cells,PARTIAL,2022-08-16,2023-12-30,https://www.ebi.ac.uk/pride/archive/projects/PXD036101
PXD036130,3,8,Peptidome of Bothrops cotiara snake venom,PARTIAL,2022-08-17,2023-10-20,https://www.ebi.ac.uk/pride/archive/projects/PXD036130
PXD036204,3,9,Identification of phosphorylation sites of HA-ORP8 immunoprecipitated from cells,COMPLETE,2022-08-21,2023-10-24,https://www.ebi.ac.uk/pride/archive/projects/PXD036204
PXD036266,3,8,25 kDa band from HSPA1A immunoprecipitation,COMPLETE,2022-08-25,2022-08-25,https://www.ebi.ac.uk/pride/archive/projects/PXD036266
PXD036362,3,6,LC-MS-based detection of silkworm pupae in feed with and without prior immunoaffinity enrichment,COMPLETE,2022-08-28,2025-06-05,https://www.ebi.ac.uk/pride/archive/projects/PXD036362
PXD036505,3,4,Global analysis of lysine 2-hydroxyisobutyrylation in Glycine max,PARTIAL,2022-09-05,2022-09-20,https://www.ebi.ac.uk/pride/archive/projects/PXD036505
PXD036611,3,15,Human complement factor 3 LC-MS/MS,COMPLETE,2022-09-12,2023-05-10,https://www.ebi.ac.uk/pride/archive/projects/PXD036611
PXD036646,3,10,Epidermal Stratification Requires Retromer-Mediated Desmoglein-1 Recycling,PARTIAL,2022-09-12,2023-07-24,https://www.ebi.ac.uk/pride/archive/projects/PXD036646
PXD036708,3,6,Structure of nucleosome-bound human PBAF complex,PARTIAL,2022-09-14,2023-03-11,https://www.ebi.ac.uk/pride/archive/projects/PXD036708
PXD036748,3,7,Towards optimised extracellular vesicle proteomics from cerebrospinal fluid,PARTIAL,2022-09-14,2023-07-20,https://www.ebi.ac.uk/pride/archive/projects/PXD036748
PXD036749,3,5,A Simple Method to Isolate and Characterize a Bacterial Outer Membrane Proteome by Bottom-Up Mass Spectrometry,PARTIAL,2022-09-14,2023-03-11,https://www.ebi.ac.uk/pride/archive/projects/PXD036749
PXD036794,3,7,SILAC labelled tendon fibroblasts,COMPLETE,2022-09-17,2024-05-23,https://www.ebi.ac.uk/pride/archive/projects/PXD036794
PXD036877,3,6,Xylan utilization by haloarchaea-nanohaloarchaea associations,COMPLETE,2022-09-21,2023-10-24,https://www.ebi.ac.uk/pride/archive/projects/PXD036877
PXD036882,3,6,Staphylococcal Nuclease and Tudor Domain Containing protein SND1 interacts with ERG and plays a critical role in prostate cancer in vivo,PARTIAL,2022-09-21,2023-03-22,https://www.ebi.ac.uk/pride/archive/projects/PXD036882
PXD036915,3,8,Alpha4 is critical for Adipocyte Maintenance and Mitochondrial Homeostasis through Regulation of Insulin Signaling,PARTIAL,2022-09-21,2022-10-17,https://www.ebi.ac.uk/pride/archive/projects/PXD036915
PXD037003,3,5,Proteome of R1441C and G2019S LRRK2 knock in mice after striatal motor learning task,PARTIAL,2022-09-25,2022-12-15,https://www.ebi.ac.uk/pride/archive/projects/PXD037003
PXD037103,3,6,Extracellular vesicles from Aureobasidium pullulans,PARTIAL,2022-09-30,2022-11-09,https://www.ebi.ac.uk/pride/archive/projects/PXD037103
PXD037111,3,6,Quantitative proteomic dataset of  the moss Physcomitrium patens PpRALF knockout lines,PARTIAL,2022-09-30,2023-01-20,https://www.ebi.ac.uk/pride/archive/projects/PXD037111
PXD037323,3,7,"The muscles around the teeth of the chiton, which is able to control the teeth of the chiton, play a key role in the feeding activity of the chiton",PARTIAL,2022-10-12,2023-01-01,https://www.ebi.ac.uk/pride/archive/projects/PXD037323
PXD037391,3,5,Oxidized thioredoxin-1 restrains the NLRP1 inflammasome,PARTIAL,2022-10-13,2022-11-04,https://www.ebi.ac.uk/pride/archive/projects/PXD037391
PXD037397,3,5,Identification of acetylated proteins in Fusarium oxysporum,PARTIAL,2022-10-13,2022-11-22,https://www.ebi.ac.uk/pride/archive/projects/PXD037397
PXD037509,3,4,Complete integration of carbene-transfer chemistry into biosynthesis,PARTIAL,2022-10-17,2023-05-03,https://www.ebi.ac.uk/pride/archive/projects/PXD037509
PXD037677,3,6,HUWE1 interaction partners in HCT116 cells (TMT),PARTIAL,2022-10-24,2023-07-31,https://www.ebi.ac.uk/pride/archive/projects/PXD037677
PXD037709,3,5,The TriMet_DB: a manually curated database of the metabolic proteins of Triticum aestivum,PARTIAL,2022-10-25,2023-03-11,https://www.ebi.ac.uk/pride/archive/projects/PXD037709
PXD037765,3,6,C4PR_LIV: The SARS-CoV-2 ORF3C protein interactome in Vero cells,PARTIAL,2022-10-27,2023-10-08,https://www.ebi.ac.uk/pride/archive/projects/PXD037765
PXD037862,3,12,Identification of miR-16/29 targets in adipocytes by LC-MSMS,COMPLETE,2022-10-31,2024-06-13,https://www.ebi.ac.uk/pride/archive/projects/PXD037862
PXD037929,3,4,DDX3X associated proteins with or without circRIG-I,PARTIAL,2022-11-03,2022-11-16,https://www.ebi.ac.uk/pride/archive/projects/PXD037929
PXD037957,3,11,Mining Nudibranch Symbionts for Biosynthesis of novel Secondary Metabolites,PARTIAL,2022-11-04,2022-12-07,https://www.ebi.ac.uk/pride/archive/projects/PXD037957
PXD037990,3,5,Mapping the human chondroitin sulfate glycoproteome reveals an unexpected correlation between glycan sulfation and attachment site characteristics,PARTIAL,2022-11-07,2023-10-24,https://www.ebi.ac.uk/pride/archive/projects/PXD037990
PXD038068,3,15,Fucosylation of HLA-DRB1 regulates CD4+T cell-mediated anti-melanoma immunity and enhances immunotherapy efficacy: HLA-DRB1 Interactomes,COMPLETE,2022-11-09,2022-12-16,https://www.ebi.ac.uk/pride/archive/projects/PXD038068
PXD038287,3,6,Differential intracellular trafficking of exosomes in microglia and astrocytes,PARTIAL,2022-11-22,2023-07-20,https://www.ebi.ac.uk/pride/archive/projects/PXD038287
PXD038303,3,15,Fucosylation of HLA-DRB1 regulates CD4+T cell-mediated anti-melanoma immunity and enhances immunotherapy efficacy: Fucose Click Chemistry,COMPLETE,2022-11-23,2022-12-16,https://www.ebi.ac.uk/pride/archive/projects/PXD038303
PXD038410,3,9,Dehalobacterium formicoaceticum proteomics data from dichloromethane (DCM)-only medium,PARTIAL,2022-11-26,2023-04-13,https://www.ebi.ac.uk/pride/archive/projects/PXD038410
PXD038686,3,12,RIME of EVI-1 in HNT34 and UCSD/AML1 cell lines and one primary sample to identify interactors,PARTIAL,2022-12-08,2023-03-23,https://www.ebi.ac.uk/pride/archive/projects/PXD038686
PXD038747,3,4,The mass spectrometry-based proteomics analysis of macrophages,PARTIAL,2022-12-12,2024-05-24,https://www.ebi.ac.uk/pride/archive/projects/PXD038747
PXD038943,3,7,TMT proteomic analysis of PFN1 iPSC-microglia,PARTIAL,2022-12-19,2024-02-18,https://www.ebi.ac.uk/pride/archive/projects/PXD038943
PXD039035,3,6,Multiplexed quantitative proteomics of CD4 T cell-mediated postsynaptic dendritic cells (DC),PARTIAL,2022-12-21,2024-01-26,https://www.ebi.ac.uk/pride/archive/projects/PXD039035
PXD039053,3,41,SW480 N-terminal peptide analysis,COMPLETE,2022-12-22,2023-07-20,https://www.ebi.ac.uk/pride/archive/projects/PXD039053
PXD039071,3,6,Type I interferon/STAT1 signaling negative feedback regulates UBE2M-mediated antiviral innate immunity,PARTIAL,2022-12-22,2023-01-30,https://www.ebi.ac.uk/pride/archive/projects/PXD039071
PXD039225,3,6,SKP2-affinity-purified mass spectrometry analysis.,PARTIAL,2023-01-03,2023-01-05,https://www.ebi.ac.uk/pride/archive/projects/PXD039225
PXD039266,3,6,Nitrate-dependent anaerobic propane and butane oxidation coupled to anaerobic ammonium oxidation,PARTIAL,2023-01-05,2024-05-24,https://www.ebi.ac.uk/pride/archive/projects/PXD039266
PXD039288,3,10,Oxygen-sensing through ERFVII action and modulation in Arabidopsis thaliana,PARTIAL,2023-01-05,2023-07-02,https://www.ebi.ac.uk/pride/archive/projects/PXD039288
PXD039304,3,6,Proteome-wide analysis and functional identification of lysine β-hydroxybutyrylation in Ustilaginoidea virens,PARTIAL,2023-01-06,2023-10-24,https://www.ebi.ac.uk/pride/archive/projects/PXD039304
PXD039309,3,6,Tracing retinal progenitors cells and photoreceptors from mouse retinal organoids,PARTIAL,2023-01-06,2025-02-14,https://www.ebi.ac.uk/pride/archive/projects/PXD039309
PXD039333,3,6,Mouse RNF138 immunoprecipitation mass spectrography analysis in macrophages,PARTIAL,2023-01-09,2023-01-10,https://www.ebi.ac.uk/pride/archive/projects/PXD039333
PXD039340,3,7,Confirmation of the subunit composition of Rhodobacter sphaeroides cytochrome bc1 complex isolated in styrene maleic acid nanodiscs.,PARTIAL,2023-01-09,2023-03-14,https://www.ebi.ac.uk/pride/archive/projects/PXD039340
PXD039380,3,9,Data and Information collection on 3 normal rat kidney epithelial cells treated with staurosporine,PARTIAL,2023-01-13,2023-10-19,https://www.ebi.ac.uk/pride/archive/projects/PXD039380
PXD039412,3,5,OmpR Arg-GlcNAcylation within Salmonella,PARTIAL,2023-01-13,2023-05-20,https://www.ebi.ac.uk/pride/archive/projects/PXD039412
PXD039589,3,9,PRC1-CBX8 chromatin crosslinking,PARTIAL,2023-01-20,2024-12-30,https://www.ebi.ac.uk/pride/archive/projects/PXD039589
PXD039760,3,4,"Structural dynamics in the evolution of SARS-CoV-2 spike glycoprotein: HDX-MS analysis of the spike of the original Wuhan isolate, G614 spike mutant, and the isolated ancestral RBD - in apo state and in complex with the ACE2 receptor",PARTIAL,2023-02-01,2023-03-15,https://www.ebi.ac.uk/pride/archive/projects/PXD039760
PXD039827,3,4,"Plasma proteome profiling reveals the therapeutic effects of the PPAR pan-agonist chiglitazar on insulin sensitivity, lipid metabolism, and inflammation in type 2 diabetes",PARTIAL,2023-02-03,2024-01-26,https://www.ebi.ac.uk/pride/archive/projects/PXD039827
PXD039890,3,5,Identification of SMIM26 RNA-binding proteins,PARTIAL,2023-02-06,2023-03-29,https://www.ebi.ac.uk/pride/archive/projects/PXD039890
PXD039994,3,10,R7 Soybean seed organelle enrichment proteomics,COMPLETE,2023-02-09,2023-03-22,https://www.ebi.ac.uk/pride/archive/projects/PXD039994
PXD039998,3,5,EP300 promotes ferroptosis via HSPA5 acetylation in pancreatic cancer,PARTIAL,2023-02-09,2023-10-24,https://www.ebi.ac.uk/pride/archive/projects/PXD039998
PXD040028,3,6,Quantification of glycated human serum albumin peptides,PARTIAL,2023-02-10,2023-07-20,https://www.ebi.ac.uk/pride/archive/projects/PXD040028
PXD040085,3,6,Evaluation of EVE peptidome presentation on different CT26 cell line conditions,PARTIAL,2023-02-13,2025-03-21,https://www.ebi.ac.uk/pride/archive/projects/PXD040085
PXD040144,3,5,"Cross-linking mass spectrometry of a complex between the chaperonin TRiC/CCT and its cochaperones, prefoldin and phosducin-like protein 2A",PARTIAL,2023-02-16,2023-12-11,https://www.ebi.ac.uk/pride/archive/projects/PXD040144
PXD040174,3,13,Purification of Human β and γ Actin from Budding Yeast,COMPLETE,2023-02-16,2023-04-24,https://www.ebi.ac.uk/pride/archive/projects/PXD040174
PXD040223,3,11,Adaptive β-lactam resistance from an inducible efflux pump that is post-translationally regulated by the DjlA co-chaperone,COMPLETE,2023-02-17,2023-11-09,https://www.ebi.ac.uk/pride/archive/projects/PXD040223
PXD040336,3,4,Aspartyl protease in the secretome of honey bee trypanosomatid parasite contributes to infection of the host,PARTIAL,2023-02-22,2024-02-18,https://www.ebi.ac.uk/pride/archive/projects/PXD040336
PXD040420,3,6,LC-MS peptide analysis of cytotoxin digested with multiple-proteolytic enzyme,PARTIAL,2023-02-27,2023-08-01,https://www.ebi.ac.uk/pride/archive/projects/PXD040420
PXD040458,3,5,Photophthora sojae extracellular vesicles proteins,PARTIAL,2023-02-27,2023-08-01,https://www.ebi.ac.uk/pride/archive/projects/PXD040458
PXD040460,3,9,Interaction of human eIF5A and DHS K329A variant studied by HDX-MS,PARTIAL,2023-02-27,2023-05-10,https://www.ebi.ac.uk/pride/archive/projects/PXD040460
PXD040492,3,4,Crosstalk with lung fibroblasts shapes the growth and therapeutic response of mesothelioma cells,PARTIAL,2023-02-28,2024-01-26,https://www.ebi.ac.uk/pride/archive/projects/PXD040492
PXD040566,3,5,A proteomic profiling in Alzheimer's Disease to identify the disregulation of proteins and pathology,PARTIAL,2023-03-03,2024-06-10,https://www.ebi.ac.uk/pride/archive/projects/PXD040566
PXD040642,3,6,Mouse Kidney LC-MS/MS with HRP-Ism1,PARTIAL,2023-03-07,2023-05-11,https://www.ebi.ac.uk/pride/archive/projects/PXD040642
PXD040745,3,5,Changes in cellular protein levels of the sgs1Δ mutant vs wildtype,PARTIAL,2023-03-10,2023-08-07,https://www.ebi.ac.uk/pride/archive/projects/PXD040745
PXD040783,3,7,The RBPome of influenza A virus mRNA reveals a role for TDP-43 in viral replication,PARTIAL,2023-03-11,2024-04-16,https://www.ebi.ac.uk/pride/archive/projects/PXD040783
PXD040793,3,6,The Drosophila Epidermal growth factor receptor pathway regulates Hedgehog signalling and cytoneme behaviour.,PARTIAL,2023-03-12,2025-05-06,https://www.ebi.ac.uk/pride/archive/projects/PXD040793
PXD040899,3,7,The mechanism to dispose of misfolded proteins in the endoplasmic reticulum of adipocytes,PARTIAL,2023-03-15,2023-04-25,https://www.ebi.ac.uk/pride/archive/projects/PXD040899
PXD040959,3,13,Profiling of serum N-glycome in ovarian cancer by MALDI-MS,PARTIAL,2023-03-19,2023-11-24,https://www.ebi.ac.uk/pride/archive/projects/PXD040959
PXD040997,3,8,Proteins that interact with CLK2 (WT) or CLK2 (T343A),PARTIAL,2023-03-21,2023-11-06,https://www.ebi.ac.uk/pride/archive/projects/PXD040997
PXD041110,3,6,Yolk-deprived Caenorhabditis elegans secure brood size at the expense of competitive fitness,PARTIAL,2023-03-26,2023-04-12,https://www.ebi.ac.uk/pride/archive/projects/PXD041110
PXD041259,3,5,Antler stem cell-conditioned medium data independent acquisition,PARTIAL,2023-03-31,2023-04-11,https://www.ebi.ac.uk/pride/archive/projects/PXD041259
PXD041320,3,6,In planta deglycosylation improves the SARS-CoV-2 neutralization activity of recombinant ACE2-Fc,PARTIAL,2023-04-04,2023-04-18,https://www.ebi.ac.uk/pride/archive/projects/PXD041320
PXD041359,3,26,Conformational restriction shapes the inhibition of a multidrug efflux adaptor protein,PARTIAL,2023-04-05,2023-06-01,https://www.ebi.ac.uk/pride/archive/projects/PXD041359
PXD041490,3,4,Proteome-wide analysis of Lysine 2-Hydroxyisobutyrylation in Aspergillus fumigatus,PARTIAL,2023-04-12,2024-01-26,https://www.ebi.ac.uk/pride/archive/projects/PXD041490
PXD041605,3,5,OGA-mediated protein glycosylation regulates pluripotency states in human embryonic stem cells,PARTIAL,2023-04-18,2024-08-10,https://www.ebi.ac.uk/pride/archive/projects/PXD041605
PXD041635,3,8,Mouse psd95 coimmunoprecipitation from excitatory or inhibitory neurons and mass spectrometry,PARTIAL,2023-04-19,2023-06-03,https://www.ebi.ac.uk/pride/archive/projects/PXD041635
PXD041638,3,7,FTO suppresses DNA repair by inhibiting PARP1,COMPLETE,2023-05-05,2025-03-26,https://www.ebi.ac.uk/pride/archive/projects/PXD041638
PXD041642,3,9,LC-MS/MS analysis of maize seedling leaf bases,PARTIAL,2023-04-19,2023-07-24,https://www.ebi.ac.uk/pride/archive/projects/PXD041642
PXD041767,3,6,Computational design of Matrix Metalloprotenaise-9 (MMP-9) resistant to auto-cleavage,PARTIAL,2023-04-24,2023-10-24,https://www.ebi.ac.uk/pride/archive/projects/PXD041767
PXD041897,3,4,Identify the proteins interacting with STX17,PARTIAL,2023-05-01,2023-06-24,https://www.ebi.ac.uk/pride/archive/projects/PXD041897
PXD041903,3,9,ENOD93 interacts with cytochrome c oxidase altering respiratory ATP production and root growth in plants – blue native gel protein complex identification,PARTIAL,2023-05-01,2025-05-06,https://www.ebi.ac.uk/pride/archive/projects/PXD041903
PXD041986,3,7,Pak3 interactors in human cells during starvation,PARTIAL,2023-05-05,2023-05-16,https://www.ebi.ac.uk/pride/archive/projects/PXD041986
PXD042010,3,20,Cla4 catalyzed Set1 phosphorylation,PARTIAL,2023-05-05,2023-10-24,https://www.ebi.ac.uk/pride/archive/projects/PXD042010
PXD042156,3,6,Impact of STAU1 depletion on the protein expression profile of rhabdomyosarcoma cell lines,PARTIAL,2023-05-12,2023-10-22,https://www.ebi.ac.uk/pride/archive/projects/PXD042156
PXD042235,3,13,Secreted dengue virus NS1 is predominantly dimeric and in complex with high-density lipoprotein,PARTIAL,2023-05-15,2024-04-30,https://www.ebi.ac.uk/pride/archive/projects/PXD042235
PXD042260,3,4,Identification of proteins interacting with recombinant Arabidopsis Legumain-beta,PARTIAL,2023-05-16,2023-08-23,https://www.ebi.ac.uk/pride/archive/projects/PXD042260
PXD042540,3,12,Characterization of the biochemical activity and tumor-promoting role of the dual protein methyltransferase METL-13/METTL13 in Caenorhabditis elegans,COMPLETE,2023-05-30,2023-07-03,https://www.ebi.ac.uk/pride/archive/projects/PXD042540
PXD042556,3,7,Schwann cell condition medium MS,PARTIAL,2023-05-31,2023-06-27,https://www.ebi.ac.uk/pride/archive/projects/PXD042556
PXD042596,3,6,Benefits of FAIMS to improve the proteome coverage of hard-to-analyze TMT 10-plex FFPE tissue and plasma-derived exosomes samples,PARTIAL,2023-06-01,2024-01-26,https://www.ebi.ac.uk/pride/archive/projects/PXD042596
PXD042597,3,6,Benefits of FAIMS to improve the proteome coverage of hard-to-analyze TMT 10-plex FFPE tissue and plasma-derived exosomes samples,PARTIAL,2023-06-01,2024-01-26,https://www.ebi.ac.uk/pride/archive/projects/PXD042597
PXD042660,3,10,Exploring extracellular vesicles of probiotic yeast Saccharomyces boulardii CNCM I-745 as carriers of biologically active molecules transferred to human intestinal cells,COMPLETE,2023-06-02,2023-06-29,https://www.ebi.ac.uk/pride/archive/projects/PXD042660
PXD042684,3,6,Phosphorylation bar-coding of Free Fatty Acid receptor 2 is generated in a tissue-specific manner,PARTIAL,2023-06-02,2023-11-28,https://www.ebi.ac.uk/pride/archive/projects/PXD042684
PXD042770,3,105,A comprehensive spectral assay library to quantify the Halobacterium salinarum NRC-1 proteome by DIA/SWATH-MS,PARTIAL,2023-06-06,2023-09-21,https://www.ebi.ac.uk/pride/archive/projects/PXD042770
PXD042808,3,4,Trypanosoma brucei Replication Protein A LC-MS/MS,PARTIAL,2023-06-08,2023-06-08,https://www.ebi.ac.uk/pride/archive/projects/PXD042808
PXD042840,3,7,human rhabdomyosarcoma cells LC-MSMS,PARTIAL,2023-06-09,2023-10-18,https://www.ebi.ac.uk/pride/archive/projects/PXD042840
PXD043002,3,6,Global phosphoproteome of Leishmania mexicana developmental stages,PARTIAL,2023-06-15,2023-10-04,https://www.ebi.ac.uk/pride/archive/projects/PXD043002
PXD043031,3,13,Inhibition of DNMT1 methyltransferase activity via glucose-regulated O-GlcNAcylation alters the epigenome,COMPLETE,2023-06-15,2023-07-26,https://www.ebi.ac.uk/pride/archive/projects/PXD043031
PXD043119,3,10,Proteome of mass-produced Escherichia coli outer membrane vesicles,PARTIAL,2023-06-20,2023-10-24,https://www.ebi.ac.uk/pride/archive/projects/PXD043119
PXD043138,3,13,TTC33 forms a complex with WDR61 and PHF5A to recruit factors relevant to genomic integrity 2/2,PARTIAL,2023-06-20,2026-07-13,https://www.ebi.ac.uk/pride/archive/projects/PXD043138
PXD043249,3,6,Proteomic sequencing of Saccharomyces Cerevisiae CEN.pk  2-1D for HCAKing system,PARTIAL,2023-06-23,2023-07-07,https://www.ebi.ac.uk/pride/archive/projects/PXD043249
PXD043318,3,5,"Deep-sea in situ and laboratory proteomics provide insights into the sulfur metabolism characteristics of a novel deep-sea bacterium, Pseudodesulfovibrio serpens sp. nov.",PARTIAL,2023-06-27,2026-02-23,https://www.ebi.ac.uk/pride/archive/projects/PXD043318
PXD043533,3,8,Human and animal skin identified by palaeoproteomics in Scythian leather objects from Ukraine,PARTIAL,2023-07-04,2023-10-27,https://www.ebi.ac.uk/pride/archive/projects/PXD043533
PXD043606,3,5,"Identification of the original binder and modern contaminants in distemper paints from Uvdal stave church, Norway",PARTIAL,2023-07-07,2024-06-05,https://www.ebi.ac.uk/pride/archive/projects/PXD043606
PXD043607,3,7,Supersulphide airway protection in viral and chronic lung diseases,PARTIAL,2023-07-07,2023-07-14,https://www.ebi.ac.uk/pride/archive/projects/PXD043607
PXD043608,3,6,Therapeutic potential of pomegranate juice-derived nanovesicles in nude mouse benign prostatic hyperplasia (BPH) xenograft model,PARTIAL,2023-07-07,2023-07-18,https://www.ebi.ac.uk/pride/archive/projects/PXD043608
PXD043626,3,4,Schizophrenia and nicotine proteomics,PARTIAL,2023-07-09,2023-10-24,https://www.ebi.ac.uk/pride/archive/projects/PXD043626
PXD043637,3,4,FBXL12 degrades FANCD2 to regulate replication recovery and promote cancer cell survival under conditions of replication stress,PARTIAL,2023-07-10,2025-05-06,https://www.ebi.ac.uk/pride/archive/projects/PXD043637
PXD043717,3,7,Click-chemistry alkyne-tagged pull-down,PARTIAL,2023-07-12,2024-04-30,https://www.ebi.ac.uk/pride/archive/projects/PXD043717
PXD043737,3,6,A novel microprotein HDSP encoded by HOXA10-HOXA9 triggers progression of gastric cancer through maintaining the stability of MECOM and activating SPINK1-EGFR signaling,PARTIAL,2023-07-13,2024-05-07,https://www.ebi.ac.uk/pride/archive/projects/PXD043737
PXD043802,3,9,renal cancer cell line ACHN LC-MSMS,PARTIAL,2023-07-14,2024-01-26,https://www.ebi.ac.uk/pride/archive/projects/PXD043802
PXD043867,3,7,Chemical proteomics of AP-3 in Actinosynnema pretiosum,PARTIAL,2023-07-18,2023-10-24,https://www.ebi.ac.uk/pride/archive/projects/PXD043867
PXD044015,3,8,Biotin-pgRNAWT or Biotin-pgRNAAUUUA to AUCUC RNA pulldown LC-MS/MS,PARTIAL,2023-07-24,2024-05-21,https://www.ebi.ac.uk/pride/archive/projects/PXD044015
PXD044064,3,7,"APEX protemics of the inhibitory receptors CLTA-4, LAG-3 and TIM-3",PARTIAL,2023-07-25,2023-10-26,https://www.ebi.ac.uk/pride/archive/projects/PXD044064
PXD044150,3,9,GSK3 phosphorylation sites in Lpd,COMPLETE,2023-07-27,2023-10-05,https://www.ebi.ac.uk/pride/archive/projects/PXD044150
PXD044188,3,8,Citrullinated proteins in monocyte organelle fractions,PARTIAL,2023-07-28,2023-10-03,https://www.ebi.ac.uk/pride/archive/projects/PXD044188
PXD044253,3,7,Proteomic Analysis Reveals Molecular Signatures of Myocardial Infarction and Transverse Aortic Constriction in Aged Mouse Models,PARTIAL,2023-08-01,2025-05-06,https://www.ebi.ac.uk/pride/archive/projects/PXD044253
PXD044254,3,8,Phosphoproteomic Analysis Reveals Molecular Signatures of Myocardial Infarction and Transverse Aortic Constriction in Aged Mouse Models,PARTIAL,2023-08-01,2025-05-06,https://www.ebi.ac.uk/pride/archive/projects/PXD044254
PXD044322,3,14,Efficient Suppression of Premature Termination Codons by Engineered Pyrrolysine tRNAs,PARTIAL,2023-08-03,2025-02-20,https://www.ebi.ac.uk/pride/archive/projects/PXD044322
PXD044366,3,7,Identification of proteins that interact with endogenous DHX9 from HeLa cell nuclear extracts,PARTIAL,2023-08-04,2024-06-12,https://www.ebi.ac.uk/pride/archive/projects/PXD044366
PXD044519,3,4,sBioSITe enables sensitive identification of the cell surface proteome through direct enrichment of biotinylated peptides,PARTIAL,2023-08-11,2024-01-26,https://www.ebi.ac.uk/pride/archive/projects/PXD044519
PXD044632,3,7,Label-free bottom-up proteomics of Prymnesium pavum 12B1,COMPLETE,2023-08-18,2024-03-31,https://www.ebi.ac.uk/pride/archive/projects/PXD044632
PXD044692,3,4,Yue OATP1B1 protein interaction dataset,PARTIAL,2023-08-21,2024-05-21,https://www.ebi.ac.uk/pride/archive/projects/PXD044692
PXD044810,3,6,Accurate prediction of antigen presentation for HLA class II across loci using tailored data acquisition and refined machine learning,PARTIAL,2023-08-23,2025-07-21,https://www.ebi.ac.uk/pride/archive/projects/PXD044810
PXD044821,3,7,TAF15 amyloid filaments in neurodegenerative disease,PARTIAL,2023-08-24,2023-12-07,https://www.ebi.ac.uk/pride/archive/projects/PXD044821
PXD044856,3,9,Germline-specific RNA helicase DDX4 forms cytoplasmic granules in cancer cells and promotes tumor growth,PARTIAL,2023-08-25,2024-06-10,https://www.ebi.ac.uk/pride/archive/projects/PXD044856
PXD044860,3,6,cryo-EM study of human liver mitochondria lysate,PARTIAL,2023-08-25,2024-01-26,https://www.ebi.ac.uk/pride/archive/projects/PXD044860
PXD044890,3,9,"NCOMMS-23-38170-T Mutant mice with rod-specific VPS35 deletion exhibit visual deficit, synaptopathy, and retinal synucleinopathy” by Fu, Table 1",PARTIAL,2023-08-27,2024-06-27,https://www.ebi.ac.uk/pride/archive/projects/PXD044890
PXD045024,3,5,Omentum-derived matrix enables the study of metastatic ovarian cancer and stromal cell functions in a physiologically relevant environment,PARTIAL,2023-09-01,2023-11-28,https://www.ebi.ac.uk/pride/archive/projects/PXD045024
PXD045071,3,5,Genetic and proteomic screens reveal perturbed nucleotide metabolism and DNA-protein crosslink formation as central mediators of decitabine cytotoxicity,PARTIAL,2023-09-04,2024-04-18,https://www.ebi.ac.uk/pride/archive/projects/PXD045071
PXD045186,3,13,Chloride intracellular channel (CLIC) proteins function as fusogens,PARTIAL,2023-09-07,2024-03-10,https://www.ebi.ac.uk/pride/archive/projects/PXD045186
PXD045249,3,4,Study on the inhibitory effect and mechanism of VOCs of a deep-sea bacteria on Pseudomonas aeruginosa,PARTIAL,2023-09-11,2024-06-16,https://www.ebi.ac.uk/pride/archive/projects/PXD045249
PXD045264,3,9,GTPBP8 is essential for mitoribosome formation in human mitochondria,PARTIAL,2023-09-11,2024-04-11,https://www.ebi.ac.uk/pride/archive/projects/PXD045264
PXD045317,3,5,Proteomic analyses of salivary glands and secreted saliva from the gall-forming psylla,PARTIAL,2023-09-12,2025-07-25,https://www.ebi.ac.uk/pride/archive/projects/PXD045317
PXD045328,3,8,Characterizing the secretome of EGFR mutant lung adenocarcinoma,PARTIAL,2023-09-12,2024-01-03,https://www.ebi.ac.uk/pride/archive/projects/PXD045328
PXD045364,3,5,O-GlcNAc sites of purified human neurofilament light Boyce Lab Duke Univ,PARTIAL,2023-09-13,2023-10-03,https://www.ebi.ac.uk/pride/archive/projects/PXD045364
PXD045457,3,9,15 cm Aurora Gen3 column benchmarking on an Exploris 480,PARTIAL,2023-09-18,2024-02-13,https://www.ebi.ac.uk/pride/archive/projects/PXD045457
PXD045494,3,12,Phosphoribosyl modification of poly-ubiquitin chains at the Legionella-containing vacuole prohibiting autophagy adaptor recognition,COMPLETE,2023-09-19,2024-09-11,https://www.ebi.ac.uk/pride/archive/projects/PXD045494
PXD045520,3,17,"hydrogen deuterium uptake comparison between wild-type, I499F, and D380A variants of the myocilin olfactomedin domain",PARTIAL,2023-09-20,2023-11-27,https://www.ebi.ac.uk/pride/archive/projects/PXD045520
PXD045553,3,6,Proteomic analysis of Viscozyme® L and its major enzyme components for pectic substrate degradation,PARTIAL,2023-09-21,2024-04-09,https://www.ebi.ac.uk/pride/archive/projects/PXD045553
PXD045565,3,6,Cathepsin B Promotes Aβ Proteotoxicity by Modulating Aging Regulating Mechanisms,PARTIAL,2023-09-21,2024-09-03,https://www.ebi.ac.uk/pride/archive/projects/PXD045565
PXD045575,3,10,Structure of the Plant Plastid-Encoded RNA Polymerase,PARTIAL,2023-09-22,2024-03-01,https://www.ebi.ac.uk/pride/archive/projects/PXD045575
PXD045622,3,5,USP36 stabilizes nucleolar Snail1 to promote ribosome biogenesis and cancer cell survival upon ribotoxic stress,PARTIAL,2023-09-24,2023-09-26,https://www.ebi.ac.uk/pride/archive/projects/PXD045622
PXD045644,3,6,Regulation of Histone Acetylation by SUMOylation Through TFAP2C Binding to the Chromatin and Recruitment of HDAC Complex,PARTIAL,2023-09-25,2024-04-13,https://www.ebi.ac.uk/pride/archive/projects/PXD045644
PXD045667,3,7,Mouse rod photoreceptor Prkaa1 knockout phosphoproteomics,PARTIAL,2023-09-25,2024-06-16,https://www.ebi.ac.uk/pride/archive/projects/PXD045667
PXD045671,3,13,Parkinson’s VPS35[D620N] mutation induces LRRK2 mediated lysosomal association of RILPL1 and TMEM55B,PARTIAL,2023-09-25,2023-11-08,https://www.ebi.ac.uk/pride/archive/projects/PXD045671
PXD045770,3,10,Phosphoproteome dynamics during differentiation of SGBS adipocytes,COMPLETE,2023-09-28,2024-06-13,https://www.ebi.ac.uk/pride/archive/projects/PXD045770
PXD045778,3,10,Phosphoproteome dynamics during differentiation of 3T3-L1 adipocytes,COMPLETE,2023-09-28,2024-06-13,https://www.ebi.ac.uk/pride/archive/projects/PXD045778
PXD045930,3,22,Reanalysis of Data-dependent acquisition based proteomic datasets of Mycobacterium abscessus,PARTIAL,2023-10-06,2024-03-07,https://www.ebi.ac.uk/pride/archive/projects/PXD045930
PXD045999,3,7,"Black, red and white: characterization of painting materials on a group of Bwa masks from Burkina Faso, proteomics",PARTIAL,2023-10-09,2023-11-22,https://www.ebi.ac.uk/pride/archive/projects/PXD045999
PXD046022,3,4,Staphylococcus aureus LC-MSMS lactylation,PARTIAL,2023-10-10,2024-10-08,https://www.ebi.ac.uk/pride/archive/projects/PXD046022
PXD046023,3,4,Staphylococcus aureus ST398 LC-MSMS,PARTIAL,2023-10-10,2024-10-08,https://www.ebi.ac.uk/pride/archive/projects/PXD046023
PXD046119,3,9,Cryo-EM structures of type IV pili complexed with nanobodies reveal immune escape mechanisms,PARTIAL,2023-10-13,2024-02-29,https://www.ebi.ac.uk/pride/archive/projects/PXD046119
PXD046164,3,7,Protein-protein interactions of the N-terminal region of PRPF40A,PARTIAL,2023-10-16,2024-04-08,https://www.ebi.ac.uk/pride/archive/projects/PXD046164
PXD046354,3,7,Deep Visual Proteomics and spatial transcriptomics reveal the landscape of tumor malignancy in borderline ovarian cancer,PARTIAL,2023-10-24,2025-06-20,https://www.ebi.ac.uk/pride/archive/projects/PXD046354
PXD046363,3,8,Simultaneous selection of nanobodies for immune epitopes in the complex tumor microenvironment,PARTIAL,2023-10-25,2024-01-26,https://www.ebi.ac.uk/pride/archive/projects/PXD046363
PXD046365,3,8,Proteomic analysis of primary graft dysfunction and high particle flow rate,PARTIAL,2023-10-25,2024-04-05,https://www.ebi.ac.uk/pride/archive/projects/PXD046365
PXD046445,3,9,(N)1-methylpseudouridylation of mRNA causes +1 ribosomal frameshifting,PARTIAL,2023-10-27,2024-07-31,https://www.ebi.ac.uk/pride/archive/projects/PXD046445
PXD046468,3,5,Target of Dleu2-17aa in CD4+ T cells,PARTIAL,2023-10-28,2023-12-23,https://www.ebi.ac.uk/pride/archive/projects/PXD046468
PXD046541,3,5,Human pancreatic cancer LC-MSMS,PARTIAL,2023-10-31,2024-05-30,https://www.ebi.ac.uk/pride/archive/projects/PXD046541
PXD046572,3,7,Epitope Mapping of Human Polyclonal Antibodies to the fHbp Antigen of a Neisseria Meningitidis Vaccine by Hydrogen-Deuterium Exchange Mass Spectrometry (HDX-MS),PARTIAL,2023-11-01,2024-05-24,https://www.ebi.ac.uk/pride/archive/projects/PXD046572
PXD046576,3,18,Identification of Proteins in Streptococcus pneumoniae extracellular vesicles (pEVs),PARTIAL,2023-11-01,2023-12-13,https://www.ebi.ac.uk/pride/archive/projects/PXD046576
PXD046760,3,10,SILAC-based quantitative proteomics using mass spectrometry identifies BAG-6 mediated changes in the subproteome degraded by endosomal microautophagy (eMI).,COMPLETE,2023-11-07,2024-01-26,https://www.ebi.ac.uk/pride/archive/projects/PXD046760
PXD046789,3,9,Proteome remodeling and amino acid metabolism during germination and seedling establishment in Lupinus albus,PARTIAL,2023-11-08,2024-07-26,https://www.ebi.ac.uk/pride/archive/projects/PXD046789
PXD046863,3,16,Beyond Myosin Heavy Chains in Human Skeletal Muscle Heterogeneity,PARTIAL,2023-11-11,2025-02-27,https://www.ebi.ac.uk/pride/archive/projects/PXD046863
PXD046864,3,6,"A cell-free strategy for profiling intracellular antibiotic sensitivity and resistance – characterising the proteomes of K. pneumoniae ATCC 13882, ST258-T1b and NJST258-1 and E. coli K-12 MG1655.",COMPLETE,2023-11-11,2023-11-29,https://www.ebi.ac.uk/pride/archive/projects/PXD046864
PXD046990,3,7,Mechanism of 60S ribosomal subunit recognition and UFMylation by the UFM1 E3 ligase complex,PARTIAL,2023-11-15,2024-03-22,https://www.ebi.ac.uk/pride/archive/projects/PXD046990
PXD047053,3,4,Human NDMM MHC-I immunopeptidome mass spectrometry,PARTIAL,2023-11-18,2025-02-20,https://www.ebi.ac.uk/pride/archive/projects/PXD047053
PXD047139,3,13,Exploris 480 dataset acquired on a human fecal standard to evaluate metaproteomics strategies.,COMPLETE,2023-11-21,2024-03-07,https://www.ebi.ac.uk/pride/archive/projects/PXD047139
PXD047157,3,10,SEPN1-related myopathy depends on the oxidoreductase ERO1 alpha and is druggable with the chemical chaperone TUDCA,COMPLETE,2023-11-22,2024-05-24,https://www.ebi.ac.uk/pride/archive/projects/PXD047157
PXD047166,3,13,"Signal Regulatory Protein Beta 2 is a novel positive regulator of innate anticancer immunity, GFP-IP/MS of SIRP-B2 on THP-1",PARTIAL,2023-11-22,2023-12-04,https://www.ebi.ac.uk/pride/archive/projects/PXD047166
PXD047175,3,4,SDH deficiency-driven succinate accumulation dictates the drug resistance of AML through regulating p-UBC12/cullin activity,PARTIAL,2023-11-22,2024-08-28,https://www.ebi.ac.uk/pride/archive/projects/PXD047175
PXD047504,3,5,Comprehensive chromatome profiling identifies metabolic enzymes on chromatin in healthy and cancer cells,PARTIAL,2023-12-04,2025-11-13,https://www.ebi.ac.uk/pride/archive/projects/PXD047504
PXD047595,3,6,The interaction proteins of FER were identified by mass spectrometry,PARTIAL,2023-12-07,2024-08-30,https://www.ebi.ac.uk/pride/archive/projects/PXD047595
PXD047596,3,6,The Identification of FERONIA‑interacting proteins in Arabidopsis thaliana via mass spectrometry,PARTIAL,2023-12-07,2024-09-14,https://www.ebi.ac.uk/pride/archive/projects/PXD047596
PXD047745,3,5,Targeting NLRP3 inhibits AML progression by inducing PERK/eIF2-mediated apoptosis,PARTIAL,2023-12-12,2024-08-14,https://www.ebi.ac.uk/pride/archive/projects/PXD047745
PXD047753,3,6,GST Pull-down-MS identify candidate host factors that interact with CHIKV nsP4,PARTIAL,2023-12-12,2025-05-06,https://www.ebi.ac.uk/pride/archive/projects/PXD047753
PXD047762,3,10,An automated and fast sample preparation workflow for laser microdissection guided ultrasensitive proteomics,PARTIAL,2023-12-12,2024-03-22,https://www.ebi.ac.uk/pride/archive/projects/PXD047762
PXD047794,3,15,African swine fever virus proteins MGF360-21R and A151R interact with barrier-to-autointegration factor 1 (BANF1),PARTIAL,2023-12-13,2025-07-23,https://www.ebi.ac.uk/pride/archive/projects/PXD047794
PXD047943,3,5,Activity modulation in anaerobicribonucleotide reductases: nucleotidebinding: HDX-MS data,PARTIAL,2023-12-19,2024-08-10,https://www.ebi.ac.uk/pride/archive/projects/PXD047943
PXD047981,3,8,Total Synthesis and Target Identification of Marine Cyclopiane Diterpenes,PARTIAL,2023-12-20,2025-05-06,https://www.ebi.ac.uk/pride/archive/projects/PXD047981
PXD048177,3,13,A metabolite sensor subunit of the Atg1/ULK complex regulates selective autophagy; Co-IP data,PARTIAL,2023-12-30,2023-12-31,https://www.ebi.ac.uk/pride/archive/projects/PXD048177
PXD048242,3,6,Proteomic analysis of fecal Mucin-2 from humans and mice,PARTIAL,2024-01-04,2024-06-22,https://www.ebi.ac.uk/pride/archive/projects/PXD048242
PXD048331,3,4,Global analysis of protein lysine lactylation profiles in the marine  bacterium Photobacterium damselae,PARTIAL,2024-01-09,2024-01-30,https://www.ebi.ac.uk/pride/archive/projects/PXD048331
PXD048355,3,6,Proteomic analysis of the soluble proteome of Thermochaetoides thermophila,PARTIAL,2024-01-09,2024-08-02,https://www.ebi.ac.uk/pride/archive/projects/PXD048355
PXD048381,3,13,A comprehensive characterization of the viscoelastic properties of Bovine Submaxillary Mucin (BSM) and the effect of additives,COMPLETE,2024-01-10,2024-07-25,https://www.ebi.ac.uk/pride/archive/projects/PXD048381
PXD048457,3,17,Chemoproteomic screen to identify rabeprazole off-targets in intact HEK293 MSR cells,PARTIAL,2024-01-11,2025-01-30,https://www.ebi.ac.uk/pride/archive/projects/PXD048457
PXD048525,3,9,Predictive modelling of brain metastasis development from cancer and non-invasive biomarker-based risk assessment leveraging DNA methylation signatures,PARTIAL,2024-01-14,2025-03-21,https://www.ebi.ac.uk/pride/archive/projects/PXD048525
PXD048526,3,6,Establishment and Characterization of Turtle Liver Organoids Provides a Potential Model to Decode their Unique Adaptations,PARTIAL,2024-01-14,2024-01-30,https://www.ebi.ac.uk/pride/archive/projects/PXD048526
PXD048614,3,17,Disulfide mapping of J-chain by crosslinking MS,PARTIAL,2024-01-16,2024-12-04,https://www.ebi.ac.uk/pride/archive/projects/PXD048614
PXD048695,3,9,L-Glyceraldehyde inhibits neuroblastoma cell 1 growth via a multi-modal mechanism on metabolism 2 and signaling,PARTIAL,2024-01-18,2024-05-21,https://www.ebi.ac.uk/pride/archive/projects/PXD048695
PXD048699,3,9,GST-DENND5A aa700-720 and Binding Partner Pulldown,PARTIAL,2024-01-18,2024-06-20,https://www.ebi.ac.uk/pride/archive/projects/PXD048699
PXD048800,3,6,Pmk1 kinase-dependent phosphosite mapping on Slp1,PARTIAL,2024-01-23,2024-10-15,https://www.ebi.ac.uk/pride/archive/projects/PXD048800
PXD048810,3,9,"FTIR, XPol, and LC-MS confirm endogenous collagen in Edmontosaurus fossil bone C4PR_LIV",COMPLETE,2024-01-23,2025-03-24,https://www.ebi.ac.uk/pride/archive/projects/PXD048810
PXD048944,3,5,Auto-sumoylation   of the Ubc9 E2 SUMO-conjugating Enzyme Extends Cellular Lifespan,PARTIAL,2024-01-29,2025-01-15,https://www.ebi.ac.uk/pride/archive/projects/PXD048944
PXD048977,3,9,Non-coding autoimmune risk variant defines role for ICOS in T peripheral helper cell development,COMPLETE,2024-01-29,2024-05-23,https://www.ebi.ac.uk/pride/archive/projects/PXD048977
PXD049094,3,7,RNF2_PCGF4_CBX8 crosslinked with BS3,PARTIAL,2024-02-02,2024-12-30,https://www.ebi.ac.uk/pride/archive/projects/PXD049094
PXD049290,3,5,LC-MSMS of  LtpM-modified proteins,PARTIAL,2024-02-09,2025-07-14,https://www.ebi.ac.uk/pride/archive/projects/PXD049290
PXD049333,3,6,Antioxidant capacity and Peptidomic analysis of in vitro digested Camelina Sativa L. Crantz and Cynara cardunculus co- products,PARTIAL,2024-02-12,2024-07-03,https://www.ebi.ac.uk/pride/archive/projects/PXD049333
PXD049970,3,10,Carrier protein-enabled host cell proteome analysis (CP-HCP) with integrated isobaric tag interference filtering,PARTIAL,2024-02-20,2026-01-12,https://www.ebi.ac.uk/pride/archive/projects/PXD049970
PXD050185,3,6,Pertussis toxin-catalyzed auto- and trans-ADP-ribosylation,PARTIAL,2024-02-27,2025-05-06,https://www.ebi.ac.uk/pride/archive/projects/PXD050185
PXD050268,3,8,Proof of concept a new plasma complement Factor H from waste plamsa fraction,PARTIAL,2024-03-01,2024-03-27,https://www.ebi.ac.uk/pride/archive/projects/PXD050268
PXD050280,3,5,E. piscicida secretion effectors identification by LC-MS,PARTIAL,2024-03-02,2024-12-28,https://www.ebi.ac.uk/pride/archive/projects/PXD050280
PXD050363,3,6,bovine alpha-lactalbumine microLC-timsTOF PRo,PARTIAL,2024-03-05,2024-09-23,https://www.ebi.ac.uk/pride/archive/projects/PXD050363
PXD050374,3,13, Extracellular vesicles of Janthinobacterium lividum as violacein carriers in melanoma cell treatment.,COMPLETE,2024-03-05,2024-12-10,https://www.ebi.ac.uk/pride/archive/projects/PXD050374
PXD050420,3,9,EGFR-TKI-down-regulated proteins in HCC827 cells,COMPLETE,2024-03-06,2025-05-13,https://www.ebi.ac.uk/pride/archive/projects/PXD050420
PXD050444,3,7,Circulating tumour cells shed large extracellular vesicles in capillary-scale bifurcations,PARTIAL,2024-03-07,2025-09-01,https://www.ebi.ac.uk/pride/archive/projects/PXD050444
PXD050655,3,12,Biopsy  proteome score performs well as an effect measure in a gluten-challenge trial of coeliac disease,PARTIAL,2024-03-15,2025-04-08,https://www.ebi.ac.uk/pride/archive/projects/PXD050655
PXD050817,3,13,A p85 Isoform Switch Enhances PI3K Activation on Endosomes by a MAP4- and  PI3P-dependent Mechanism,COMPLETE,2024-03-20,2024-10-17,https://www.ebi.ac.uk/pride/archive/projects/PXD050817
PXD050857,3,7,The use of omics technologies in creating LBP and postbiotics based on the Limosilactobacillus fermentum U-21,PARTIAL,2024-03-21,2024-06-04,https://www.ebi.ac.uk/pride/archive/projects/PXD050857
PXD050979,3,4,Secretome analysis of ferroptotic Pfa1 cells,PARTIAL,2024-03-26,2025-04-24,https://www.ebi.ac.uk/pride/archive/projects/PXD050979
PXD051074,3,6,Dual BACH1 regulation by complementary SCF-type E3 ligases,PARTIAL,2024-03-29,2024-12-03,https://www.ebi.ac.uk/pride/archive/projects/PXD051074
PXD051126,3,4,β-Hydroxybutyrate Boosts Plant Immunity through Enhanced H3K9bhb Levels and Gene Expression Regulation,PARTIAL,2024-04-01,2025-07-05,https://www.ebi.ac.uk/pride/archive/projects/PXD051126
PXD051237,3,5,Human SUMOylated Golgin45 CoIP-MS,PARTIAL,2024-04-07,2024-06-23,https://www.ebi.ac.uk/pride/archive/projects/PXD051237
PXD051275,3,11,Selective Mitochondrial Respiratory Complex I Subunit Deficiency Causes Tumor Immunogenicity,PARTIAL,2024-04-08,2024-10-05,https://www.ebi.ac.uk/pride/archive/projects/PXD051275
PXD051336,3,4,PHF2-mediated H3K9me balance orchestrates heterochromatin stability and progenitor proliferation in early neurogenesisPHF2-mediated H3K9me balance orchestrates heterochromatin stability and progenitor proliferation in early neurogenesis,PARTIAL,2024-04-10,2024-06-11,https://www.ebi.ac.uk/pride/archive/projects/PXD051336
PXD051361,3,6,Characterization of extracellular vesicles in human seminal plasma: a multiomic analysis,PARTIAL,2024-04-11,2025-06-29,https://www.ebi.ac.uk/pride/archive/projects/PXD051361
PXD051377,3,6,Proteomic Analysis of Intracellular Biomineralised Granules in the Deep-Sea Hydrothermal Vent Alvinellid Worm Paralvinella herssleri,PARTIAL,2024-04-12,2025-09-08,https://www.ebi.ac.uk/pride/archive/projects/PXD051377
PXD051408,3,21,"Palaeoproteomic identification of a whale bone tool from Bronze Age Heiloo, the Netherlands",PARTIAL,2024-04-12,2024-04-20,https://www.ebi.ac.uk/pride/archive/projects/PXD051408
PXD051592,3,5,MYO18B promotes lysosomal exocytosis by facilitating focal adhesion maturation,PARTIAL,2024-04-19,2025-01-14,https://www.ebi.ac.uk/pride/archive/projects/PXD051592
PXD051666,3,7,Secretome from TXNIP knockout human colorectal cell line (DLD1),PARTIAL,2024-04-23,2024-08-12,https://www.ebi.ac.uk/pride/archive/projects/PXD051666
PXD051718,3,12,SILAC quantification for proteome of human HEK293 cells,PARTIAL,2024-04-24,2025-05-06,https://www.ebi.ac.uk/pride/archive/projects/PXD051718
PXD051726,3,8,Targeting Neuraminidase 4 Attenuates Kidney Fibrosis in Mice,PARTIAL,2024-04-25,2025-05-06,https://www.ebi.ac.uk/pride/archive/projects/PXD051726
PXD051738,3,4,Binding of Akkermansia muciniphila to mucin is O-glycan specific,PARTIAL,2024-04-25,2024-05-30,https://www.ebi.ac.uk/pride/archive/projects/PXD051738
PXD051777,3,22,Proteomics of motor enriched fraction (ATP releasate) from Dictyostelium discoideum,COMPLETE,2024-04-26,2024-05-16,https://www.ebi.ac.uk/pride/archive/projects/PXD051777
PXD051796,3,23,STRUCTURE OF APOLIPOPROTEIN B100 BOUND TO LOW-DENSITY LIPOPROTEIN RECEPTOR (Linear IDs),PARTIAL,2024-04-27,2024-12-06,https://www.ebi.ac.uk/pride/archive/projects/PXD051796
PXD051803,3,10,TMT-ABPP profiling of SP3CHO in native 293T proteome,COMPLETE,2024-04-28,2024-06-24,https://www.ebi.ac.uk/pride/archive/projects/PXD051803
PXD051823,3,5,Multimodal smart systems reprMultimodal smart systems reprogram macrophages and remove urate to treat gouty arthritisogram macrophages and remove urate to treat gouty arthritis,PARTIAL,2024-04-28,2024-07-02,https://www.ebi.ac.uk/pride/archive/projects/PXD051823
PXD051845,3,10,Genetic excision of the regulatory cardiac troponin I extension in high heart rate mammal clades,COMPLETE,2024-04-29,2024-07-19,https://www.ebi.ac.uk/pride/archive/projects/PXD051845
PXD051902,3,7,Orthogonal Conjugation via Endoglycosidase and Microbial Transglutaminase Enables Efficient Synthesis of Dual-Payload Antibody-Drug Conjugates,PARTIAL,2024-04-30,2026-05-29,https://www.ebi.ac.uk/pride/archive/projects/PXD051902
PXD052032,3,13,Charting the dynamic trophoblast plasma membrane identifies LYN as a functional regulator of syncytialization,COMPLETE,2024-05-07,2025-10-02,https://www.ebi.ac.uk/pride/archive/projects/PXD052032
PXD052228,3,4,"ACL1-HD-Zip IV complex revealed common mechanism in rice response to brown planthopper and drought. Being a small peptide, ACL1 might function through forming complex with other proteins. So that we searched the possible interacting proteins of ACL1 using the TurboID system.",PARTIAL,2024-05-13,2024-08-13,https://www.ebi.ac.uk/pride/archive/projects/PXD052228
PXD052318,3,6,Modulation of Intracellular Pathways of HIV-1 infected Macrophages exposed to Sigma-1 Receptor Antagonist (BD1047) prior to Cocaine and its Role in Cathepsin B Secretion revealed by Quantitative Proteomics,COMPLETE,2024-05-16,2025-05-07,https://www.ebi.ac.uk/pride/archive/projects/PXD052318
PXD052379,3,7,Anti-proteolytic regulation of KRAS by USP9X/NDRG3 in KRAS-driven cancer development,PARTIAL,2024-05-19,2025-05-07,https://www.ebi.ac.uk/pride/archive/projects/PXD052379
PXD052400,3,7,SMAX1/SMXL2 interacting proteins in Arabidopsis seedling through IP-MS,PARTIAL,2024-05-20,2024-06-22,https://www.ebi.ac.uk/pride/archive/projects/PXD052400
PXD052403,3,8,Calculating coefficients of variation for data independent acquisition-based proteomics,PARTIAL,2024-05-20,2024-05-20,https://www.ebi.ac.uk/pride/archive/projects/PXD052403
PXD052510,3,6,Profiling FERONIA interaction proteins by Pupylation-based interacting tagging  in Arabidopsis,PARTIAL,2024-05-23,2024-08-13,https://www.ebi.ac.uk/pride/archive/projects/PXD052510
PXD052540,3,5,Analysis of tauC3 PTMs following in vitro ubiquitination,PARTIAL,2024-05-24,2025-01-18,https://www.ebi.ac.uk/pride/archive/projects/PXD052540
PXD052551,3,6,Differential alkylation of PHLPP2,PARTIAL,2024-05-24,2025-03-13,https://www.ebi.ac.uk/pride/archive/projects/PXD052551
PXD052564,3,16,Nucleotide metabolism-related host proteins RPB2 and UPP1 interacting with PEDV N proteins affect viral replication,PARTIAL,2024-05-26,2024-06-07,https://www.ebi.ac.uk/pride/archive/projects/PXD052564
PXD052608,3,8,The purified SKP2 from HEK293T cells underwent LC-MS analysis.,PARTIAL,2024-05-28,2026-09-21,https://www.ebi.ac.uk/pride/archive/projects/PXD052608
PXD052839,3,20,The PDE4 inhibitor apremilast modulates ethanol responses in Gabrb1 S409A knock-in mice via PKA-dependent and independent mechanisms,COMPLETE,2024-06-05,2025-10-05,https://www.ebi.ac.uk/pride/archive/projects/PXD052839
PXD052935,3,7,Cysteine capping with CAM reagent,PARTIAL,2024-06-07,2025-03-13,https://www.ebi.ac.uk/pride/archive/projects/PXD052935
PXD053023,3,9,Electrophoresis-Correlative Framing of Ion Mobility Deepens Single-Cell Mass Spectrometry Proteomics,PARTIAL,2024-06-11,2025-02-06,https://www.ebi.ac.uk/pride/archive/projects/PXD053023
PXD053030,3,4,Crotonylomics sequencing of human non small cell lung cancer cell lines,PARTIAL,2024-06-12,2025-09-22,https://www.ebi.ac.uk/pride/archive/projects/PXD053030
PXD053078,3,7,"TBCK, PPP1R21, and C12orf4-interaction AP-MS",PARTIAL,2024-06-13,2026-03-02,https://www.ebi.ac.uk/pride/archive/projects/PXD053078
PXD053079,3,10,Deep Visual Proteomics reveals DNA replication stress as a hallmark of Signet Ring Cell Carcinoma,PARTIAL,2024-06-13,2025-05-07,https://www.ebi.ac.uk/pride/archive/projects/PXD053079
PXD053091,3,6,Stress responses in human cells,PARTIAL,2024-06-13,2025-08-24,https://www.ebi.ac.uk/pride/archive/projects/PXD053091
PXD053170,3,6,Detection of Acetylated Neuron Specific Enolase gamma,PARTIAL,2024-06-17,2024-10-17,https://www.ebi.ac.uk/pride/archive/projects/PXD053170
PXD053289,3,4,Immunoaffinity-free chromatographic purification of ovarian cancer biomarker CA125 (MUC16) from blood serum,PARTIAL,2024-06-22,2024-10-17,https://www.ebi.ac.uk/pride/archive/projects/PXD053289
PXD053310,3,5,Protein-RNA interaction dynamics downstream of KRAS activation reveals key regulators  of oncogenic KRAS driven cancers.,PARTIAL,2024-06-23,2025-05-07,https://www.ebi.ac.uk/pride/archive/projects/PXD053310
PXD053496,3,7,Identification of glutathionylated cysteine in decellularized extracellular matrix,PARTIAL,2024-06-28,2024-09-28,https://www.ebi.ac.uk/pride/archive/projects/PXD053496
PXD053508,3,22,Aspergillus fumigatus spore proteases alter the respiratory mucosa architecture and facilitate equine herpesvirus 1 infection,PARTIAL,2024-06-29,2024-08-14,https://www.ebi.ac.uk/pride/archive/projects/PXD053508
PXD053595,3,5,SART3 promotes homologous recombination repair by stimulating DNA–RNA hybrids removal and DNA end resection,PARTIAL,2024-07-03,2025-01-30,https://www.ebi.ac.uk/pride/archive/projects/PXD053595
PXD053811,3,6,Cyclin B3 is a dominant fast-acting cyclin that drives rapid early embryonic mitoses,PARTIAL,2024-07-10,2024-07-29,https://www.ebi.ac.uk/pride/archive/projects/PXD053811
PXD053929,3,16,Anti-SMIM45-107aa Pull-down and mass spectrometry study,PARTIAL,2024-07-13,2024-08-12,https://www.ebi.ac.uk/pride/archive/projects/PXD053929
PXD053976,3,4,Proteins associated with chromatin in Hela cells detected by LC-MS,PARTIAL,2024-07-16,2024-11-15,https://www.ebi.ac.uk/pride/archive/projects/PXD053976
PXD054004,3,5,Bottom-up mapping of RSV nonstructural protein 1 (NS1) for HDX-MS data analysis,PARTIAL,2024-07-17,2025-05-07,https://www.ebi.ac.uk/pride/archive/projects/PXD054004
PXD054105,3,9,Robust proteome profiling of cysteine-reactive fragments using label-free chemoproteomics - HEK293T - Global expression proteomics,PARTIAL,2024-07-22,2024-11-18,https://www.ebi.ac.uk/pride/archive/projects/PXD054105
PXD054136,3,7,Identification of conjugation site of T-DM1,PARTIAL,2024-07-23,2025-03-05,https://www.ebi.ac.uk/pride/archive/projects/PXD054136
PXD054298,3,33,"RAPIDASH: Tag-free enrichment of ribosome-associated proteins reveals compositional dynamics in embryonic tissues, cancer cells, and macrophages - TMT MS RAPIDASH comparison with sucrose cushion of E14 mESCs",COMPLETE,2024-07-28,2024-09-12,https://www.ebi.ac.uk/pride/archive/projects/PXD054298
PXD054303,3,29,"RAPIDASH: Tag-free enrichment of ribosome-associated proteins reveals compositional dynamics in embryonic tissues, cancer cells, and macrophages - label-free MS RAPIDASH of E12.5 mouse forebrain",COMPLETE,2024-07-28,2025-09-22,https://www.ebi.ac.uk/pride/archive/projects/PXD054303
PXD054345,3,4,Crotonylated and secreted proteins in Kcr effectors in Fusarium oxysporum,PARTIAL,2024-07-29,2026-04-26,https://www.ebi.ac.uk/pride/archive/projects/PXD054345
PXD054393,3,6,B7-H4 post-translational modifications,PARTIAL,2024-07-30,2025-02-14,https://www.ebi.ac.uk/pride/archive/projects/PXD054393
PXD054394,3,11,Interdomain-linker control conformational transitions in the SLC23 elevator transporter UraA,PARTIAL,2024-07-30,2024-10-17,https://www.ebi.ac.uk/pride/archive/projects/PXD054394
PXD054416,3,9,The role of the cotyledons after germination/during seedling development in Lupinus albus,PARTIAL,2024-07-31,2025-04-15,https://www.ebi.ac.uk/pride/archive/projects/PXD054416
PXD054545,3,10,Episodic Transport of Protein Aggregates Achieves a Positive Size Selectivity in Aggresome Formation,COMPLETE,2024-08-02,2025-07-16,https://www.ebi.ac.uk/pride/archive/projects/PXD054545
PXD054695,3,19,Data to support: SUMO4 promotes SUMO deconjugation required for DNA double-strand break repair,COMPLETE,2024-08-08,2025-03-11,https://www.ebi.ac.uk/pride/archive/projects/PXD054695
PXD054720,3,12,ABRF iPRG 2023 crosslinking study - Mascot COMPLETE results,COMPLETE,2024-08-08,2024-08-08,https://www.ebi.ac.uk/pride/archive/projects/PXD054720
PXD054722,3,4,Identification of phosphorylation sites of BAG3,PARTIAL,2024-08-08,2024-08-20,https://www.ebi.ac.uk/pride/archive/projects/PXD054722
PXD054730,3,8,Removal of NHS-labelling by-products in proteomic samples,PARTIAL,2024-08-08,2025-03-14,https://www.ebi.ac.uk/pride/archive/projects/PXD054730
PXD054815,3,6,Regulatory Coordination of Antisense RNA and Encoded Protein in Cell Cycle.,PARTIAL,2024-08-12,2026-08-28,https://www.ebi.ac.uk/pride/archive/projects/PXD054815
PXD054919,3,4,"Global Profiling of Protein Lactylation, Crotonylation, Succinylation and Phosphorylation in Lung Adenocarcinoma Cell.",PARTIAL,2024-08-15,2025-12-01,https://www.ebi.ac.uk/pride/archive/projects/PXD054919
PXD054946,3,4,Proteomic profile of extracellular vesicles from human Fallopian tube fluid,PARTIAL,2024-08-16,2026-06-17,https://www.ebi.ac.uk/pride/archive/projects/PXD054946
PXD055046,3,6,"Full list of co-purified proteins as determined by LC-MS/MS using transiently expressing the TaRACK1B-GFP,TaSGT1-GFP and TaHSP90-GFP fusion protein in wheat protoplasts",PARTIAL,2024-08-22,2024-08-28,https://www.ebi.ac.uk/pride/archive/projects/PXD055046
PXD055154,3,5,Label free MS RAPIDASH of Mouse macrophages.,PARTIAL,2024-08-23,2026-03-27,https://www.ebi.ac.uk/pride/archive/projects/PXD055154
PXD055201,3,5,"APEX2 of BAX, BAK and DRP1 in healthy and apoptotic cells",PARTIAL,2024-08-26,2026-03-27,https://www.ebi.ac.uk/pride/archive/projects/PXD055201
PXD055289,3,8,Decoding pancreatic islet cell diversity through cell type-resolved proteomics and phosphoproteomics,PARTIAL,2024-08-28,2025-10-02,https://www.ebi.ac.uk/pride/archive/projects/PXD055289
PXD055414,3,250,"Phosphorylation regulates the chromatin remodeler SMARCAD1 in nucleosome binding, ATP hydrolysis, and histone exchange",COMPLETE,2024-09-01,2025-05-07,https://www.ebi.ac.uk/pride/archive/projects/PXD055414
PXD055450,3,116,"Phosphorylation regulates the chromatin remodeler SMARCAD1 in nucleosome binding, ATP hydrolysis, and histone exchange",COMPLETE,2024-09-02,2025-05-07,https://www.ebi.ac.uk/pride/archive/projects/PXD055450
PXD055466,3,7,Mass spectrometry identification of Akkermansia muciniphila -Caco2 cells interaction proteins,PARTIAL,2024-09-02,2024-09-02,https://www.ebi.ac.uk/pride/archive/projects/PXD055466
PXD055622,3,4,Expanding the use of MALDI-TOF mass spectrometry in the microbiological laboratories: A rapid C. difficile toxin activity-based assay,PARTIAL,2024-09-06,2025-03-21,https://www.ebi.ac.uk/pride/archive/projects/PXD055622
PXD055651,3,251,Deletion of ASPP1 in myofibroblasts alleviates myocardial fibrosis  by reducing p53 degradation,PARTIAL,2024-09-07,2025-01-18,https://www.ebi.ac.uk/pride/archive/projects/PXD055651
PXD055717,3,5,Ca2+ signaling in root hair development.,PARTIAL,2024-09-09,2024-12-18,https://www.ebi.ac.uk/pride/archive/projects/PXD055717
PXD055868,3,11,XIAP promotes metastasis of bladder cancer cells by ubiquitylating YTHDC1,PARTIAL,2024-09-15,2025-05-07,https://www.ebi.ac.uk/pride/archive/projects/PXD055868
PXD055899,3,22,Selective Modification of Asparagine and Glutamine via Isohypsic Reaction,PARTIAL,2024-09-16,2026-05-24,https://www.ebi.ac.uk/pride/archive/projects/PXD055899
PXD055948,3,6,Identification of proteins co-precipitating with mammalian purified MRAS Q71L,PARTIAL,2024-09-17,2025-01-14,https://www.ebi.ac.uk/pride/archive/projects/PXD055948
PXD055950,3,7,The membrane curvature-inducing REEP1-4 proteins generate an ER-derived vesicular compartment,PARTIAL,2024-09-17,2025-01-18,https://www.ebi.ac.uk/pride/archive/projects/PXD055950
PXD056001,3,6,N-glycoproteome profiling of rice,PARTIAL,2024-09-19,2025-05-07,https://www.ebi.ac.uk/pride/archive/projects/PXD056001
PXD056002,3,4,Identification of proteins that form complexes with SerpinA1 by LC-MS/MS,PARTIAL,2024-09-19,2024-10-01,https://www.ebi.ac.uk/pride/archive/projects/PXD056002
PXD056084,3,6,Total Synthesis and Target Identification of Marine Cyclopiane Diterpenes,PARTIAL,2024-09-23,2025-05-07,https://www.ebi.ac.uk/pride/archive/projects/PXD056084
PXD056186,3,15,An eRNA Transcription Checkpoint For Diverse Signal-dependent Enhancer Activation Programs,PARTIAL,2024-09-24,2025-02-21,https://www.ebi.ac.uk/pride/archive/projects/PXD056186
PXD056373,3,6,Proteomic Analysis of Extracellular Vesicles Derived from Human Pluripotent Stem Cells,PARTIAL,2024-09-30,2025-02-14,https://www.ebi.ac.uk/pride/archive/projects/PXD056373
PXD056528,3,8,Bottom-up spatial proteomics MALDI MSI,PARTIAL,2024-10-07,2025-05-07,https://www.ebi.ac.uk/pride/archive/projects/PXD056528
PXD056649,3,9,Molecular mechanism targeting condensin for chromosome condensation.,PARTIAL,2024-10-09,2024-12-10,https://www.ebi.ac.uk/pride/archive/projects/PXD056649
PXD056675,3,4,Deciphering the role of selective modification of N-glycosylation in melanocyte development and melanoma progression,PARTIAL,2024-10-10,2025-05-14,https://www.ebi.ac.uk/pride/archive/projects/PXD056675
PXD056676,3,4,NSD2 promotes HCC metastasis through methylating PKM2 and activating SF3B1-dependent alternative splicing,PARTIAL,2024-10-10,2025-09-30,https://www.ebi.ac.uk/pride/archive/projects/PXD056676
PXD056910,3,9,ABRF iPRG 2023 crosslinking study - Kojak COMPLETE results,COMPLETE,2024-10-17,2024-10-17,https://www.ebi.ac.uk/pride/archive/projects/PXD056910
PXD056920,3,5,overexpressed_frameshift_dinB_with_C_terminal_His_tag,PARTIAL,2024-10-18,2026-09-18,https://www.ebi.ac.uk/pride/archive/projects/PXD056920
PXD056927,3,4,Cell-autonomous targeting of arabinogalactan by host immune factors inhibits mycobacterial growth,PARTIAL,2024-10-18,2024-10-18,https://www.ebi.ac.uk/pride/archive/projects/PXD056927
PXD056941,3,4,MYC deregulation sensitizes cancer cells to N-myristoyltransferase inhibition - Mitochondrial fractionation,PARTIAL,2024-10-18,2025-07-30,https://www.ebi.ac.uk/pride/archive/projects/PXD056941
PXD056970,3,6,Proteomics analysis of lysine methylated proteins from Leishmania donovani strain 1S: wild type and set mutants,PARTIAL,2024-10-19,2025-01-24,https://www.ebi.ac.uk/pride/archive/projects/PXD056970
PXD057020,3,9,BONCAT Model Comparison in Camk2a+ Neurons,PARTIAL,2024-10-21,2025-11-07,https://www.ebi.ac.uk/pride/archive/projects/PXD057020
PXD057298,3,18,Shared proteomic signature between a rat model of hypertension and Alzheimer’s disease point to cerebrovascular changes in extracellular vesicles,PARTIAL,2024-10-29,2026-02-13,https://www.ebi.ac.uk/pride/archive/projects/PXD057298
PXD057388,3,12,Comparative analysis of the structural dynamics of diphtheria toxin and CRM197 carrier proteins used in the development of conjugate vaccines,PARTIAL,2024-10-31,2025-04-07,https://www.ebi.ac.uk/pride/archive/projects/PXD057388
PXD057444,3,4,Ionizable polymeric micelles (IPMs) for efficient siRNA delivery,PARTIAL,2024-11-02,2024-11-21,https://www.ebi.ac.uk/pride/archive/projects/PXD057444
PXD057455,3,7,Whole Brain Lable-free Aged Aggregates,COMPLETE,2024-11-02,2025-11-07,https://www.ebi.ac.uk/pride/archive/projects/PXD057455
PXD057511,3,6,Proteomics analysis of lysine methylated proteins from Leishmania donovani strain 1S: wild type and set mutants,PARTIAL,2024-11-05,2025-01-24,https://www.ebi.ac.uk/pride/archive/projects/PXD057511
PXD057513,3,6,Proteomics analysis of lysine methylated proteins from Leishmania donovani strain 1S: wild type and set mutants,PARTIAL,2024-11-05,2025-01-24,https://www.ebi.ac.uk/pride/archive/projects/PXD057513
PXD057514,3,6,Proteomics analysis of lysine methylated proteins from Leishmania donovani strain 1S: wild type and set mutants,PARTIAL,2024-11-05,2025-01-24,https://www.ebi.ac.uk/pride/archive/projects/PXD057514
PXD057519,3,9,p-FADD-CD8+T cell axis determines hepatocellular carcinoma response to immune checkpoint inhibitors,PARTIAL,2024-11-05,2025-07-07,https://www.ebi.ac.uk/pride/archive/projects/PXD057519
PXD057533,3,8,Role of the internal disulfide bond in altering the binding properties of SARS-CoV-2 membrane binding peptide to lipid bilayer,COMPLETE,2024-11-05,2025-05-07,https://www.ebi.ac.uk/pride/archive/projects/PXD057533
PXD057579,3,6,Development of a New N-Terminomic Method to Study the Pathodegradome of the Staphylococcus aureus V8 Protease in Human Neutrophils,PARTIAL,2024-11-06,2025-05-30,https://www.ebi.ac.uk/pride/archive/projects/PXD057579
PXD057685,3,9,Electrophoresis-Correlative Framing of Ion Mobility Deepens Single-Cell Mass Spectrometry Proteomics,PARTIAL,2024-11-08,2025-05-07,https://www.ebi.ac.uk/pride/archive/projects/PXD057685
PXD057691,3,12,MFGE8 induces anti-PD-1-therapy resistance by promoting extracellular vesicle sorting of PD-L1,COMPLETE,2024-11-09,2025-05-07,https://www.ebi.ac.uk/pride/archive/projects/PXD057691
PXD057804,3,4,Proteomics profiling of research models for studying pancreatic ductal adenocarcinoma,PARTIAL,2024-11-12,2024-12-18,https://www.ebi.ac.uk/pride/archive/projects/PXD057804
PXD057811,3,5,ncRNA DUBR RAP-MS in HCT116 cells,PARTIAL,2024-11-12,2025-05-07,https://www.ebi.ac.uk/pride/archive/projects/PXD057811
PXD057826,3,6,Potential Role of Lysine Acetylation in the Stepwise Adaptation of Candida albicans to Fluconazole,PARTIAL,2024-11-13,2025-03-25,https://www.ebi.ac.uk/pride/archive/projects/PXD057826
PXD057832,3,5,Shigella infection is facilitated by interaction of human enteric α-defensin 5 with colonic epithelial receptor P2Y11,PARTIAL,2024-11-13,2024-12-16,https://www.ebi.ac.uk/pride/archive/projects/PXD057832
PXD057838,3,10,Fission yeast Cdc10-YFP interactome in MM-N 16 hours,PARTIAL,2024-11-13,2025-12-20,https://www.ebi.ac.uk/pride/archive/projects/PXD057838
PXD057889,3,9,CASK phosphorylation pattern in the presence of constitutively active HCK,COMPLETE,2024-11-14,2025-01-09,https://www.ebi.ac.uk/pride/archive/projects/PXD057889
PXD057920,3,12,Proteomic insight into the ontogeny of blood-meal digestion in the tick Ixodes ricinus,PARTIAL,2024-11-15,2025-10-06,https://www.ebi.ac.uk/pride/archive/projects/PXD057920
PXD057928,3,4,Proteomics profiling of research models for studying pancreatic ductal adenocarcinoma,PARTIAL,2024-11-15,2024-12-18,https://www.ebi.ac.uk/pride/archive/projects/PXD057928
PXD058135,3,7,Proteomic analysis of the sponge (Porifera) Aggregation Factor implicates an ancient protein domain toolkit for allorecognition and adhesion in animals,PARTIAL,2024-11-21,2025-06-23,https://www.ebi.ac.uk/pride/archive/projects/PXD058135
PXD058184,3,9,Serine ubiquitination of SNAREs generates bacterial vacuoles and prevents their lysosomal fusion,PARTIAL,2024-11-22,2025-05-14,https://www.ebi.ac.uk/pride/archive/projects/PXD058184
PXD058375,3,6,P. sojae apoplastic effectors in soybean apoplastic fluid at different infection time points.,PARTIAL,2024-11-28,2025-06-14,https://www.ebi.ac.uk/pride/archive/projects/PXD058375
PXD058749,3,7,Site-Specific Competitive Kinase Inhibitor Target Profiling Using Phosphonate Affinity Tags,PARTIAL,2024-12-10,2025-05-07,https://www.ebi.ac.uk/pride/archive/projects/PXD058749
PXD059000,3,10,Protein identification in purified amyloid fibrils,PARTIAL,2024-12-18,2025-01-17,https://www.ebi.ac.uk/pride/archive/projects/PXD059000
PXD059079,3,14,Single-Cell Proteomic and Transcriptomic Characterization of Drug-Resistant Prostate Cancer Cells Reveals Molecular Signatures Associated with Morphological Changes,PARTIAL,2024-12-20,2025-03-20,https://www.ebi.ac.uk/pride/archive/projects/PXD059079
PXD059112,3,4,Extracellular vesicles of murine-derived epicardial derived cell line under hypoxic and normoxic environment TMT LC-MS,PARTIAL,2024-12-21,2025-12-01,https://www.ebi.ac.uk/pride/archive/projects/PXD059112
PXD059236,3,6,to screen the Treg inhibitor and investigate its mechanism in tumor,PARTIAL,2024-12-25,2025-01-15,https://www.ebi.ac.uk/pride/archive/projects/PXD059236
PXD059267,3,8,Distribution of big tau isoforms in the human central and peripheral nervous system,PARTIAL,2024-12-26,2025-09-14,https://www.ebi.ac.uk/pride/archive/projects/PXD059267
PXD059313,3,6,Proteotyping rare amyloidosis disease by photocatalytic proteomics profiling,PARTIAL,2024-12-30,2025-01-25,https://www.ebi.ac.uk/pride/archive/projects/PXD059313
PXD059345,3,12,Confirmation of the phosphorylation sites of human PhK,PARTIAL,2025-01-01,2025-05-07,https://www.ebi.ac.uk/pride/archive/projects/PXD059345
PXD059579,3,8,MS-based proteomic characterization of Toxoplasma gondii GSK3 proxisome,COMPLETE,2025-01-09,2025-09-15,https://www.ebi.ac.uk/pride/archive/projects/PXD059579
PXD059662,3,5,The brain interactome of a permissive prion replication substrate,PARTIAL,2025-01-10,2026-07-06,https://www.ebi.ac.uk/pride/archive/projects/PXD059662
PXD059840,3,9,Pervanadate mediated cysteine oxidation directly activates SRC kinase,PARTIAL,2025-01-15,2026-02-05,https://www.ebi.ac.uk/pride/archive/projects/PXD059840
PXD059961,3,6,Exploring the Role of SARS-CoV-2 nsp6 in Lipid Droplet Metabolism: Identifying Interacting Proteins via IP-Mass Spectrometry,PARTIAL,2025-01-20,2025-02-07,https://www.ebi.ac.uk/pride/archive/projects/PXD059961
PXD060011,3,5,Quantification of nuclear factors in hMADS adipocytes,PARTIAL,2025-01-21,2026-01-30,https://www.ebi.ac.uk/pride/archive/projects/PXD060011
PXD060336,3,5,Structural characterization of an extracellular contractile injection system from Photorhabdus luminescens in extended and contracted states,PARTIAL,2025-01-29,2025-10-22,https://www.ebi.ac.uk/pride/archive/projects/PXD060336
PXD060429,3,5,Cross-organelle Coordination to Advance Plant Cytochrome P450 Functionality in Yeast,PARTIAL,2025-02-03,2025-09-22,https://www.ebi.ac.uk/pride/archive/projects/PXD060429
PXD060459,3,8,Digestive physiology in the carnivorous rainbow plant Byblis filifolia Planch,PARTIAL,2025-02-04,2025-05-20,https://www.ebi.ac.uk/pride/archive/projects/PXD060459
PXD060466,3,13,Carrageenan-sulfatases from the marine bacterium Zobellia galactanivorans Dsij,PARTIAL,2025-02-04,2025-03-24,https://www.ebi.ac.uk/pride/archive/projects/PXD060466
PXD060544,3,20,A degron-mimicking molecular glue drives CRBN homo-dimerization and degradation,PARTIAL,2025-02-06,2025-09-08,https://www.ebi.ac.uk/pride/archive/projects/PXD060544
PXD060554,3,5,A reference dataset of O-GlcNAc proteins in quadriceps skeletal muscle from mice,PARTIAL,2025-02-06,2026-07-21,https://www.ebi.ac.uk/pride/archive/projects/PXD060554
PXD060674,3,9,The peptides of BAK1 identified by PsTry1 IP-MS,PARTIAL,2025-02-11,2025-06-14,https://www.ebi.ac.uk/pride/archive/projects/PXD060674
PXD060733,3,5,Nucleus Accumbens proteome disbalance in an adolescent mice model of schizophrenia and nicotine misuse comorbidity,COMPLETE,2025-02-12,2025-05-13,https://www.ebi.ac.uk/pride/archive/projects/PXD060733
PXD060734,3,14,P. falciparum ookinetes produced by in vitro culture,COMPLETE,2025-02-12,2025-07-21,https://www.ebi.ac.uk/pride/archive/projects/PXD060734
PXD060757,3,6,SARS-CoV-2 nsp14 induces the m7G methylation and the sequestration of host  RNAs in stress granules Twin-Strep Streptactin pull-down LC-MSMS,PARTIAL,2025-02-13,2026-02-06,https://www.ebi.ac.uk/pride/archive/projects/PXD060757
PXD060790,3,5,Genome-wide in vivo CRISPR activation screen identifies BACE1 as a therapeutic vulnerability of lung cancer brain metastasis,PARTIAL,2025-02-13,2025-08-24,https://www.ebi.ac.uk/pride/archive/projects/PXD060790
PXD060878,3,9,Mapping the intracellular HMGB1 interactome and alterations induced by Toll-like receptor 4 activation,PARTIAL,2025-02-17,2025-11-11,https://www.ebi.ac.uk/pride/archive/projects/PXD060878
PXD060911,3,14,Unravelling the protective role of silicon in Cannabis sativa hypocotyls under cadmium and zinc stress: insights from imaging and -omics,COMPLETE,2025-02-18,2026-07-06,https://www.ebi.ac.uk/pride/archive/projects/PXD060911
PXD061145,3,7,"Defining enteric bacterial pathogenesis using organoids: Citrobacter rodentium uses EspC,  an atypical mucinolytic protease, to penetrate mouse colonic mucus",PARTIAL,2025-02-24,2026-08-16,https://www.ebi.ac.uk/pride/archive/projects/PXD061145
PXD061182,3,12,Discovery and optimisation of a covalent ligand for TRIM25 and its application to targeted protein ubiquitination,PARTIAL,2025-02-25,2025-05-19,https://www.ebi.ac.uk/pride/archive/projects/PXD061182
PXD061239,3,6,An H3K4me3 reader recruits the positive transcription elongation factor B complex to facilitate transcription elongation,PARTIAL,2025-02-27,2026-01-27,https://www.ebi.ac.uk/pride/archive/projects/PXD061239
PXD061271,3,5,Proteomic analysis of Cgl-ILC interaction supernatants,PARTIAL,2025-02-27,2026-02-16,https://www.ebi.ac.uk/pride/archive/projects/PXD061271
PXD061390,3,5,Role of TbTim20 in mitochondrial protein import in trypanosomes – TbTim20 CoIPs,PARTIAL,2025-03-03,2025-10-27,https://www.ebi.ac.uk/pride/archive/projects/PXD061390
PXD061392,3,5,Proteomic insights into age-related changes in laser capture microdissected glomeruli of human kidney,PARTIAL,2025-03-03,2025-12-22,https://www.ebi.ac.uk/pride/archive/projects/PXD061392
PXD061468,3,9,Isoform-specific Patterns of Phosphorylation on Axonemal Dynein Heavy Chains,PARTIAL,2025-03-04,2025-04-25,https://www.ebi.ac.uk/pride/archive/projects/PXD061468
PXD061538,3,9,FXN specific Nanobody Interaction between FXN and NB in HEK-293T Cells: Co-immunoprecipitation and LC-MS,PARTIAL,2025-03-06,2025-12-17,https://www.ebi.ac.uk/pride/archive/projects/PXD061538
PXD061575,3,24,"Proteomics of a protein phenol phase sample of human CD138+ cells after RNA extraction , LC-MSMS",PARTIAL,2025-03-07,2025-11-10,https://www.ebi.ac.uk/pride/archive/projects/PXD061575
PXD061590,3,24,"Proteomics of a human dental plaque sample, LC-MSMS",PARTIAL,2025-03-07,2025-11-10,https://www.ebi.ac.uk/pride/archive/projects/PXD061590
PXD061597,3,10,Structural basis of antiphage defence by an ATPase-associated reverse transcriptase,COMPLETE,2025-03-08,2025-05-23,https://www.ebi.ac.uk/pride/archive/projects/PXD061597
PXD061618,3,12,COX6B1 secures a redox-sensitive step in early cytochrome c oxidase assembly,PARTIAL,2025-03-09,2025-12-15,https://www.ebi.ac.uk/pride/archive/projects/PXD061618
PXD061621,3,9,COX6B1 secures a redox-sensitive step in early cytochrome c oxidase assembly,PARTIAL,2025-03-09,2025-12-15,https://www.ebi.ac.uk/pride/archive/projects/PXD061621
PXD061684,3,24,"Proteomics of a human saliva sample, LC-MSMS",PARTIAL,2025-03-11,2025-11-10,https://www.ebi.ac.uk/pride/archive/projects/PXD061684
PXD061760,3,6,Importin-7 Promotes Tension-Induced Osteogenesis by Regulating RUNX2 Nuclear Translocation during Orthodontic Tooth Movement,PARTIAL,2025-03-12,2025-10-06,https://www.ebi.ac.uk/pride/archive/projects/PXD061760
PXD061927,3,4,Deciphering PTM Crosstalk on Hsp90: Integrating Deep Learning for Drug Sensitivity Prediction,PARTIAL,2025-03-17,2025-09-08,https://www.ebi.ac.uk/pride/archive/projects/PXD061927
PXD061971,3,5,Development of Motif-Specific Monoclonal Antibodies for Global Protein Citrullination Detection with Minimal Cross-Reactivity to Homocitrullination,PARTIAL,2025-03-18,2026-03-29,https://www.ebi.ac.uk/pride/archive/projects/PXD061971
PXD062106,3,5,Capture and functional conversion of mitochondrial protein translocase by lipid metabolism enzyme (Mim2 SILAC IPs),PARTIAL,2025-03-21,2026-01-21,https://www.ebi.ac.uk/pride/archive/projects/PXD062106
PXD062168,3,4,Targeting the UFL1-AKT Cascade Suppresses Triple-Negative Breast Cancer Progression,PARTIAL,2025-03-24,2025-11-12,https://www.ebi.ac.uk/pride/archive/projects/PXD062168
PXD062299,3,6,Boron Activated Covalent Modification and Micro-Dissection of Amyloid Deposits in Alzheimer’s Disease Brain Tissue,PARTIAL,2025-03-27,2025-03-27,https://www.ebi.ac.uk/pride/archive/projects/PXD062299
PXD062799,3,6,Branched-K29/K48 and K48/K29 polyUb_LC-MSMS,PARTIAL,2025-04-10,2025-04-10,https://www.ebi.ac.uk/pride/archive/projects/PXD062799
PXD063233,3,4,Tubular organization of the TAC and functional role of TAC53 – TAC42 RNAi data,PARTIAL,2025-04-23,2025-08-04,https://www.ebi.ac.uk/pride/archive/projects/PXD063233
PXD063266,3,5,Global profiling of lysine lactylation in prostate cancer cells,PARTIAL,2025-04-24,2025-11-10,https://www.ebi.ac.uk/pride/archive/projects/PXD063266
PXD063307,3,6,13-flag IPMS during Pt infection,PARTIAL,2025-04-25,2025-10-07,https://www.ebi.ac.uk/pride/archive/projects/PXD063307
PXD063440,3,4,"Native Taylor/Non-Taylor Dispersion – Mass Spectrometry (TNT-MS) Allows Rapid Protein Desalting and Multiplexed, Label-Free Ligand Screening",PARTIAL,2025-04-29,2025-07-10,https://www.ebi.ac.uk/pride/archive/projects/PXD063440
PXD063449,3,7,Iron regulatory pathways differentially expressed during Madurella mycetomatis grain development in Galleria mellonella,PARTIAL,2025-04-29,2025-05-15,https://www.ebi.ac.uk/pride/archive/projects/PXD063449
PXD063523,3,6,Top-down on MCF7 for CK8 identification,PARTIAL,2025-05-01,2025-07-23,https://www.ebi.ac.uk/pride/archive/projects/PXD063523
PXD063532,3,7,SH3P2-mediated Autophagosomal Targeting of the CCZ1-MON1-RABG3e Module Regulates Autophagosome-Vacuole Fusion in Arabidopsis,PARTIAL,2025-05-01,2025-11-26,https://www.ebi.ac.uk/pride/archive/projects/PXD063532
PXD063625,3,6,Lipid-Coated Nanoparticles Enable Enhanced Delivery of Bacterial Virulence Factors as a Potent Toxoid Vaccine Platform against Bacterial Infections,PARTIAL,2025-05-06,2025-05-09,https://www.ebi.ac.uk/pride/archive/projects/PXD063625
PXD063683,3,6,Lipid-Coated Nanoparticles Enable Enhanced Delivery of Bacterial Virulence Factors as a Potent Toxoid Vaccine Platform against Bacterial Infections,PARTIAL,2025-05-07,2025-05-09,https://www.ebi.ac.uk/pride/archive/projects/PXD063683
PXD063840,3,5,ZDHHC11-mediated palmitoylation alleviates chondrocyte senescence and serves as a therapeutic target for osteoarthritis,PARTIAL,2025-05-11,2025-08-12,https://www.ebi.ac.uk/pride/archive/projects/PXD063840
PXD063864,3,5,ZDHHC11-mediated palmitoylation alleviates chondrocyte senescence and serves as a therapeutic target for osteoarthritis [III],PARTIAL,2025-05-12,2025-08-12,https://www.ebi.ac.uk/pride/archive/projects/PXD063864
PXD063992,3,4,SOX2 is required for foregut squamous epithelial homeostasis and lost during Barrett’s esophagus development,PARTIAL,2025-05-15,2025-06-07,https://www.ebi.ac.uk/pride/archive/projects/PXD063992
PXD064088,3,6,AUTO-SP: automated sample preparation for analyzing proteins and protein modifications,PARTIAL,2025-05-20,2026-03-16,https://www.ebi.ac.uk/pride/archive/projects/PXD064088
PXD064141,3,4,Pathogenic phosphorylation of linear ubiquitin machinery causes inflammasome sensor degradation [Mouse],PARTIAL,2025-05-21,2025-08-08,https://www.ebi.ac.uk/pride/archive/projects/PXD064141
PXD064296,3,5,Cryo-EM of cardiac AL-224L amyloid reveals shared features in l6 light chain fibril folds,PARTIAL,2025-05-26,2026-01-23,https://www.ebi.ac.uk/pride/archive/projects/PXD064296
PXD064301,3,6,Molecular Regulation and Physiological Role of GOLPH3-mediated Golgi retention,PARTIAL,2025-05-26,2026-09-06,https://www.ebi.ac.uk/pride/archive/projects/PXD064301
PXD064529,3,9,Paracrine Signals from HIV-1 Infected Immune Cells Reprogram Cervical Cancer Pathways,PARTIAL,2025-06-02,2026-06-25,https://www.ebi.ac.uk/pride/archive/projects/PXD064529
PXD064538,3,4,E3 ubiquitin ligase Listerin regulates macrophage cholesterol efflux and atherosclerosis by targeting ABCA1,PARTIAL,2025-06-03,2025-06-11,https://www.ebi.ac.uk/pride/archive/projects/PXD064538
PXD064578,3,9,The HDAC1/DNTTIP1/Flag-tagged MIDEAS (Tyr654Ser) complex was expressed by transient transfection in HEK293F cells. The complex was purified using anti-flag resin and gel filtration. You from here,COMPLETE,2025-06-03,2026-08-18,https://www.ebi.ac.uk/pride/archive/projects/PXD064578
PXD064642,3,4,Low Density Lipoprotein Receptor Targeting Chimeras for Membrane Protein Degradation and Enhanced Drug Delivery,PARTIAL,2025-06-04,2025-11-10,https://www.ebi.ac.uk/pride/archive/projects/PXD064642
PXD064651,3,5,Proteomic analysis of Pacific oyster (Crassostrea gigas) mucus during Vibrio infection,PARTIAL,2025-06-05,2025-07-29,https://www.ebi.ac.uk/pride/archive/projects/PXD064651
PXD064912,3,5,Lactylated proteomic analysis of human sperm,PARTIAL,2025-06-12,2025-12-22,https://www.ebi.ac.uk/pride/archive/projects/PXD064912
PXD064940,3,12,Human HRI Autophosphorylation Profile,COMPLETE,2025-06-12,2025-06-18,https://www.ebi.ac.uk/pride/archive/projects/PXD064940
PXD065042,3,6,The late chromatoid body component TSSK2 associates with translational machinery in elongating spermatids in mice,PARTIAL,2025-06-16,2025-10-27,https://www.ebi.ac.uk/pride/archive/projects/PXD065042
PXD065061,3,11,Ultradynamic protein assemblies and network channeling,PARTIAL,2025-06-16,2026-05-04,https://www.ebi.ac.uk/pride/archive/projects/PXD065061
PXD065269,3,6,Anisakis E/S products and EVs analysed by LC-MS/MS,PARTIAL,2025-06-20,2026-02-12,https://www.ebi.ac.uk/pride/archive/projects/PXD065269
PXD065314,3,17,MAP2Ks can activate MAP kinases using ADP in vitro,PARTIAL,2025-06-23,2025-09-28,https://www.ebi.ac.uk/pride/archive/projects/PXD065314
PXD065409,3,4,The role of aging on endothelial cell-cell junctions and pulmonary microvascular permeability,PARTIAL,2025-06-24,2025-12-29,https://www.ebi.ac.uk/pride/archive/projects/PXD065409
PXD065503,3,6,SILAC E3 ligase activity-based profiling of interferon-stimulated THP-1 cells,PARTIAL,2025-06-26,2026-05-22,https://www.ebi.ac.uk/pride/archive/projects/PXD065503
PXD065507,3,13,The LUMINIDEPENDENS protein is a general repressor of transcription in Arabidopsis,COMPLETE,2025-06-26,2025-11-17,https://www.ebi.ac.uk/pride/archive/projects/PXD065507
PXD065567,3,7,NMD-GPS_NME-058_Quadriceps_triplicate_DIA,PARTIAL,2025-06-27,2026-06-14,https://www.ebi.ac.uk/pride/archive/projects/PXD065567
PXD065625,3,7,Periplasmic Protein Quality Control at Atomic Level in Live Cells,PARTIAL,2025-06-30,2025-07-10,https://www.ebi.ac.uk/pride/archive/projects/PXD065625
PXD065685,3,10,Structure of ATTRv-F64S fibrils isolated from skin tissue of a living patient,PARTIAL,2025-07-02,2025-11-03,https://www.ebi.ac.uk/pride/archive/projects/PXD065685
PXD065765,3,9,Secretome GIV Proteomic data \set,PARTIAL,2025-07-04,2025-07-22,https://www.ebi.ac.uk/pride/archive/projects/PXD065765
PXD065994,3,7,rhGAA ADA epitopes determination,PARTIAL,2025-07-10,2025-08-31,https://www.ebi.ac.uk/pride/archive/projects/PXD065994
PXD066057,3,6,diaPASEF optimization for peptide profiling of hydrolyzed infant formula by microLC-timsTOF Pro,PARTIAL,2025-07-11,2026-03-05,https://www.ebi.ac.uk/pride/archive/projects/PXD066057
PXD066116,3,7,Distinct amyloid fibril structures formed by ALS-causing SOD1 mutants G93A and D101N,PARTIAL,2025-07-14,2025-10-19,https://www.ebi.ac.uk/pride/archive/projects/PXD066116
PXD066173,3,5,Characterization of Whole Blood EVs Using PRotein Organic Solvent PRecipitation,PARTIAL,2025-07-15,2026-08-25,https://www.ebi.ac.uk/pride/archive/projects/PXD066173
PXD066251,3,35,Thianthrenium chemistry for identification of protein−protein interactions in cells,COMPLETE,2025-07-17,2025-11-27,https://www.ebi.ac.uk/pride/archive/projects/PXD066251
PXD066529,3,6,Protein phosphorylation networks in Baylisascaris procyonis revealed by phosphoproteomic analysis,PARTIAL,2025-07-24,2025-08-03,https://www.ebi.ac.uk/pride/archive/projects/PXD066529
PXD066600,3,6,A Comprehensive Mass Spectrometry-Based Proteomic Dataset of Human Spermatozoa,PARTIAL,2025-07-26,2025-07-28,https://www.ebi.ac.uk/pride/archive/projects/PXD066600
PXD066789,3,7,N-glycosylation identification of ZmLecRK1-ECD by Mass spectrometry,PARTIAL,2025-07-31,2025-09-02,https://www.ebi.ac.uk/pride/archive/projects/PXD066789
PXD066819,3,4,Peritoneal Macrophages are a Centralized Immune Hub Regulating Distal Healing by the Release of Plasma Fibronectin,PARTIAL,2025-07-31,2026-02-12,https://www.ebi.ac.uk/pride/archive/projects/PXD066819
PXD066867,3,5,3x-HA Tagged PAF1 IP-Ms in MOLM-13 CAS9 cells,PARTIAL,2025-08-01,2025-10-21,https://www.ebi.ac.uk/pride/archive/projects/PXD066867
PXD066940,3,12,"Mouse Brain, sperm, fetuin LC-MS/MS",PARTIAL,2025-08-04,2025-08-08,https://www.ebi.ac.uk/pride/archive/projects/PXD066940
PXD067039,3,11,p38β-mediated BiP phosphorylation drives stemness and chemoresistance by suppressing UPR activation in hepatocellular carcinoma,PARTIAL,2025-08-07,2026-09-13,https://www.ebi.ac.uk/pride/archive/projects/PXD067039
PXD067149,3,5,Proteomic Profiling Unraveling the Role of Lactate Dehydrogenase A in Vascular Repair and Functional Recovery After Spinal Cord Injury,PARTIAL,2025-08-11,2026-01-16,https://www.ebi.ac.uk/pride/archive/projects/PXD067149
PXD067164,3,12,Tyrosine phosphoproteome profiling identifies cell-intrinsic signals limiting the efficacy of tyrosine kinase inhibitor therapies,COMPLETE,2025-08-11,2026-03-26,https://www.ebi.ac.uk/pride/archive/projects/PXD067164
PXD067271,3,7,Beta-catenin interacting proteins in BCR-ABL1+ B-ALL cells [exp1],COMPLETE,2025-08-12,2025-08-13,https://www.ebi.ac.uk/pride/archive/projects/PXD067271
PXD067360,3,19,Extracellular vesicles derived from glial progenitor cells from human induced pluripotent stem cells,COMPLETE,2025-08-14,2025-12-15,https://www.ebi.ac.uk/pride/archive/projects/PXD067360
PXD067464,3,8,Proteomic Dataset of Non-Specific Interactors in Leishmania infantum,PARTIAL,2025-08-18,2026-05-20,https://www.ebi.ac.uk/pride/archive/projects/PXD067464
PXD067568,3,5,Fungal oxidation of short-chain gaseous alkanes under extremely acidic conditions,PARTIAL,2025-08-21,2026-04-09,https://www.ebi.ac.uk/pride/archive/projects/PXD067568
PXD067659,3,40,Cross-linking mass spectrometry for structure analysis of the intrinsically disordered Tau and phosphorylated Tau protein,PARTIAL,2025-08-24,2026-01-06,https://www.ebi.ac.uk/pride/archive/projects/PXD067659
PXD067808,3,22,Pseudo-acetylation of ACTC1 K326 and K328 promotes dysinhibition of reconstituted human cardiac thin filaments,COMPLETE,2025-08-27,2026-08-30,https://www.ebi.ac.uk/pride/archive/projects/PXD067808
PXD067849,3,7,Arabidopsis thaliana  XXT2-XXT5 Heterodimer,PARTIAL,2025-08-28,2026-05-05,https://www.ebi.ac.uk/pride/archive/projects/PXD067849
PXD068228,3,5,Evolutionarily Convergent Mechanism of Formin Regulation Coordinates Actin Polymerization in Apicomplexan Parasites,COMPLETE,2025-09-09,2025-11-04,https://www.ebi.ac.uk/pride/archive/projects/PXD068228
PXD068278,3,9,"Transcriptomic and proteomic insights into progressive myoclonus epilepsy, EPM1",PARTIAL,2025-09-11,2026-04-27,https://www.ebi.ac.uk/pride/archive/projects/PXD068278
PXD068413,3,5,Atomic models of the conoid from the human parasite Toxoplasma gondii,COMPLETE,2025-09-16,2025-11-14,https://www.ebi.ac.uk/pride/archive/projects/PXD068413
PXD068446,3,5,Immunopeptidomics analysis of human atherosclerosis plaques identifies antigenic drivers of atherosclerosis,PARTIAL,2025-09-17,2025-09-18,https://www.ebi.ac.uk/pride/archive/projects/PXD068446
PXD068468,3,4,High-purity isolation and chemical composition of stabilisomes from thermophilic cyanobacteria,PARTIAL,2025-09-18,2025-09-18,https://www.ebi.ac.uk/pride/archive/projects/PXD068468
PXD068522,3,11,Sialoglycans on human T cells attenuate death programs executed through the Fas pathway,PARTIAL,2025-09-19,2025-12-30,https://www.ebi.ac.uk/pride/archive/projects/PXD068522
PXD068683,3,5,Cinchona proteomics P3930 June 2025,PARTIAL,2025-09-22,2026-01-23,https://www.ebi.ac.uk/pride/archive/projects/PXD068683
PXD068776,3,6,Identification of SNHG26-binding proteins in keloid-derived fibroblasts by RNA pull-down and LC-MS/MS,PARTIAL,2025-09-24,2026-08-13,https://www.ebi.ac.uk/pride/archive/projects/PXD068776
PXD068864,3,4,Cross-linking coupled with mass spectrometry (XL-MS) analysis of TRiC-PDCD5 complex,PARTIAL,2025-09-26,2026-01-08,https://www.ebi.ac.uk/pride/archive/projects/PXD068864
PXD069044,3,7,Key regulatory roles of PRDM1 in human NK-cell differentiation and activation,PARTIAL,2025-10-01,2026-01-19,https://www.ebi.ac.uk/pride/archive/projects/PXD069044
PXD069057,3,13,HDX-MS analysis of p110a in complex with regulatory subunits,PARTIAL,2025-10-02,2025-11-20,https://www.ebi.ac.uk/pride/archive/projects/PXD069057
PXD069104,3,7,Label-Free Quantitative Proteomics Data for NPC Permeability Barrier Dynamics,PARTIAL,2025-10-03,2025-10-06,https://www.ebi.ac.uk/pride/archive/projects/PXD069104
PXD069117,3,12,Bispecific antibody against sclerostin and DKK1 improves bone health and reduces bone marrow adipose accumulation in experimental chronic kidney disease,PARTIAL,2025-10-03,2026-09-06,https://www.ebi.ac.uk/pride/archive/projects/PXD069117
PXD069133,3,4,"Proteomic profiling of VeA knockout, overexpression, and wild-type strains in Cordyceps",PARTIAL,2025-10-05,2026-01-23,https://www.ebi.ac.uk/pride/archive/projects/PXD069133
PXD069162,3,8,Proteomic characterization of Cedratvirus particles,PARTIAL,2025-10-06,2025-11-10,https://www.ebi.ac.uk/pride/archive/projects/PXD069162
PXD069347,3,4,Regulation of Trichoderma harzianum gene expression and protein production in submerged cultures with inactivated oomycete mycelium,PARTIAL,2025-10-11,2025-10-11,https://www.ebi.ac.uk/pride/archive/projects/PXD069347
PXD069942,3,6,P. aeruginosa proteomics under the compound 7,PARTIAL,2025-10-27,2026-01-17,https://www.ebi.ac.uk/pride/archive/projects/PXD069942
PXD070040,3,4,Proteomic profiling and comparison of specific neurons in C. elegans,PARTIAL,2025-10-29,2026-03-29,https://www.ebi.ac.uk/pride/archive/projects/PXD070040
PXD070077,3,6,"Molecular mechanisms of recruitment, function and regulation of the RNA helicase UPF1 in replication-dependent histone mRNA decay",PARTIAL,2025-10-30,2025-12-08,https://www.ebi.ac.uk/pride/archive/projects/PXD070077
PXD070095,3,7,"Tandem affinity purification coupled with mass spectrometry (TAP-MS) to identify the proteins that interact with RAD51, RAD51 paralogs (RAD51B, RAD51C,RAD51D,XRCC2 and XRCC3), PFKP and PFKP-F649L in HeLa cells.",PARTIAL,2025-10-30,2026-04-26,https://www.ebi.ac.uk/pride/archive/projects/PXD070095
PXD070144,3,6,Proteomic Analysis of intersection protein that binds to KDM1A in Rat primary cardiomyocytes,PARTIAL,2025-10-31,2026-01-19,https://www.ebi.ac.uk/pride/archive/projects/PXD070144
PXD070146,3,5,Starvation-induced Hsc70 O-GlcNAcylation activates chaperone-mediated autophagy,COMPLETE,2025-10-31,2026-06-28,https://www.ebi.ac.uk/pride/archive/projects/PXD070146
PXD070471,3,7,Immunepeptidome of Coxsackievirus B3 infection models of human enterocyte and antigen presenting cell lines,PARTIAL,2025-11-07,2026-05-07,https://www.ebi.ac.uk/pride/archive/projects/PXD070471
PXD070488,3,7,Comprehensive N-glycoproteomic profiling of humanized antibody expressed in transgenic mouse serum,PARTIAL,2025-11-08,2025-12-08,https://www.ebi.ac.uk/pride/archive/projects/PXD070488
PXD070495,3,10,Deep visual proteomics uncovers nociceptor diversity and pain targets ,PARTIAL,2025-11-09,2026-04-10,https://www.ebi.ac.uk/pride/archive/projects/PXD070495
PXD070993,3,5,N8-propargyl spermidine as a chemical probe for sensing of ALDH1A1 activity in cells,PARTIAL,2025-11-20,2026-05-28,https://www.ebi.ac.uk/pride/archive/projects/PXD070993
PXD071052,3,5,Contractile injection system in hot spring microbial mats,PARTIAL,2025-11-21,2026-03-23,https://www.ebi.ac.uk/pride/archive/projects/PXD071052
PXD071159,3,8,"Physiology, functional genomics and proteomics of Verruconatronum alginilyticum gen. nov., sp. nov., a first haloalkaliphilic representative of the phylum Verrucomicrobiota from soda habitats",PARTIAL,2025-11-25,2026-04-17,https://www.ebi.ac.uk/pride/archive/projects/PXD071159
PXD071271,3,11,Analysis of in vitro phosphorylated NSP5 variants,COMPLETE,2025-11-26,2026-01-23,https://www.ebi.ac.uk/pride/archive/projects/PXD071271
PXD071461,3,5,Proteomics of extracellular vesicles from Fusarium oxysporum,PARTIAL,2025-12-02,2026-01-05,https://www.ebi.ac.uk/pride/archive/projects/PXD071461
PXD071471,3,8,Salivary proteome and microbiome in pregnancy and postpartum: An exploratory study on the relation with arterial hypertension,COMPLETE,2025-12-02,2025-12-03,https://www.ebi.ac.uk/pride/archive/projects/PXD071471
PXD071478,3,6,Proteomic Analysis of Lysine Crotonylation (Kcr) in Reynoutria japonica Seedlings,PARTIAL,2025-12-02,2025-12-03,https://www.ebi.ac.uk/pride/archive/projects/PXD071478
PXD071546,3,5,A small molecule VDAC ligand inhibits ERAD and induces selective cancer cell death via disruption of calcium homeostasis,COMPLETE,2025-12-03,2026-01-20,https://www.ebi.ac.uk/pride/archive/projects/PXD071546
PXD071902,3,12,Mass Spectrometry Footprinting Reveals How Kinetic Stabilizers  Counteract Transthyretin Dynamics Altered by Pathogenic Mutations,PARTIAL,2025-12-12,2025-12-13,https://www.ebi.ac.uk/pride/archive/projects/PXD071902
PXD071913,3,11,identification of ECE1-interacting proteins,PARTIAL,2025-12-12,2026-04-26,https://www.ebi.ac.uk/pride/archive/projects/PXD071913
PXD072149,3,9,Protein identification in purified amyloid fibrils,PARTIAL,2025-12-18,2026-08-31,https://www.ebi.ac.uk/pride/archive/projects/PXD072149
PXD072578,3,10,O-glycosylation affects proteolysis of the native tear peptidome,PARTIAL,2026-01-02,2026-07-08,https://www.ebi.ac.uk/pride/archive/projects/PXD072578
PXD072602,3,7,Proteomics on proteins from freshwater anaerobic methanotrophs that forms cytochrome nanowires,PARTIAL,2026-01-03,2026-08-28,https://www.ebi.ac.uk/pride/archive/projects/PXD072602
PXD072842,3,4,Structural basis of amyloid fibril assembly by plant seed storage proteins,PARTIAL,2026-01-09,2026-05-06,https://www.ebi.ac.uk/pride/archive/projects/PXD072842
PXD072956,3,9,Conditioned medium from CP cancer–derived gMDSCs,COMPLETE,2026-01-12,2026-09-10,https://www.ebi.ac.uk/pride/archive/projects/PXD072956
PXD072981,3,7,Microcephaly-like phenotype triggered by novel reassortant and prototypic Oropouche Virus strains in brain organoids (60 day Unguided Organoids),PARTIAL,2026-01-13,2026-05-28,https://www.ebi.ac.uk/pride/archive/projects/PXD072981
PXD073166,3,5,Proteomic analysis of SIRT1-interacting proteins in rat nucleus pulposus cells,PARTIAL,2026-01-16,2026-04-26,https://www.ebi.ac.uk/pride/archive/projects/PXD073166
PXD073446,3,6,Proteomic Insights into Rice Protein Palmitoylation and Its Role in Cytosolic Translation,PARTIAL,2026-01-23,2026-02-11,https://www.ebi.ac.uk/pride/archive/projects/PXD073446
PXD073482,3,12,"HX-MS study of SHP2, WT and 2 phosphomimic mutants",PARTIAL,2026-01-23,2026-01-23,https://www.ebi.ac.uk/pride/archive/projects/PXD073482
PXD073522,3,6,FBXO3-mediated DUSP9 ubiquitination promotes leukemia stem cell maintenance and tyrosine kinase inhibitor resistance in chronic myeloid leukemia,COMPLETE,2026-01-25,2026-01-25,https://www.ebi.ac.uk/pride/archive/projects/PXD073522
PXD073525,3,5,LC-MS/MS analysis of hippocampal small extracellular vesicles (sEVs) in a rat model of febrile seizures,PARTIAL,2026-01-26,2026-08-29,https://www.ebi.ac.uk/pride/archive/projects/PXD073525
PXD073550,3,5,Inhibiting Mrt4-rRNA interaction with fumaramidmycin-based derivatives as an unexploited antifungal strategy-qualitative proteomic,PARTIAL,2026-01-26,2026-04-26,https://www.ebi.ac.uk/pride/archive/projects/PXD073550
PXD073596,3,7,Structuring of the yeast endolysosomal pathway by the Rab5 guanine nucleotide exchange factors Muk1 and Vps9,COMPLETE,2026-01-26,2026-02-23,https://www.ebi.ac.uk/pride/archive/projects/PXD073596
PXD073779,3,22,Systematic evaluation of PASEF acquisition strategies in complex metaproteomes,PARTIAL,2026-01-29,2026-07-03,https://www.ebi.ac.uk/pride/archive/projects/PXD073779
PXD073992,3,9,Arsenic Trioxide Acts as a Molecular Glue to Promote STUB1-Mediated NPM-ALK Degradation in ALK⁺ ALCL,PARTIAL,2026-02-03,2026-09-07,https://www.ebi.ac.uk/pride/archive/projects/PXD073992
PXD074114,3,8,Proteomic identiﬁcation of candidate biomarkers associated with acquired tolerance to ionizing radiation,PARTIAL,2026-02-06,2026-08-14,https://www.ebi.ac.uk/pride/archive/projects/PXD074114
PXD074164,3,9,Identification of MELK-mediated Cofilin-1 T70 phosphorylation by IP-LC-MS/MS analysis,PARTIAL,2026-02-06,2026-04-01,https://www.ebi.ac.uk/pride/archive/projects/PXD074164
PXD074199,3,7,Systematic Workflow Optimization for Ultra-Sensitive Targeted Immunopeptidomics,PARTIAL,2026-02-08,2026-09-14,https://www.ebi.ac.uk/pride/archive/projects/PXD074199
PXD074241,3,15,Venom proteome of the termite-eating spider Ammoxenus amphalodes,PARTIAL,2026-02-09,2026-04-27,https://www.ebi.ac.uk/pride/archive/projects/PXD074241
PXD074272,3,7,lncRNA IGF1R-AS1 protein interactome in VCaP cells,PARTIAL,2026-02-10,2026-02-10,https://www.ebi.ac.uk/pride/archive/projects/PXD074272
PXD074293,3,4,Mechanism of protein abundance-independent 3′UTR-regulated JMJD3 activity in human cells,PARTIAL,2026-02-10,2026-06-01,https://www.ebi.ac.uk/pride/archive/projects/PXD074293
PXD074375,3,8,The phytoplasma effector Phyllogen structurally mimics host plant MADS transcription factors,COMPLETE,2026-02-12,2026-09-21,https://www.ebi.ac.uk/pride/archive/projects/PXD074375
PXD074439,3,8,YB-1 inhibition suppresses osteosarcoma growth and reverses tumor immunosuppression,PARTIAL,2026-02-13,2026-06-14,https://www.ebi.ac.uk/pride/archive/projects/PXD074439
PXD074516,3,7,Hyaluronan and gellan nanohydrogels exhibit an unexpected activity in hampering Staphylococcus epidermidis biofilm,PARTIAL,2026-02-16,2026-03-29,https://www.ebi.ac.uk/pride/archive/projects/PXD074516
PXD074668,3,5,Nitrate-responsive Sialin2 Couples Stress Granule Assembly and Clearance to Maintain Neuronal Homeostasis,PARTIAL,2026-02-20,2026-09-03,https://www.ebi.ac.uk/pride/archive/projects/PXD074668
PXD074746,3,8,Conformational dynamics of the membrane-anchored foldase LipH from Pseudomonas aeruginosa facilitates recognition and release  of the client lipase,PARTIAL,2026-02-23,2026-07-21,https://www.ebi.ac.uk/pride/archive/projects/PXD074746
PXD074890,3,4,UFMylation-Dependent Inhibition of AKT Signaling by PHLDA3 in Lung Adenocarcinoma,PARTIAL,2026-02-25,2026-04-08,https://www.ebi.ac.uk/pride/archive/projects/PXD074890
PXD075206,3,40,Rescoring approaches improve consensus in peptide identification across diverse search engines and datasets - timsTOF benchmark reanalysis,COMPLETE,2026-03-04,2026-09-11,https://www.ebi.ac.uk/pride/archive/projects/PXD075206
PXD075209,3,40,Rescoring approaches improve consensus in peptide identification across diverse search engines and datasets - Orbitrap benchmark reanalysis,COMPLETE,2026-03-04,2026-09-11,https://www.ebi.ac.uk/pride/archive/projects/PXD075209
PXD075274,3,4,Widespread Cytoskeletal Engagement of T. brucei KMP11,PARTIAL,2026-03-05,2026-08-17,https://www.ebi.ac.uk/pride/archive/projects/PXD075274
PXD075326,3,6,Monomethylation of cytosolic 5’-nucleotidase 1A (cN1A) and its role in inclusion body myositis autoantigenicity,PARTIAL,2026-03-06,2026-09-14,https://www.ebi.ac.uk/pride/archive/projects/PXD075326
PXD075344,3,13,"Unveiling potential natural promoters of calcium oxalate kidney stones in the urine via anion exchange chromatography, crystal assays, and proteomics",COMPLETE,2026-03-07,2026-09-14,https://www.ebi.ac.uk/pride/archive/projects/PXD075344
PXD075774,3,9,"Cupriavidus necator, an alternative source for isotopic enrichment of proteins expressed in insect cells for NMR",PARTIAL,2026-03-18,2026-03-26,https://www.ebi.ac.uk/pride/archive/projects/PXD075774
PXD075951,3,7,Sucrose-Activated TOR and phyA Signaling Alleviates Shade-Mediated Inhibition of Leaf Development in Arabidopsis,PARTIAL,2026-03-20,2026-03-21,https://www.ebi.ac.uk/pride/archive/projects/PXD075951
PXD076239,3,9,F-actin dynamics couples sphingolipid metabolism to epithelial barrier integrity in chronic colitis (proteomics),PARTIAL,2026-03-27,2026-04-01,https://www.ebi.ac.uk/pride/archive/projects/PXD076239
PXD076522,3,11,HDX-MS Analysis of VPS13C-dATG2C-3xFLAG-CaM +/- Calcium,PARTIAL,2026-04-02,2026-06-02,https://www.ebi.ac.uk/pride/archive/projects/PXD076522
PXD076592,3,7,Proteomic analysis of oleuropein effects in steroid-induced osteonecrosis of osteoblasts,PARTIAL,2026-04-03,2026-04-07,https://www.ebi.ac.uk/pride/archive/projects/PXD076592
PXD076594,3,12,A co-chaperone mimetic interacts with mycobacterial Glutamine Synthetase and disrupts cellular nitrogen metabolism,PARTIAL,2026-04-03,2026-09-14,https://www.ebi.ac.uk/pride/archive/projects/PXD076594
PXD076596,3,6,Proteomic analysis of primary human bronchial epithelial cells and extracellular vesicles secreted by polymicrobial culture.,PARTIAL,2026-04-04,2026-04-13,https://www.ebi.ac.uk/pride/archive/projects/PXD076596
PXD076608,3,8,Kinase inhibition rewires the HLA-I immunopeptidome in Chronic Myeloid Leukemia,PARTIAL,2026-04-04,2026-05-31,https://www.ebi.ac.uk/pride/archive/projects/PXD076608
PXD076609,3,6,Unveiling novel tumor-associated antigens to overcome diagnostic challenges in barely seroreactive colorectal cancer patients using mass spectrometry-based proteomics,PARTIAL,2026-04-04,2026-09-21,https://www.ebi.ac.uk/pride/archive/projects/PXD076609
PXD076672,3,6,Identification of copper-binding-induced polymeric protein complexes,PARTIAL,2026-04-07,2026-04-25,https://www.ebi.ac.uk/pride/archive/projects/PXD076672
PXD077338,3,6,Activity-based profiling of bacterial RNA-modifying enzymes reveals species-specific 5-methyluridine modification in Bacillus subtilis 23S rRNA,PARTIAL,2026-04-18,2026-09-11,https://www.ebi.ac.uk/pride/archive/projects/PXD077338
PXD077386,3,7,Amplifying Tumor Antigen Presentations from Intratumorally Entrapped Dendritic Cells.,PARTIAL,2026-04-20,2026-06-01,https://www.ebi.ac.uk/pride/archive/projects/PXD077386
PXD077491,3,6,Atg7–Atg12 conjugation and autophagy are negatively regulated by the disordered region of Atg12,PARTIAL,2026-04-22,2026-05-05,https://www.ebi.ac.uk/pride/archive/projects/PXD077491
PXD077619,3,8,Fc-optimized GITR antibody enhances a CD4 T cell-dendritic cell crosstalk to promote anti-tumor immunity,COMPLETE,2026-04-26,2026-05-13,https://www.ebi.ac.uk/pride/archive/projects/PXD077619
PXD077666,3,9,Proteomic analysis of PilQ complexes in Pseudomonas aeruginosa using TIMS-TOF mass spectrometry,PARTIAL,2026-04-27,2026-06-01,https://www.ebi.ac.uk/pride/archive/projects/PXD077666
PXD077803,3,8,Myxobacterial metallo-β-lactamases,PARTIAL,2026-04-29,2026-05-20,https://www.ebi.ac.uk/pride/archive/projects/PXD077803
PXD077817,3,15,TMT-based total protein and phosphopeptide quantification of mouse brain with human Tau insert,COMPLETE,2026-04-29,2026-08-18,https://www.ebi.ac.uk/pride/archive/projects/PXD077817
PXD077909,3,10,Paracrine Signals from HIV-1 Infected Immune Cells Reprogram Cervical Cancer Pathways,PARTIAL,2026-05-01,2026-05-05,https://www.ebi.ac.uk/pride/archive/projects/PXD077909
PXD078105,3,9,Functional and Structural Characterization of the Erythrina fusca Seed Lectin EFusL: A GalNAc-Binding Lectin with Specificity for Tumor-Associated O-Glycans,COMPLETE,2026-05-07,2026-09-05,https://www.ebi.ac.uk/pride/archive/projects/PXD078105
PXD078510,3,4,UFL1-Mediated UFMylation of ENO1 Restrains Aerobic Glycolysis and Colorectal Cancer Progression,PARTIAL,2026-05-18,2026-08-02,https://www.ebi.ac.uk/pride/archive/projects/PXD078510
PXD078621,3,18,XL-MS analysis of recombinant full-length human FHL2,PARTIAL,2026-05-20,2026-09-01,https://www.ebi.ac.uk/pride/archive/projects/PXD078621
PXD078770,3,5,Implementation of Non‑Isobaric TMT Analogues for Accurate Precursor‑Level Quantification by plexDIA,PARTIAL,2026-05-24,2026-09-07,https://www.ebi.ac.uk/pride/archive/projects/PXD078770
PXD078902,3,6,Identification of Plk1-PBD interacting proteins,PARTIAL,2026-05-27,2026-08-01,https://www.ebi.ac.uk/pride/archive/projects/PXD078902
PXD079247,3,8,Functional effects of CYP3A-CYP2E1 interactions and their role in activation of CYP3A enzymes by chronic alcohol exposure,PARTIAL,2026-06-04,2026-09-18,https://www.ebi.ac.uk/pride/archive/projects/PXD079247
PXD079562,3,9,Intensity of ion masses determined by intact LC-MS analysis and spectral deconvolution of the QatBCD complex.,PARTIAL,2026-06-11,2026-08-01,https://www.ebi.ac.uk/pride/archive/projects/PXD079562
PXD079571,3,7,Chromatogram of N-terminal peptides from chymotrypsin-digested QatB.,PARTIAL,2026-06-11,2026-08-01,https://www.ebi.ac.uk/pride/archive/projects/PXD079571
PXD080052,3,4,ADT proteins assemble as a complex in vivo,PARTIAL,2026-06-23,2026-06-25,https://www.ebi.ac.uk/pride/archive/projects/PXD080052
PXD080333,3,3,Discovery of peptide biomarkers in male Eupolyphaga sinensis Walker (Tubiechong) by dimethyl labeling-based quantitative peptidomics analysis,PARTIAL,2026-06-29,2026-09-07,https://www.ebi.ac.uk/pride/archive/projects/PXD080333
PXD080675,3,5,Dephosphorylation of astrocyte elevated gene-1 protein upregulates eIF4E expression to promote gastric cancer progression,PARTIAL,2026-07-07,2026-07-07,https://www.ebi.ac.uk/pride/archive/projects/PXD080675
PXD081924,3,50,The PP1 phosphatase complex coordinates pre-mRNA 3’end processing and termination of RNA polymerase II transcription,PARTIAL,2026-07-30,2026-07-31,https://www.ebi.ac.uk/pride/archive/projects/PXD081924
PXD082799,3,4,An improved capillary isoelectric focusing-mass spectrometry method for characterization of monoclonal antibody charge variants,PARTIAL,2026-08-19,2026-08-19,https://www.ebi.ac.uk/pride/archive/projects/PXD082799
PXD083733,3,16,Genome-informed extracellular metaproteomic datasets of natural seawater microbial communities exposed to amorphous and semi-crystalline polyhydroxyalkanoates,PARTIAL,2026-09-05,2026-09-06,https://www.ebi.ac.uk/pride/archive/projects/PXD083733
PXD083797,3,6,FUT3-associated proteomic profiling in T3M4 pancreatic cancer cells following FUT3 knockdown,PARTIAL,2026-09-07,2026-09-14,https://www.ebi.ac.uk/pride/archive/projects/PXD083797
PAD000034,4,4,"Advanced Proteomic Profiling DemonsAdvanced Proteomic Profiling Demonstrates Clinical Utility of Patient-Centric, at-Home Dried Blood Sample Collection trates Clinical Utility of Patient-Centric, at-Home Dried Blood Sample Collection",AFFINITY,2026-03-27,2026-06-14,https://www.ebi.ac.uk/pride/archive/projects/PAD000034
PAD000036,4,11,Multicohort analysis unveils axon guidance pathways linking small for gestational age to spirometric restriction.,AFFINITY,2026-04-01,2026-04-02,https://www.ebi.ac.uk/pride/archive/projects/PAD000036
PXD000027,4,16,maize leaf ESI-Q-TOF MS -  Comparative analysis of salt-responsive phosphoproteins in maize leaves using Ti(4+)--IMAC enrichment and ESI-Q-TOF MS,COMPLETE,2012-09-12,2012-12-14,https://www.ebi.ac.uk/pride/archive/projects/PXD000027
PXD000095,4,16,Determination of Phosphorylation Sites in the DivIVA Protein of Streptomyces coelicolor by Targeted LC-MS/MS,COMPLETE,2013-06-03,2013-08-05,https://www.ebi.ac.uk/pride/archive/projects/PXD000095
PXD000148,4,16,Quantitative proteomics profiling of protein kinase A substrates - Jurkat clone E6.1,PARTIAL,2013-02-15,2013-07-25,https://www.ebi.ac.uk/pride/archive/projects/PXD000148
PXD000189,4,8,Searching for Pseudomonas aeruginosa MagD partners,COMPLETE,2013-03-22,2013-08-09,https://www.ebi.ac.uk/pride/archive/projects/PXD000189
PXD000350,4,10,Sumoylated hnrnpa2b1 controls the sorting of miRNAs into two exosomes through binding to specific motifs,PARTIAL,2013-07-19,2014-04-16,https://www.ebi.ac.uk/pride/archive/projects/PXD000350
PXD000357,4,9,Identification of ERK1 direct substrates using stable isotope labeled kinase assay linked phosphoproteomics,PARTIAL,2013-07-22,2014-07-17,https://www.ebi.ac.uk/pride/archive/projects/PXD000357
PXD000425,4,14,MS identification of the Cry proteins in Bacillus thuringiensis CT-43,COMPLETE,2020-01-24,2020-01-24,https://www.ebi.ac.uk/pride/archive/projects/PXD000425
PXD000640,4,16,Analysis of the interactome of RPS19 mutants,PARTIAL,2014-04-07,2014-08-11,https://www.ebi.ac.uk/pride/archive/projects/PXD000640
PXD000660,4,16,"TAILS with Arabidopsis thaliana wilde typ, tic56-1and ppi2",PARTIAL,2013-12-19,2015-02-03,https://www.ebi.ac.uk/pride/archive/projects/PXD000660
PXD000701,4,17,Phosphoproteome of ecto-ATP synthase blockade in tumor xenograft tissues,COMPLETE,2014-01-21,2015-11-06,https://www.ebi.ac.uk/pride/archive/projects/PXD000701
PXD000775,4,8,Lactate racemase proteins MALDI TOF/TOF,PARTIAL,2014-02-24,2014-04-02,https://www.ebi.ac.uk/pride/archive/projects/PXD000775
PXD000927,4,13,Phosphoproteomic analysis of liver of Dicer knockout mice,PARTIAL,2014-04-24,2016-07-08,https://www.ebi.ac.uk/pride/archive/projects/PXD000927
PXD001032,4,12,SIK2 phosphorylation in response to glucagon or insulin in murine hepatocytes,PARTIAL,2014-06-04,2014-08-08,https://www.ebi.ac.uk/pride/archive/projects/PXD001032
PXD001038,4,12,Differentially embedded glioblastoma tumor protein quantitation,PARTIAL,2014-06-05,2014-07-09,https://www.ebi.ac.uk/pride/archive/projects/PXD001038
PXD001055,4,42,Biomarkers for cervical cancer. Verfification.,PARTIAL,2014-06-11,2014-10-06,https://www.ebi.ac.uk/pride/archive/projects/PXD001055
PXD001089,4,20,Interactors associated to Sas3-dependent NuA3 histone acetyltransferase complex,COMPLETE,2014-06-26,2014-11-10,https://www.ebi.ac.uk/pride/archive/projects/PXD001089
PXD001118,4,73,Histione HCD and CID datasets for evaluation of search engines,COMPLETE,2014-07-09,2014-09-01,https://www.ebi.ac.uk/pride/archive/projects/PXD001118
PXD001133,4,17,Proteome of Saccharomyces cerevisiae extracellular matrix,PARTIAL,2014-07-15,2015-11-30,https://www.ebi.ac.uk/pride/archive/projects/PXD001133
PXD001239,4,9,Yeast exosome: immunoprecipitation 2,PARTIAL,2014-08-15,2015-05-15,https://www.ebi.ac.uk/pride/archive/projects/PXD001239
PXD001305,4,6,Rapid and Deep Proteomes by Faster Sequencing on a Benchtop Quadrupole Ultra-High-Field Orbitrap Mass Spectrometer,PARTIAL,2014-09-11,2014-10-31,https://www.ebi.ac.uk/pride/archive/projects/PXD001305
PXD001351,4,20,Proteome profile of the endomembrane of developing coleoptiles from switchgrass,COMPLETE,2014-09-22,2015-03-12,https://www.ebi.ac.uk/pride/archive/projects/PXD001351
PXD001378,4,20,Characterization of LysargiNase peptide fragmentation,PARTIAL,2014-10-03,2014-12-16,https://www.ebi.ac.uk/pride/archive/projects/PXD001378
PXD001454,4,9,Investigation of human TFIID subcomplexes 7TAF and 8TAF by cross-linking mass spectrometry,PARTIAL,2014-10-31,2015-07-20,https://www.ebi.ac.uk/pride/archive/projects/PXD001454
PXD001523,4,48,Human “free-N-terminome” analysis,PARTIAL,2014-11-20,2015-06-02,https://www.ebi.ac.uk/pride/archive/projects/PXD001523
PXD001583,4,6,CoIP of Nrl1 from normal and irradiated fission yeast cells,PARTIAL,2014-12-08,2016-01-04,https://www.ebi.ac.uk/pride/archive/projects/PXD001583
PXD001644,4,16,Proteomic analysis of Bombus terrestris queen haemolymph,COMPLETE,2015-01-02,2015-02-24,https://www.ebi.ac.uk/pride/archive/projects/PXD001644
PXD001841,4,13,Phosphorylation of S.pombe Rap1 analysed by LC-MS/MS,PARTIAL,2015-02-24,2016-04-27,https://www.ebi.ac.uk/pride/archive/projects/PXD001841
PXD002030,4,6,Trypanosoma brucei extracellular vesicles,PARTIAL,2015-04-09,2016-01-27,https://www.ebi.ac.uk/pride/archive/projects/PXD002030
PXD002064,4,13,Sinorhizobium meliloti Ser/Thr/Tyr phosphoproteome,PARTIAL,2015-04-14,2015-10-05,https://www.ebi.ac.uk/pride/archive/projects/PXD002064
PXD002071,4,20,"Distinct Serum Proteome Profiles Associated with Collagen-induced Arthritis, and Complete Freund’s Adjuvant-induced Inflammation in CD38-/- mice: the Discriminative Power of Protein Species or Proteoforms. Spot 269_Spot 500",COMPLETE,2015-04-15,2015-07-17,https://www.ebi.ac.uk/pride/archive/projects/PXD002071
PXD002197,4,6,Ubiquitin S65 proteomics:  H2O2 whole cell lysate protein response,PARTIAL,2015-05-19,2015-07-07,https://www.ebi.ac.uk/pride/archive/projects/PXD002197
PXD002198,4,6,Ubiquitin S65 proteomics:  H2O2 phosphorylation response,PARTIAL,2015-05-19,2015-07-07,https://www.ebi.ac.uk/pride/archive/projects/PXD002198
PXD002199,4,5,Ubiquitin S65 proteomics:  H2O2 Histag affinity purification protein response,PARTIAL,2015-05-19,2015-07-07,https://www.ebi.ac.uk/pride/archive/projects/PXD002199
PXD002200,4,5,Ubiquitin S65 proteomics:  H2O2 ubiquitylation response,PARTIAL,2015-05-19,2015-07-07,https://www.ebi.ac.uk/pride/archive/projects/PXD002200
PXD002455,4,7,Calsequestrins in skeletal and cardiac muscle from adult Danio rerio.,PARTIAL,2015-09-08,2015-11-10,https://www.ebi.ac.uk/pride/archive/projects/PXD002455
PXD002515,4,6,Temporal analysis of phospho-proteome changes following Rho-kinase inhibition.,PARTIAL,2015-07-10,2016-01-18,https://www.ebi.ac.uk/pride/archive/projects/PXD002515
PXD002548,4,9,Inner membrane proteome of E. coli Min mutant,PARTIAL,2015-07-16,2016-02-23,https://www.ebi.ac.uk/pride/archive/projects/PXD002548
PXD002573,4,24,Translational regulation via ribosome modification,COMPLETE,2015-07-21,2016-02-17,https://www.ebi.ac.uk/pride/archive/projects/PXD002573
PXD002592,4,20,"Western black widow major ampullate silk gland and silk fiber LC-MSMS, Part 1",COMPLETE,2015-07-23,2015-08-25,https://www.ebi.ac.uk/pride/archive/projects/PXD002592
PXD002739,4,7,Acetylome  analyses in the germinating rice seed,PARTIAL,2015-08-17,2016-01-26,https://www.ebi.ac.uk/pride/archive/projects/PXD002739
PXD002831,4,8,Systems-level organisation of yeast methylotrophic lifestyle - organelle preparation,PARTIAL,2015-09-01,2015-10-01,https://www.ebi.ac.uk/pride/archive/projects/PXD002831
PXD002894,4,6,Phosphoproteome analysis,PARTIAL,2015-09-11,2022-04-13,https://www.ebi.ac.uk/pride/archive/projects/PXD002894
PXD002944,4,20,Proteome analysis of testis from infertile protein C inhibitor deficient mice reveals predominant changes in serpin processing and prostaglandin metabolism,COMPLETE,2015-09-21,2015-12-07,https://www.ebi.ac.uk/pride/archive/projects/PXD002944
PXD002996,4,5,Identification of syntrophic acetate-oxidizing bacteria in anaerobic digesters,PARTIAL,2015-10-01,2016-05-11,https://www.ebi.ac.uk/pride/archive/projects/PXD002996
PXD003056,4,5,SWATH-MS analysis of nuclear and cytoplasmic fractions of rat Sertoli cells,PARTIAL,2015-10-15,2017-01-18,https://www.ebi.ac.uk/pride/archive/projects/PXD003056
PXD003066,4,84,In-depth Analysis of Protein Inference Algorithms using a Workflow Framework and Well-Defined Metrics - yeast Swiss-Prot (equal to proteome) analysis,PARTIAL,2016-04-13,2016-08-10,https://www.ebi.ac.uk/pride/archive/projects/PXD003066
PXD003067,4,84,In-depth Analysis of Protein Inference Algorithms using a Workflow Framework and Well-Defined Metrics - yeast UniProt proteome with isoforms analysis,PARTIAL,2016-04-13,2016-08-10,https://www.ebi.ac.uk/pride/archive/projects/PXD003067
PXD003076,4,6,Identification of Pseudomanas fluorescens Fic auto-AMPylation site,PARTIAL,2015-10-19,2016-02-01,https://www.ebi.ac.uk/pride/archive/projects/PXD003076
PXD003077,4,6,Identification of Fic substrates in bacteria,PARTIAL,2015-10-19,2016-02-01,https://www.ebi.ac.uk/pride/archive/projects/PXD003077
PXD003085,4,22,Selection of reference peptides for absolute quantification of budding yeast proteome,PARTIAL,2015-10-20,2016-10-06,https://www.ebi.ac.uk/pride/archive/projects/PXD003085
PXD003133,4,8,HEK293 Quality Control example dataset,PARTIAL,2015-11-02,2015-11-02,https://www.ebi.ac.uk/pride/archive/projects/PXD003133
PXD003134,4,8,HEK293 Quality Control example dataset - contamination test,PARTIAL,2015-11-03,2015-11-04,https://www.ebi.ac.uk/pride/archive/projects/PXD003134
PXD003161,4,7,Protein Lysine Acetylation of Seedling Leaf in Brachypodium distachyon L.,PARTIAL,2015-11-09,2018-10-25,https://www.ebi.ac.uk/pride/archive/projects/PXD003161
PXD003182,4,20,Serpinb1 as a novel beta cell growth factor,COMPLETE,2015-11-12,2016-01-21,https://www.ebi.ac.uk/pride/archive/projects/PXD003182
PXD003293,4,7,Quantitative proteomics of epithelial mesenchymal transition of human primary small airway epithelial cells: part 1,PARTIAL,2015-12-07,2018-10-25,https://www.ebi.ac.uk/pride/archive/projects/PXD003293
PXD003310,4,9,NHE9 interactome(HEK293) -  Effect of disease-associated SLC9A9 mutations on protein-protein interaction networks: implications for molecular mechanisms for ADHD and autism,PARTIAL,2015-12-09,2019-09-09,https://www.ebi.ac.uk/pride/archive/projects/PXD003310
PXD003363,4,8,Quantification of sulfenic acid modifications in an atherosclerotic model-2,PARTIAL,2015-12-17,2016-10-10,https://www.ebi.ac.uk/pride/archive/projects/PXD003363
PXD003365,4,8,Quantification of sulfenic acid modifications in an atherosclerotic model,PARTIAL,2015-12-17,2016-10-10,https://www.ebi.ac.uk/pride/archive/projects/PXD003365
PXD003466,4,20,Identification of proteins stably associated with G9a/GLP (EHMT2/EHMT1) complex of histone methyltransferases,COMPLETE,2016-01-15,2016-03-16,https://www.ebi.ac.uk/pride/archive/projects/PXD003466
PXD003502,4,11,Cross-linking mass spectrometric analysis of Ska-MT interactions,PARTIAL,2016-01-21,2016-01-28,https://www.ebi.ac.uk/pride/archive/projects/PXD003502
PXD003538,4,16,Identification of proteins interacting with cytoplasmic high-mobility group box 1 (HMGB1) during the hepatocellular response to ischemia reperfusion injury,COMPLETE,2016-01-27,2017-03-10,https://www.ebi.ac.uk/pride/archive/projects/PXD003538
PXD003544,4,6,Quantitative phosphoproteomic analysis reveals reciprocal activation of receptor tyrosine kinases between cancer epithelial cells and their interacting stromal fibroblast cells,PARTIAL,2016-01-29,2018-10-26,https://www.ebi.ac.uk/pride/archive/projects/PXD003544
PXD003645,4,6,Flagellin (FliC) phosphorylation affects Type 2 protease secretion and biofilm dispersal in Pseudomonas aeruginosa PAO1,PARTIAL,2016-02-16,2022-03-02,https://www.ebi.ac.uk/pride/archive/projects/PXD003645
PXD003691,4,9,Human oocyte proteome and secretome,PARTIAL,2016-02-25,2016-05-26,https://www.ebi.ac.uk/pride/archive/projects/PXD003691
PXD003772,4,13,Characterisation of the protein cargo of murine plasma microparticles released during experimental cerebral malaria,PARTIAL,2016-03-11,2016-12-13,https://www.ebi.ac.uk/pride/archive/projects/PXD003772
PXD003865,4,5,mouse stem cell SWATH-MS,PARTIAL,2016-03-29,2022-02-22,https://www.ebi.ac.uk/pride/archive/projects/PXD003865
PXD003910,4,9,Proteomes of Noumeavirus and Melbournevirus particles,PARTIAL,2016-04-05,2017-02-09,https://www.ebi.ac.uk/pride/archive/projects/PXD003910
PXD003915,4,9,Analysis of HER2 genomic binding in breast cancer cells identifies a global role in direct gene regulation,PARTIAL,2016-04-06,2020-05-26,https://www.ebi.ac.uk/pride/archive/projects/PXD003915
PXD003944,4,6,A luciferase-fragment complementation assay to detect lipid droplet-associated protein-protein interactions,PARTIAL,2016-04-12,2016-12-22,https://www.ebi.ac.uk/pride/archive/projects/PXD003944
PXD003966,4,20,"Eicosadomics, proteomics and metabolomics of inflammatory stimulated human fibroblasts reveals specific functions related to chronic inflammation - cytoplasmic proteins of dexamethasone-treated inflammatory stimulated cells",COMPLETE,2016-04-14,2017-02-22,https://www.ebi.ac.uk/pride/archive/projects/PXD003966
PXD003967,4,20,"Eicosadomics, proteomics and metabolomics of inflammatory stimulated human fibroblasts reveals specific functions related to chronic inflammation - nuclear proteins of dexamethasone-treated inflammatory stimulated cells",COMPLETE,2016-04-14,2017-02-22,https://www.ebi.ac.uk/pride/archive/projects/PXD003967
PXD003983,4,9,Hemi-methylated DNA regulates DNA methylation inheritance through allosteric control of H3 ubiquitylation by UHRF1,PARTIAL,2016-04-18,2016-08-25,https://www.ebi.ac.uk/pride/archive/projects/PXD003983
PXD004003,4,6,Determination of the interactome of Non-Structural Protein12 from Highly Pathogenic Porcine Reproductive and Respiratory Syndrome Virus with Host Cellular Proteins UsingHigh Throughput Proteomics and Identification of Hsp70 as a Critical Cellular Factor for Virus Biology,PARTIAL,2016-04-19,2016-06-27,https://www.ebi.ac.uk/pride/archive/projects/PXD004003
PXD004004,4,8,BH4-deficiency induced changes in NO-redox balance reveals a novel role for BH4 in the mitochondria,COMPLETE,2016-04-19,2018-07-16,https://www.ebi.ac.uk/pride/archive/projects/PXD004004
PXD004018,4,13,Surface Proteomics of Plasmodium yoelii Salivary Gland Sporozoites,PARTIAL,2016-04-20,2016-12-01,https://www.ebi.ac.uk/pride/archive/projects/PXD004018
PXD004020,4,48,Molecular signatures of membrane protein complexes underlying muscular dystrophy,PARTIAL,2016-04-20,2016-04-22,https://www.ebi.ac.uk/pride/archive/projects/PXD004020
PXD004059,4,20,Mass spectrometry insights into a tandem ubiquitin‐binding domain hybrid engineered for the selective recognition of unanchored polyubiquitin,COMPLETE,2016-04-26,2016-05-18,https://www.ebi.ac.uk/pride/archive/projects/PXD004059
PXD004086,4,8,Characterization of the PAK4 interactome by quantitative mass spectrometry,PARTIAL,2016-05-02,2018-10-27,https://www.ebi.ac.uk/pride/archive/projects/PXD004086
PXD004122,4,10,Identification of Potential Protein Biomarkers for Early Detection of Pregnancy in Cow Urine uses 2D DIGE and Label Free quantitation,PARTIAL,2016-05-10,2018-10-26,https://www.ebi.ac.uk/pride/archive/projects/PXD004122
PXD004143,4,11,Allele-Specific Protein Abundance in Human Brain,PARTIAL,2016-05-13,2017-07-31,https://www.ebi.ac.uk/pride/archive/projects/PXD004143
PXD004289,4,9,Site-specific glycosylation of donkey milk lactoferrin investigated  by High Resolution Mass Spectrometry,PARTIAL,2016-06-08,2016-08-25,https://www.ebi.ac.uk/pride/archive/projects/PXD004289
PXD004399,4,16,"earthworm tissue, mass-spectrometry imaging",PARTIAL,2016-06-21,2022-03-01,https://www.ebi.ac.uk/pride/archive/projects/PXD004399
PXD004473,4,16,The influence of sporulation medium on the spore coat protein composition of Bacillus subtilis spores.,PARTIAL,2016-06-30,2017-09-20,https://www.ebi.ac.uk/pride/archive/projects/PXD004473
PXD004514,4,15,S-Sulfenylation regulates non-enzymatic oxidative protein folding,PARTIAL,2016-07-05,2016-12-23,https://www.ebi.ac.uk/pride/archive/projects/PXD004514
PXD004542,4,8,Neonatal Overfeeding and Transgenerational Inheritance of Obesity and alterations in Sperm Proteome,PARTIAL,2016-07-11,2022-02-24,https://www.ebi.ac.uk/pride/archive/projects/PXD004542
PXD004557,4,13,HCOV-NL63 spike protein glycopeptides,PARTIAL,2016-08-01,2016-09-27,https://www.ebi.ac.uk/pride/archive/projects/PXD004557
PXD004562,4,10,Temporal Analysis of Cell Protein Ubiquitination during Epstein-Barr Virus Reactivation by BCR Cross-linking,PARTIAL,2017-02-02,2017-02-02,https://www.ebi.ac.uk/pride/archive/projects/PXD004562
PXD004595,4,13,PGRMC1 is a novel potential tumor biomarker of human renal cell carcinoma based on quantitative proteomics and integrative biological assessments,PARTIAL,2016-07-19,2017-01-24,https://www.ebi.ac.uk/pride/archive/projects/PXD004595
PXD004630,4,9,ON-TISSUE DIRECT MONITORING OF GLOBAL HYDROGEN/DEUTERIUM EXCHANGE BY MALDI MASS SPECTROMETRY: TDXMS,PARTIAL,2016-07-21,2016-08-15,https://www.ebi.ac.uk/pride/archive/projects/PXD004630
PXD004703,4,14,Elongation factors E. coli -  Site-Specific Cleavage of Ribosomal RNA in Escherichia coli-Based Cell-Free Protein Synthesis Systems,COMPLETE,2016-08-02,2017-01-02,https://www.ebi.ac.uk/pride/archive/projects/PXD004703
PXD004749,4,14,Cross-Linked/Mass-spectrometry analysis of RNA-Polimerase II,PARTIAL,2016-08-10,2017-03-09,https://www.ebi.ac.uk/pride/archive/projects/PXD004749
PXD004800,4,12,Analysis of the yeast peptidome and comparison with the human peptidome,PARTIAL,2016-08-15,2020-06-02,https://www.ebi.ac.uk/pride/archive/projects/PXD004800
PXD004882,4,9,Greatwall kinase regulates SAC by controlling phosphorylation and activity of MPS1,PARTIAL,2016-08-22,2018-10-26,https://www.ebi.ac.uk/pride/archive/projects/PXD004882
PXD004933,4,6,Analysis of FAM65A interactions,PARTIAL,2016-09-12,2016-11-01,https://www.ebi.ac.uk/pride/archive/projects/PXD004933
PXD004991,4,6,Analysis of oak stem lesions in Acute Oak Decline using shotgun proteomics,PARTIAL,2016-09-22,2018-02-07,https://www.ebi.ac.uk/pride/archive/projects/PXD004991
PXD004997,4,6,"Draft genome of the honey bee ectoparasitic mite, Tropilaelaps mercedesae, is shaped by the parasitic life history",PARTIAL,2016-09-19,2017-01-02,https://www.ebi.ac.uk/pride/archive/projects/PXD004997
PXD005008,4,12,Negative regulation of Type I IFN signaling by phosphorylation of STAT2 on T387,PARTIAL,2016-10-11,2018-10-26,https://www.ebi.ac.uk/pride/archive/projects/PXD005008
PXD005031,4,7,A quantitative map of proteome dynamics during neuronal differentiation,PARTIAL,2016-09-26,2017-01-17,https://www.ebi.ac.uk/pride/archive/projects/PXD005031
PXD005048,4,10,"Proteomic characterization of exosomes derived from malaria-infected reticulocytes, in a murine malaria model",PARTIAL,2016-09-28,2018-10-26,https://www.ebi.ac.uk/pride/archive/projects/PXD005048
PXD005059,4,6,QuaNCAT analysis comparing proteins synthesized in neurites and soma in ASCL1-iNeurons,PARTIAL,2016-09-29,2018-10-17,https://www.ebi.ac.uk/pride/archive/projects/PXD005059
PXD005111,4,6,Proteome analysis of Jurkat cells for spectral library,PARTIAL,2016-10-07,2019-02-25,https://www.ebi.ac.uk/pride/archive/projects/PXD005111
PXD005140,4,5,Human podocyte cell culture degradomics,PARTIAL,2016-10-13,2017-07-20,https://www.ebi.ac.uk/pride/archive/projects/PXD005140
PXD005188,4,5,"DDX54 regulates transcriptome dynamics during DNA damage response, whole proteome",PARTIAL,2016-10-19,2017-06-12,https://www.ebi.ac.uk/pride/archive/projects/PXD005188
PXD005196,4,22,"Characterisation of urinary WFDC12 in nocturnal basal primates, mouse lemurs (Microcebus spp.), C4PR_LIV",COMPLETE,2016-10-20,2017-02-13,https://www.ebi.ac.uk/pride/archive/projects/PXD005196
PXD005206,4,40,Stop trashing your spectra! Use a “Quantify then Identify” pipeline based on machine learning to maximize your isobaric tagging data,PARTIAL,2016-10-24,2018-05-01,https://www.ebi.ac.uk/pride/archive/projects/PXD005206
PXD005255,4,12,Bacteroides fragilis outer membrane vesicles,COMPLETE,2016-11-02,2017-11-13,https://www.ebi.ac.uk/pride/archive/projects/PXD005255
PXD005377,4,20,"Targeting the Scaffold Protein Plectin by an Organometallic as a Strategy to Inhibit Tumour Invasiveness- whole cell lysate of HCT 116 epithelial cells, plestatins-3 normal pull down 2h",COMPLETE,2016-11-17,2022-03-01,https://www.ebi.ac.uk/pride/archive/projects/PXD005377
PXD005378,4,20,"Targeting the Scaffold Protein Plectin by an Organometallic as a Strategy to Inhibit Tumour Invasiveness- whole cell lysate of HCT 116 epithelial cells, plestatins-3 competitive pull down 2h",COMPLETE,2016-11-17,2022-03-01,https://www.ebi.ac.uk/pride/archive/projects/PXD005378
PXD005386,4,20,"Targeting the Scaffold Protein Plectin by an Organometallic as a Strategy to Inhibit Tumour Invasiveness- whole cell lysate of HCT 116 epithelial cells, plestatins-3 competitive pull down 4h",COMPLETE,2016-11-17,2022-03-01,https://www.ebi.ac.uk/pride/archive/projects/PXD005386
PXD005387,4,20,"Targeting the Scaffold Protein Plectin by an Organometallic as a Strategy to Inhibit Tumour Invasiveness- whole cell lysate of HCT 116 epithelial cells, plestatins-3 normal pull down 19h",COMPLETE,2016-11-17,2022-03-01,https://www.ebi.ac.uk/pride/archive/projects/PXD005387
PXD005388,4,20,"Targeting the Scaffold Protein Plectin by an Organometallic as a Strategy to Inhibit Tumour Invasiveness- whole cell lysate of HCT 116 epithelial cells, plestatins-3 competitive pull down 19h",COMPLETE,2016-11-17,2022-03-01,https://www.ebi.ac.uk/pride/archive/projects/PXD005388
PXD005389,4,20,"Targeting the Scaffold Protein Plectin by an Organometallic as a Strategy to Inhibit Tumour Invasiveness- whole cell lysate of HCT 116 epithelial cells, plestatins-3 normal pull down 4h",COMPLETE,2016-11-17,2017-06-02,https://www.ebi.ac.uk/pride/archive/projects/PXD005389
PXD005449,4,8,Mouse ameloblasts Bcl9 interactors,PARTIAL,2016-11-28,2017-02-13,https://www.ebi.ac.uk/pride/archive/projects/PXD005449
PXD005586,4,36,Characterization of the proteome of Theobroma cacao beans by nanoUHPLC-ESI MS/MS,PARTIAL,2016-12-16,2018-01-04,https://www.ebi.ac.uk/pride/archive/projects/PXD005586
PXD005600,4,10,"Identification of new Stn7/Stn8 kinase targets reveals crosstalk between electron transport, carbohydrate metabolism and gene expression",PARTIAL,2016-12-20,2019-07-17,https://www.ebi.ac.uk/pride/archive/projects/PXD005600
PXD005654,4,28,"MS Western, a Method of Multiplexed Absolute Protein Quantification is a Practical Alternative to Western Blotting",COMPLETE,2017-01-04,2017-12-18,https://www.ebi.ac.uk/pride/archive/projects/PXD005654
PXD005660,4,6,The interactome of  multiprotein bridging factor 1 in Beauveria bassiana,PARTIAL,2017-01-06,2017-09-11,https://www.ebi.ac.uk/pride/archive/projects/PXD005660
PXD005765,4,25,HLA-E Presents Glycopeptides from the Mtb Protein MPT32 to Human CD8 T Cells,COMPLETE,2017-01-23,2018-10-26,https://www.ebi.ac.uk/pride/archive/projects/PXD005765
PXD005863,4,8,Identification of TH2B partners,COMPLETE,2017-02-07,2017-04-24,https://www.ebi.ac.uk/pride/archive/projects/PXD005863
PXD005881,4,5,Acinetobacter nosocomialis type I secretome,PARTIAL,2017-02-08,2017-04-05,https://www.ebi.ac.uk/pride/archive/projects/PXD005881
PXD005893,4,20,Shotgun Proteomic Analysis of Proteins Present in Mosquito Ovaries at 24 and 72 h After a Blood Meal,COMPLETE,2017-02-09,2022-03-26,https://www.ebi.ac.uk/pride/archive/projects/PXD005893
PXD005896,4,7,SIRT4 Is a Lysine Deacylase that Controls Leucine Metabolism and Insulin Secretion,PARTIAL,2017-02-09,2017-04-05,https://www.ebi.ac.uk/pride/archive/projects/PXD005896
PXD006254,4,12,Phosphorylation of OSBL8 protein in interphase vs mitotic human cells,PARTIAL,2017-07-03,2017-07-03,https://www.ebi.ac.uk/pride/archive/projects/PXD006254
PXD006361,4,8,Proteomics Reveal Global Regulation of Protein SUMOylation by ATM and ATR Kinases during Replication Stress,PARTIAL,2017-04-24,2017-10-09,https://www.ebi.ac.uk/pride/archive/projects/PXD006361
PXD006403,4,9,"Glycopeptides from recombinant EBV gH, gL and gp42 with EThcD",PARTIAL,2017-04-28,2018-04-10,https://www.ebi.ac.uk/pride/archive/projects/PXD006403
PXD006423,4,8,Target identification of PAB,PARTIAL,2017-05-02,2022-02-28,https://www.ebi.ac.uk/pride/archive/projects/PXD006423
PXD006459,4,6,Human lamin B1: stress-induced phosphorylation,PARTIAL,2017-05-08,2017-05-30,https://www.ebi.ac.uk/pride/archive/projects/PXD006459
PXD006509,4,8,PROTEOMIC ALTERATIONS IN COLON ADENOCARCINOMA TISSUE LYSATES,PARTIAL,2017-05-12,2018-03-28,https://www.ebi.ac.uk/pride/archive/projects/PXD006509
PXD006534,4,10,HLA-DRB1*15:01 and HLA-DRB5*01:01 peptidomes,PARTIAL,2017-05-17,2017-10-10,https://www.ebi.ac.uk/pride/archive/projects/PXD006534
PXD006612,4,7,Proteomic Analyses of Cysteine Redox in High-fat-fed and Fasted Mouse Livers: Implications for Liver Metabolic Homeostasis,PARTIAL,2017-05-29,2022-03-03,https://www.ebi.ac.uk/pride/archive/projects/PXD006612
PXD006648,4,10,Modulation of proteostasis counteracts oxidative stress and affects DNA base excision repair capacity in ATM-deficient cells,PARTIAL,2017-06-02,2017-09-04,https://www.ebi.ac.uk/pride/archive/projects/PXD006648
PXD006653,4,8,Shift of EMT gradient in 3D spheroid MSCs for activation of mesenchymal niche function,PARTIAL,2017-06-05,2018-06-25,https://www.ebi.ac.uk/pride/archive/projects/PXD006653
PXD006714,4,5,"Quantitative analysis of acetylome reveals the roles of Rpd3 and Sir2 in asexual development, virulence and multiple stress responses in Beauveria bassiana.",PARTIAL,2017-06-14,2021-08-12,https://www.ebi.ac.uk/pride/archive/projects/PXD006714
PXD006751,4,6,An apoplastic peptide activates salicylic acid signaling in Zea mays,PARTIAL,2017-06-20,2019-02-15,https://www.ebi.ac.uk/pride/archive/projects/PXD006751
PXD006809,4,8,"Phosphoproteomics analysis identifies novel candidate substrates of the non-receptor tyrosine kinase, SRMS",PARTIAL,2017-06-27,2018-03-08,https://www.ebi.ac.uk/pride/archive/projects/PXD006809
PXD006813,4,6,Bladder Tumours O-Glycoproteomics,PARTIAL,2017-06-27,2017-08-17,https://www.ebi.ac.uk/pride/archive/projects/PXD006813
PXD007253,4,7,SILAC proteomics analysis to assess differences in protein expression upon BRCA2 inactivation,PARTIAL,2018-07-12,2018-12-19,https://www.ebi.ac.uk/pride/archive/projects/PXD007253
PXD007289,4,20,Acetylome of Acinetobacter baumannii SK17 reveals a highly-conserved modification of histone-like protein HU,COMPLETE,2017-08-17,2018-10-24,https://www.ebi.ac.uk/pride/archive/projects/PXD007289
PXD007564,4,17,Plasmodium falciparum PHIL1 LC-MS/MS,PARTIAL,2017-09-28,2017-09-28,https://www.ebi.ac.uk/pride/archive/projects/PXD007564
PXD007591,4,7,Proteomic characterization of human exhaled breath condensate,PARTIAL,2017-08-29,2017-12-06,https://www.ebi.ac.uk/pride/archive/projects/PXD007591
PXD007722,4,20,Succinylome analysis of pCAR1-free and pCAR1-harbouring Pseudomonas putida KT2440 (2).,PARTIAL,2017-09-12,2018-11-21,https://www.ebi.ac.uk/pride/archive/projects/PXD007722
PXD007752,4,8,Identification of the covalent binding site of Ibrutinib and 5Z-7-Oxozeaenol to ZAK,PARTIAL,2017-09-26,2017-10-13,https://www.ebi.ac.uk/pride/archive/projects/PXD007752
PXD007753,4,12,Trapping carbon dioxide on Arabidopsis proteome,PARTIAL,2017-09-18,2018-10-23,https://www.ebi.ac.uk/pride/archive/projects/PXD007753
PXD007757,4,5,Lysine Acetylation in Mouse Testis,PARTIAL,2017-09-18,2022-03-02,https://www.ebi.ac.uk/pride/archive/projects/PXD007757
PXD007867,4,8,Characterisation of HMGB1 interactome in PNT2 prostate cells,PARTIAL,2017-09-28,2018-05-07,https://www.ebi.ac.uk/pride/archive/projects/PXD007867
PXD007953,4,20,LC-MS of extracellular vesicles from Staphylococcus aureus USA300 JE2 and its agrspa double mutant strain,PARTIAL,2017-10-12,2018-10-23,https://www.ebi.ac.uk/pride/archive/projects/PXD007953
PXD007978,4,8,Isolation of PfPuf3 protein complex and mass spectrometry (MS) analysis,PARTIAL,2018-01-26,2018-03-12,https://www.ebi.ac.uk/pride/archive/projects/PXD007978
PXD007981,4,9,"Inhibiting sphingolipid synthesis improves outcomes and survival in GARP-mutant wobbler mouse, an ALS model",PARTIAL,2017-10-17,2022-02-15,https://www.ebi.ac.uk/pride/archive/projects/PXD007981
PXD008025,4,16,Evasin RHIPU-P672 characterization,COMPLETE,2017-10-23,2018-03-01,https://www.ebi.ac.uk/pride/archive/projects/PXD008025
PXD008122,4,6,Structural insights into the assembly and polyA signal recognition mechanism of the human CPSF complex,PARTIAL,2017-11-03,2017-12-18,https://www.ebi.ac.uk/pride/archive/projects/PXD008122
PXD008150,4,20,Cell shape information is transduced through tension-independent mechanisms,COMPLETE,2017-11-07,2018-07-26,https://www.ebi.ac.uk/pride/archive/projects/PXD008150
PXD008164,4,7,Use of a Photo-crosslinkable Diaminoquinazoline Inhibitor for Target Identification in Plasmodium Falciparum,PARTIAL,2017-11-08,2018-02-16,https://www.ebi.ac.uk/pride/archive/projects/PXD008164
PXD008175,4,6,The effect of Scp160p on polyQ-mediated protein aggregation,PARTIAL,2017-11-09,2018-07-03,https://www.ebi.ac.uk/pride/archive/projects/PXD008175
PXD008208,4,5,Plasmodium falciparum MSRP6-C-terminal domain (cd) interactome vs Maurer’s Cleft proteome and host cytosolic proteome using quantitative BioID,PARTIAL,2017-11-15,2022-03-21,https://www.ebi.ac.uk/pride/archive/projects/PXD008208
PXD008215,4,15,Aurora B kinase disrupts the extended conformation of lattice-bound Kinesin-13 MCAK,PARTIAL,2017-11-15,2019-01-07,https://www.ebi.ac.uk/pride/archive/projects/PXD008215
PXD008285,4,6,Dynamic Yin-Yang regulation network of O-GlcNAcylation and phosphorylation mediates vernalization response for flowering in winter wheat,PARTIAL,2017-11-24,2020-12-18,https://www.ebi.ac.uk/pride/archive/projects/PXD008285
PXD008535,4,11,MaxQuant Label Free Quantification wrapped as a Software Service,PARTIAL,2017-12-21,2022-09-23,https://www.ebi.ac.uk/pride/archive/projects/PXD008535
PXD008623,4,7,Comparative proteomic analysis revealed complex responses to classical/novel duck reovirus infections in Cairna moschata,PARTIAL,2018-01-09,2018-10-22,https://www.ebi.ac.uk/pride/archive/projects/PXD008623
PXD008690,4,16,Monoclonal antibody LC-MS/MS -  Precision de novo peptide sequencing using mirror proteases of Ac-LysargiNase and trypsin for large-scale proteomics,PARTIAL,2018-01-16,2019-01-11,https://www.ebi.ac.uk/pride/archive/projects/PXD008690
PXD008842,4,6,Endoplasmic reticulum di-glycine modified proteome under p97/VCP inhibition,PARTIAL,2018-02-02,2018-03-12,https://www.ebi.ac.uk/pride/archive/projects/PXD008842
PXD008855,4,23,Proteoglycan sequencing -  Deep sequencing of complex proteoglycans: a novel strategy for high coverage and site-specific identification of glycosaminoglycan-linked peptides,COMPLETE,2018-02-05,2018-05-22,https://www.ebi.ac.uk/pride/archive/projects/PXD008855
PXD008892,4,12,Biochemical Pathways Triggered by Antipsychotics in Human Oligodendrocytes: Potential of Discovering New Treatment Targets,PARTIAL,2018-11-28,2019-11-12,https://www.ebi.ac.uk/pride/archive/projects/PXD008892
PXD008965,4,20,KMT9 writes the histone mark H4K12me1 and controls metabolism and proliferation of castration-resistant prostate cancer cells,PARTIAL,2018-02-15,2019-03-11,https://www.ebi.ac.uk/pride/archive/projects/PXD008965
PXD008982,4,13,"Effects of Experimental Terrestrialization on the Skin Mucus Proteome of African Lungfish (Protopterus dolloi), part 2",PARTIAL,2018-02-19,2018-10-19,https://www.ebi.ac.uk/pride/archive/projects/PXD008982
PXD009010,4,12,Identification of the proteins secreted by normal and cirrhotic LSECs,PARTIAL,2018-02-22,2018-11-06,https://www.ebi.ac.uk/pride/archive/projects/PXD009010
PXD009026,4,6,DNA mismatch repair activity of MutLalpha is regulated by CK2-dependent phosphorylation of MLH1,PARTIAL,2018-02-23,2018-08-29,https://www.ebi.ac.uk/pride/archive/projects/PXD009026
PXD009091,4,5,"Histone lysine acetylation, butyrylation, and crotonylation dynamics and functional interplay in rice under starvation and submergence",PARTIAL,2018-03-02,2018-09-06,https://www.ebi.ac.uk/pride/archive/projects/PXD009091
PXD009153,4,24,PROPEP3-VENUS -  The plant cell wall integrity maintenance and immune signaling systems cooperate to control stress responses in Arabidopsis thaliana,PARTIAL,2018-03-09,2018-07-03,https://www.ebi.ac.uk/pride/archive/projects/PXD009153
PXD009264,4,9,Chromatin-associated proteome S. cerevisiae,PARTIAL,2018-03-20,2019-07-17,https://www.ebi.ac.uk/pride/archive/projects/PXD009264
PXD009267,4,6,RPL12 phosphorylation regulates translation during mitosis - pSILAC HEK293 -,PARTIAL,2018-03-20,2018-09-03,https://www.ebi.ac.uk/pride/archive/projects/PXD009267
PXD009281,4,9,H4K20me2 SILAC Nucleosome Affinity Purification,PARTIAL,2018-03-21,2019-02-27,https://www.ebi.ac.uk/pride/archive/projects/PXD009281
PXD009375,4,6,Direct visualization of ERAD nanocompartments within the cell,PARTIAL,2018-04-03,2020-05-26,https://www.ebi.ac.uk/pride/archive/projects/PXD009375
PXD009421,4,8,"Abscisic acid-induced degradation of Arabidopsis guanine nucleotide exchange factor requires calcium-dependent protein kinases, part 1",PARTIAL,2018-04-06,2019-11-12,https://www.ebi.ac.uk/pride/archive/projects/PXD009421
PXD009622,4,12,Quantitative Proteomics Reveals Antibiotics Resistance Function of Outer Membrane Proteins in Aeromonas hydrophila,COMPLETE,2018-04-27,2018-11-23,https://www.ebi.ac.uk/pride/archive/projects/PXD009622
PXD009677,4,13,A TFEB nuclear export signal integrates amino acid supply  and glucose availability,PARTIAL,2018-05-04,2018-10-18,https://www.ebi.ac.uk/pride/archive/projects/PXD009677
PXD009702,4,10,The proteomics analyses of different silkworm tissues (middle silk gland and ovary),PARTIAL,2018-05-07,2019-07-01,https://www.ebi.ac.uk/pride/archive/projects/PXD009702
PXD009731,4,6,O-GlcNAc pattern of sOGT regulates its substrate selectivity and function,PARTIAL,2018-05-09,2019-09-16,https://www.ebi.ac.uk/pride/archive/projects/PXD009731
PXD009732,4,8,Native mass spectrometry of ClpB,PARTIAL,2018-05-09,2018-10-18,https://www.ebi.ac.uk/pride/archive/projects/PXD009732
PXD009748,4,7,Proximity labeling and identification of the proteins that interact with Siglec-14 on THP-1 cells,PARTIAL,2018-05-11,2018-11-04,https://www.ebi.ac.uk/pride/archive/projects/PXD009748
PXD009753,4,14,LC-MSMS of the 10H080 MHC class I immunopeptidome by mild acid elution,COMPLETE,2018-05-11,2018-10-22,https://www.ebi.ac.uk/pride/archive/projects/PXD009753
PXD009808,4,10,Raw N-glycan MALDI mass spectrometry imaging data on formalin-fixed mouse kidney,PARTIAL,2018-05-17,2018-11-02,https://www.ebi.ac.uk/pride/archive/projects/PXD009808
PXD009857,4,6,RPK1 phosphorylation and cell death,PARTIAL,2018-05-22,2019-04-02,https://www.ebi.ac.uk/pride/archive/projects/PXD009857
PXD009897,4,8,IKK Promotes Cytokine-Induced and Cancer-Associated AMPK Activity and Attenuates Phenformin-Induced Cell Death in LKB1-Deficient Cells,PARTIAL,2018-05-25,2018-07-16,https://www.ebi.ac.uk/pride/archive/projects/PXD009897
PXD010061,4,6,Mutations in disordered regions cause disease by creating dileucine motifs - BioID,PARTIAL,2018-06-07,2018-09-13,https://www.ebi.ac.uk/pride/archive/projects/PXD010061
PXD010106,4,9,S-nitrosylation in P301S mouse tauopathy model,PARTIAL,2018-06-12,2019-11-08,https://www.ebi.ac.uk/pride/archive/projects/PXD010106
PXD010126,4,16,Multifaceted stoichiometry control of bacterial operons revealed by data-independent acquisition mass spectrometry,PARTIAL,2018-06-14,2019-11-12,https://www.ebi.ac.uk/pride/archive/projects/PXD010126
PXD010151,4,10,Proteomics of candidate Desulfatiglans TRIP_1 and identification of enzymes involved in anaerobic degradation of phenanthrene,PARTIAL,2018-07-19,2019-01-23,https://www.ebi.ac.uk/pride/archive/projects/PXD010151
PXD010211,4,10,Biofilm formation displays intrinsic offensive and defensive features of Bacillus cereus,PARTIAL,2018-06-25,2020-05-26,https://www.ebi.ac.uk/pride/archive/projects/PXD010211
PXD010217,4,34,Off-target based drug repurposing opportunities for tivantinib in acute myeloid leukemia,COMPLETE,2018-06-25,2019-01-29,https://www.ebi.ac.uk/pride/archive/projects/PXD010217
PXD010238,4,24,Analysis of Erysiphe pisi proteome,COMPLETE,2018-06-27,2019-04-02,https://www.ebi.ac.uk/pride/archive/projects/PXD010238
PXD010318,4,20,"Targeting the Scaffold Protein Plectin by an Organometallic as a Strategy to Inhibit Tumour Invasiveness- whole cell lysate of HCT 116 epithelial cells, Ru-OH-2 normal pull down 4h",COMPLETE,2018-07-05,2022-03-01,https://www.ebi.ac.uk/pride/archive/projects/PXD010318
PXD010319,4,20,"Targeting the Scaffold Protein Plectin by an Organometallic as a Strategy to Inhibit Tumour Invasiveness- whole cell lysate of HCT 116 epithelial cells, Ru-OH-2 competitive pull down 4h",COMPLETE,2018-07-05,2022-03-01,https://www.ebi.ac.uk/pride/archive/projects/PXD010319
PXD010332,4,8,"Lysine benzoylation - Here we report the identification and characterization of a histone mark, lysine benzoylation (Kbz). Our study identifies 22 Kbz sites on histones from HepG2 and RAW cells. This type of histone mark can be stimulated by sodium benzoate (SB), a FDA-approved drug and a widely used chemical food preservative, via generation of benzoyl CoA.",PARTIAL,2018-07-06,2018-07-11,https://www.ebi.ac.uk/pride/archive/projects/PXD010332
PXD010355,4,10,An atypical aspartic protease modulates lateral root development in Arabidopsis thaliana,PARTIAL,2018-07-10,2020-03-19,https://www.ebi.ac.uk/pride/archive/projects/PXD010355
PXD010406,4,8,Development of chemical proteomics for the folateome and analysis of the kinetoplastid folateome - Part 2,PARTIAL,2018-07-12,2018-10-02,https://www.ebi.ac.uk/pride/archive/projects/PXD010406
PXD010407,4,8,Development of chemical proteomics for the folateome and analysis of the kinetoplastid folateome - Part 3,PARTIAL,2018-07-12,2018-10-02,https://www.ebi.ac.uk/pride/archive/projects/PXD010407
PXD010481,4,13,Cross-Linking/mass spectrometry (CLMS) analysis of RNA polymerase II,PARTIAL,2018-07-19,2018-07-20,https://www.ebi.ac.uk/pride/archive/projects/PXD010481
PXD010596,4,5,Maize AF F24 PICS -  A fungal substrate mimicking molecule suppresses plant immunity via an inter-kingdom conserved motif,PARTIAL,2018-07-27,2019-02-25,https://www.ebi.ac.uk/pride/archive/projects/PXD010596
PXD010598,4,8,Regulation of Cl- signaling and ion transport by IRBIT-mediated recruitment of multiple kinases and phosphatases,PARTIAL,2018-07-27,2020-03-04,https://www.ebi.ac.uk/pride/archive/projects/PXD010598
PXD010660,4,7,Nuclear versus cytoplasmic VHL interactomes,PARTIAL,2018-08-02,2018-11-04,https://www.ebi.ac.uk/pride/archive/projects/PXD010660
PXD010670,4,14,A non-canonical BRD9-containing BAF chromatin remodeling complex regulates naïve pluripotency in mouse embryonic stem cells,PARTIAL,2018-08-03,2018-10-18,https://www.ebi.ac.uk/pride/archive/projects/PXD010670
PXD010745,4,8,A Gene Expression-based Strategy Identifies the Anthelminthic Drug Niclosamide for High-risk Neuroblastoma Therapy,PARTIAL,2018-08-10,2022-02-23,https://www.ebi.ac.uk/pride/archive/projects/PXD010745
PXD010870,4,9,Co-IP (AP-MS) of Connexin-43 -  Gap junction protein Connexin-43 is a direct transcriptional regulator of N-cadherin in vivo,PARTIAL,2018-08-27,2018-10-16,https://www.ebi.ac.uk/pride/archive/projects/PXD010870
PXD010930,4,21,Human Ku70 WT AP-MS -  Mapping the Ku interactome using proximity-dependent biotin identification in human cells,COMPLETE,2018-08-29,2019-01-03,https://www.ebi.ac.uk/pride/archive/projects/PXD010930
PXD010931,4,21,HEK293 Ku70 WT BioID -  Mapping the Ku interactome using proximity-dependent biotin identification in human cells,COMPLETE,2018-08-29,2019-01-03,https://www.ebi.ac.uk/pride/archive/projects/PXD010931
PXD010951,4,20,Quantification of Ndc1 and Pom121,COMPLETE,2018-08-30,2019-01-07,https://www.ebi.ac.uk/pride/archive/projects/PXD010951
PXD010978,4,6,D. magna CT448 protease specificity,PARTIAL,2018-09-03,2018-10-04,https://www.ebi.ac.uk/pride/archive/projects/PXD010978
PXD011103,4,12,A non-canonical SWI/SNF complex underlies synthetic lethality in cancers driven by BAF complex perturbation,PARTIAL,2018-11-01,2018-11-06,https://www.ebi.ac.uk/pride/archive/projects/PXD011103
PXD011124,4,21,Pervasive Roles of Ubiquitination in Orchestrating the Deubiquitinase Activity and Function of the BAP1/ASXL2 Tumor Suppressor Complex,COMPLETE,2018-09-18,2018-09-28,https://www.ebi.ac.uk/pride/archive/projects/PXD011124
PXD011150,4,5,characterisation of VDAC2 ligands,PARTIAL,2018-09-20,2019-10-11,https://www.ebi.ac.uk/pride/archive/projects/PXD011150
PXD011174,4,8,"Quantitative Analysis of Sheep Muscle Protein (iTRAQ) from College of Animal Science and Technology, China Agricultural University",PARTIAL,2018-09-24,2021-09-08,https://www.ebi.ac.uk/pride/archive/projects/PXD011174
PXD011345,4,6,Analysis of the Escherichia coli membrane vesicle proteome identifies markers of purity and culture conditions,PARTIAL,2018-10-12,2019-07-15,https://www.ebi.ac.uk/pride/archive/projects/PXD011345
PXD011481,4,7,Sysmetex proteome data for Sulfobacillus thermosulfidooxidans  planktonic growth,PARTIAL,2018-10-26,2022-02-28,https://www.ebi.ac.uk/pride/archive/projects/PXD011481
PXD011505,4,7,Sysmetex proteome data for SAL planctonic growth,PARTIAL,2018-10-29,2022-02-28,https://www.ebi.ac.uk/pride/archive/projects/PXD011505
PXD011534,4,9,Deacetylation inhibition reverses PABPN1-dependent muscle wasting,COMPLETE,2018-11-06,2022-02-28,https://www.ebi.ac.uk/pride/archive/projects/PXD011534
PXD011540,4,7,Sysmetex proteome data for SAL planctonic growth,PARTIAL,2018-10-31,2020-06-29,https://www.ebi.ac.uk/pride/archive/projects/PXD011540
PXD011565,4,16,"TACO LEAF, a putative transcriptional regulator in Arabidopsis, is a target of the protein kinase CK2",PARTIAL,2018-11-02,2019-01-07,https://www.ebi.ac.uk/pride/archive/projects/PXD011565
PXD011583,4,36,Post-Translational Modifications of recombinant Hsp70s expressed in different systems can alter their functional properties,COMPLETE,2018-11-05,2020-03-13,https://www.ebi.ac.uk/pride/archive/projects/PXD011583
PXD011594,4,6,Arabidopsis ARF-ARFGEF interaction analyzed by AP-MS,PARTIAL,2018-11-07,2018-11-07,https://www.ebi.ac.uk/pride/archive/projects/PXD011594
PXD011657,4,12,IAP-LC-MS/MS to screen non-histone tri-methylation,PARTIAL,2018-11-12,2018-11-27,https://www.ebi.ac.uk/pride/archive/projects/PXD011657
PXD011756,4,8,Proteome and Modification of Stat3 and Malt1 dependent on Hectd3,PARTIAL,2018-11-20,2019-01-16,https://www.ebi.ac.uk/pride/archive/projects/PXD011756
PXD011765,4,6,Proteome-wide identification of arginine methylation in colorectal cancer tissues from patients,PARTIAL,2018-12-12,2020-08-05,https://www.ebi.ac.uk/pride/archive/projects/PXD011765
PXD011783,4,14,Multipotent fetal-derived Cdx2 cells from placenta regenerate the heart,PARTIAL,2018-11-21,2019-05-09,https://www.ebi.ac.uk/pride/archive/projects/PXD011783
PXD011833,4,8,The Amino-Terminal Part of Human Filaggrin-2 is a Component of Cornified Envelopes,PARTIAL,2018-11-26,2019-02-25,https://www.ebi.ac.uk/pride/archive/projects/PXD011833
PXD011853,4,20,Human dihydrofolate reductase is a substrate of protein kinase CK2α,PARTIAL,2018-11-27,2019-04-15,https://www.ebi.ac.uk/pride/archive/projects/PXD011853
PXD011869,4,5,Quantitative proteomic SILAC analysis of enteroids deleted for Hdac1 or Hdac2,PARTIAL,2018-11-28,2019-11-14,https://www.ebi.ac.uk/pride/archive/projects/PXD011869
PXD011918,4,13,WNT5A is transported via lipoprotein particles in the cerebrospinal fluid to regulate hindbrain morphogenesis,PARTIAL,2018-12-03,2019-01-14,https://www.ebi.ac.uk/pride/archive/projects/PXD011918
PXD011921,4,762,Sysmetex proteome data for Sulfobacillus thermosulfidooxidans   planktonic growth,PARTIAL,2018-12-03,2020-06-29,https://www.ebi.ac.uk/pride/archive/projects/PXD011921
PXD012067,4,5,Functional relationship of GUN1 and FUG1 in plastid proteostasis,PARTIAL,2018-12-14,2019-06-26,https://www.ebi.ac.uk/pride/archive/projects/PXD012067
PXD012103,4,6,Toxoplasma HCE1 Immunoprecipitations,PARTIAL,2018-12-18,2019-04-05,https://www.ebi.ac.uk/pride/archive/projects/PXD012103
PXD012106,4,11,The Trichoplax H2 holobiont: a simple animal and its two intracellular symbionts,PARTIAL,2018-12-19,2019-04-18,https://www.ebi.ac.uk/pride/archive/projects/PXD012106
PXD012291,4,10,Shigella flexneri effectors IpaJ and VirA globally impair host conventional secretion,PARTIAL,2019-01-09,2019-06-04,https://www.ebi.ac.uk/pride/archive/projects/PXD012291
PXD012419,4,8,Pratylenchus penetrans PME -  Identification and characterization of the first pectin methylesterase gene discovered in the root lesion nematode Pratylenchus penetrans,PARTIAL,2019-01-17,2019-02-28,https://www.ebi.ac.uk/pride/archive/projects/PXD012419
PXD012437,4,6,MHC immunopeptidome of JY cells analysed by EThcD or HCD at Orbitrap Fusion after mild acid elution,PARTIAL,2019-01-21,2020-11-11,https://www.ebi.ac.uk/pride/archive/projects/PXD012437
PXD012443,4,5,Nitrosoproteomic Analysis Deciphers the S-Nitrosylome in Carbon Metabolism of Tea Leaves,PARTIAL,2019-01-21,2020-05-26,https://www.ebi.ac.uk/pride/archive/projects/PXD012443
PXD012536,4,8,Comparative proteomics of Trypanosoma cruzi Y and VFRA strains.,PARTIAL,2019-01-28,2019-09-25,https://www.ebi.ac.uk/pride/archive/projects/PXD012536
PXD012581,4,13,Engineered transfer RNAs for suppression of premature termination codons,PARTIAL,2019-02-01,2019-02-11,https://www.ebi.ac.uk/pride/archive/projects/PXD012581
PXD012640,4,6,Systematic genome perturbation reveals coordination of lipid droplets and metabolic gene regulation,PARTIAL,2019-02-08,2021-09-08,https://www.ebi.ac.uk/pride/archive/projects/PXD012640
PXD012780,4,7,Sysmetex proteome data for Leptospirillum ferriphilum mineral growth,PARTIAL,2019-02-19,2020-06-29,https://www.ebi.ac.uk/pride/archive/projects/PXD012780
PXD012783,4,7,Sysmetex proteome data for Leptospirillum ferriphilum planktonic growth,PARTIAL,2019-02-19,2020-06-29,https://www.ebi.ac.uk/pride/archive/projects/PXD012783
PXD012843,4,7,Comparison of wildtype and gr1 knock-out mutants of Physcomitrella patens using quantitative proteomics,PARTIAL,2019-02-22,2020-05-06,https://www.ebi.ac.uk/pride/archive/projects/PXD012843
PXD012895,4,12,Secreted parasite Pin1 isomerase stabilizes host PKM2 to reprogram host cell metabolism,PARTIAL,2019-02-27,2019-11-13,https://www.ebi.ac.uk/pride/archive/projects/PXD012895
PXD012910,4,8,Mass spectrometry data of human urine,PARTIAL,2019-03-04,2019-03-27,https://www.ebi.ac.uk/pride/archive/projects/PXD012910
PXD012942,4,5,N-glycoprotein capture mass spectrometry identifies candidate substrates of human Fut enzymes,PARTIAL,2019-03-04,2019-11-13,https://www.ebi.ac.uk/pride/archive/projects/PXD012942
PXD012960,4,20,• Clinical proteomics profiling for biomarker identification  among patients suffering with Indian Post Kala Azar Dermal Leishmaniasis,COMPLETE,2019-03-05,2020-05-20,https://www.ebi.ac.uk/pride/archive/projects/PXD012960
PXD013026,4,5,Tomato seeds Phosphorylation Label-free Quantitative Proteomic Analysis,PARTIAL,2019-03-08,2020-12-02,https://www.ebi.ac.uk/pride/archive/projects/PXD013026
PXD013040,4,14,Model data for the evaluation of dependent-peptide visualisation tools,PARTIAL,2020-06-22,2020-06-22,https://www.ebi.ac.uk/pride/archive/projects/PXD013040
PXD013173,4,6,Global Proteomic Analysis of Lysine Succinylation in Zebrafish (Danio rerio),PARTIAL,2019-03-21,2019-09-09,https://www.ebi.ac.uk/pride/archive/projects/PXD013173
PXD013292,4,10,c-di-GMP affect the protein acetylation through CobB dependent deacetylation,PARTIAL,2019-03-28,2019-06-17,https://www.ebi.ac.uk/pride/archive/projects/PXD013292
PXD013318,4,9,Combinatorial proteomics and transcriptomics identify AMPK in the control of the axonal regeneration programme of DRG sensory neurons after spinal injury,PARTIAL,2019-10-10,2020-06-15,https://www.ebi.ac.uk/pride/archive/projects/PXD013318
PXD013342,4,5,Identification of a novel haem-binding protein produced by Haemophilus haemolyticus,PARTIAL,2019-04-02,2023-04-27,https://www.ebi.ac.uk/pride/archive/projects/PXD013342
PXD013358,4,8,"Toxins from scratch? - Diverse, multimodal gene origins in the predatory robber fly Dasypogon diadema indicate dynamic venom evolution in dipteran insects",PARTIAL,2019-04-03,2019-06-13,https://www.ebi.ac.uk/pride/archive/projects/PXD013358
PXD013380,4,5,Cerebellum Proteomics -  Cell-type-specific profiling of brain mitochondria reveals functional and molecular diversity,PARTIAL,2019-04-05,2019-09-03,https://www.ebi.ac.uk/pride/archive/projects/PXD013380
PXD013397,4,31,Prognostic Markers in Triple-Negative Breast Cancer,PARTIAL,2019-04-08,2019-05-06,https://www.ebi.ac.uk/pride/archive/projects/PXD013397
PXD013544,4,15,The MPK8-TCP14 pathway promotes seed germination in Arabidopsis,PARTIAL,2019-04-17,2019-07-25,https://www.ebi.ac.uk/pride/archive/projects/PXD013544
PXD013598,4,5,Comparison of proteomic responses to individual and combinatorial copper and iron deficiencies in Arabidopsis thaliana rosettes.,PARTIAL,2019-04-23,2020-06-22,https://www.ebi.ac.uk/pride/archive/projects/PXD013598
PXD013599,4,6,A single T cell epitope drives the neutralizing anti-drug antibody response to natalizumab in multiple sclerosis patients,PARTIAL,2019-10-10,2019-10-10,https://www.ebi.ac.uk/pride/archive/projects/PXD013599
PXD013617,4,7,Characterization under quasi-native conditions of the capsanthin/capsorubin synthase from Capsicum annuum L.,PARTIAL,2019-04-24,2019-09-16,https://www.ebi.ac.uk/pride/archive/projects/PXD013617
PXD013687,4,5,Identification of a novel haem-binding protein produced by Haemophilus haemolyticus,PARTIAL,2019-05-02,2019-05-29,https://www.ebi.ac.uk/pride/archive/projects/PXD013687
PXD013727,4,5,¬¬Identifying the cellular interactome of Epstein-Barr virus lytic regulator Zta reveals cellular targets contributing to viral replication.,PARTIAL,2019-05-07,2019-06-06,https://www.ebi.ac.uk/pride/archive/projects/PXD013727
PXD013750,4,7,Conformational dynamics of the human serotonin transporter during substrate and drug binding,PARTIAL,2019-05-07,2019-05-15,https://www.ebi.ac.uk/pride/archive/projects/PXD013750
PXD013838,4,9,Enamel proteome shows that Gigantopithecus was an early diverging pongine,PARTIAL,2019-05-14,2019-11-12,https://www.ebi.ac.uk/pride/archive/projects/PXD013838
PXD013841,4,7,Substrate-induced conformational dynamics of the dopamine transporter,PARTIAL,2019-05-14,2019-11-12,https://www.ebi.ac.uk/pride/archive/projects/PXD013841
PXD013895,4,5,"Systematic analysis of lysine acetylome reveals potential functions of lysine acetylation in Shewanellabaltica, the specific spoilage organism of aquatic products",PARTIAL,2019-05-17,2019-07-22,https://www.ebi.ac.uk/pride/archive/projects/PXD013895
PXD014142,4,20,EOMES interacts with RUNX3 and BRG1 to promote innate memory cell formation through epigenetic reprogramming,COMPLETE,2019-06-05,2019-06-06,https://www.ebi.ac.uk/pride/archive/projects/PXD014142
PXD014257,4,12,Microtubules methylation LC-MSMS,PARTIAL,2020-01-31,2020-02-28,https://www.ebi.ac.uk/pride/archive/projects/PXD014257
PXD014292,4,7,Single organelle function and organization as estimated from Arabidopsis mitochondrial proteomics,PARTIAL,2019-08-22,2019-09-11,https://www.ebi.ac.uk/pride/archive/projects/PXD014292
PXD014310,4,13,Egg White as a quality control in MALDI Mass Spectrometry Imaging,PARTIAL,2019-11-27,2019-12-11,https://www.ebi.ac.uk/pride/archive/projects/PXD014310
PXD014315,4,10,Active thrombin is produced by intestinal epithelium to control mucosal biofilm,PARTIAL,2019-06-20,2019-06-24,https://www.ebi.ac.uk/pride/archive/projects/PXD014315
PXD014323,4,8,Host cholesterol modulates the generation and enrichment of persister population during Mycobacterium tuberculosis infection.,PARTIAL,2019-06-20,2020-10-14,https://www.ebi.ac.uk/pride/archive/projects/PXD014323
PXD014382,4,12,TGFβ activity released from platelet-rich fibrin adsorbs to titanium surface and collagen membranes,COMPLETE,2019-06-25,2020-06-24,https://www.ebi.ac.uk/pride/archive/projects/PXD014382
PXD014480,4,8,Label-free shotgun proteomics analysis in zebrafish liver following dietary exposure to the pesticide dieldrin,PARTIAL,2019-07-04,2019-08-29,https://www.ebi.ac.uk/pride/archive/projects/PXD014480
PXD014521,4,6,UBE2QL1 prximity proteome in HeLa cells in response to lysosomal damage,PARTIAL,2019-07-08,2019-08-22,https://www.ebi.ac.uk/pride/archive/projects/PXD014521
PXD014555,4,6,A PhotoClick cholesterol-based quantitative proteomics screen for cytoplasmic sterol binding proteins in Saccharomyces cerevisiae,PARTIAL,2019-07-10,2019-11-25,https://www.ebi.ac.uk/pride/archive/projects/PXD014555
PXD014566,4,20,Identification of candidate interactors of Bacillus subtilis rhomboid protease YqgP,COMPLETE,2019-07-11,2020-01-09,https://www.ebi.ac.uk/pride/archive/projects/PXD014566
PXD014573,4,12,1-deoxydihydroceramide causes anoxic death by impairing chaperonin-mediated protein folding,PARTIAL,2019-07-11,2019-08-20,https://www.ebi.ac.uk/pride/archive/projects/PXD014573
PXD014663,4,5,The salivary gland proteome of root-galling grape phylloxera (Daktulosphaira vitifoliae Fitch) feeding on Vitis spp.,PARTIAL,2019-07-18,2020-07-22,https://www.ebi.ac.uk/pride/archive/projects/PXD014663
PXD014679,4,29,A peptidomimetic proprotein convertase inhibitor is a potential anti-glioma drug as revealed by biological assays and proteomic studies,PARTIAL,2019-07-19,2020-05-27,https://www.ebi.ac.uk/pride/archive/projects/PXD014679
PXD014712,4,13,Palaeoproteomics of non-avian dinosaur eggshell calcite,PARTIAL,2019-07-23,2024-05-25,https://www.ebi.ac.uk/pride/archive/projects/PXD014712
PXD014731,4,7,Aspartate residues far from the active site drive O-GlcNAc transferase substrate selection,PARTIAL,2019-07-24,2019-07-26,https://www.ebi.ac.uk/pride/archive/projects/PXD014731
PXD014773,4,20,Charaterising the surfaceome of primary equine chondrocytes,COMPLETE,2019-07-26,2020-07-02,https://www.ebi.ac.uk/pride/archive/projects/PXD014773
PXD014827,4,7,Class I HDAC inhibitors enhance YB-1 acetylation and oxidative stress to block sarcoma metastasis,PARTIAL,2019-07-30,2019-10-28,https://www.ebi.ac.uk/pride/archive/projects/PXD014827
PXD014840,4,12,Uncoupling of PARP1 Trapping and Inhibition Using Selective PARP1 Degradation,PARTIAL,2019-07-31,2019-08-01,https://www.ebi.ac.uk/pride/archive/projects/PXD014840
PXD014871,4,11,Proteomic changes in human sperm during sequential in vitro capacitation and acrosome reaction.,COMPLETE,2019-11-28,2019-12-17,https://www.ebi.ac.uk/pride/archive/projects/PXD014871
PXD014896,4,7,SCC1 interaction proteomics in Saccharomyces cerevisiae,PARTIAL,2019-08-02,2019-10-03,https://www.ebi.ac.uk/pride/archive/projects/PXD014896
PXD014916,4,9,Proteomic responses of Candida glabrata to acetate as the sole carbon source,COMPLETE,2019-08-05,2021-01-08,https://www.ebi.ac.uk/pride/archive/projects/PXD014916
PXD014968,4,5,Indole-3-acetic acid degradation in a novel strain Pseudomonas composti LY1,PARTIAL,2019-08-09,2021-09-08,https://www.ebi.ac.uk/pride/archive/projects/PXD014968
PXD015021,4,6,Generation of macrophages that are profoundly pro-remyelinating through unexpected activation cues,PARTIAL,2019-08-14,2019-09-06,https://www.ebi.ac.uk/pride/archive/projects/PXD015021
PXD015065,4,5,TBK1-mediated phosphorylation sites of ATG8s in vitro,PARTIAL,2019-08-19,2019-11-06,https://www.ebi.ac.uk/pride/archive/projects/PXD015065
PXD015114,4,6,Emerging connectivity patterns of protein-protein interaction networks in melanoma secretome: insights into the cancer interactome,PARTIAL,2019-08-21,2020-12-07,https://www.ebi.ac.uk/pride/archive/projects/PXD015114
PXD015141,4,6,Marizomib eradicates primary and metastatic triple-negative breast cancer via proteasome and oxidative phosphorylation inhibition,PARTIAL,2019-08-23,2020-05-26,https://www.ebi.ac.uk/pride/archive/projects/PXD015141
PXD015143,4,6,Common Repository of FBS Proteins (cRFP) to be added to a search database for mass spectrometric analysis of cell secretome,PARTIAL,2019-08-23,2019-09-04,https://www.ebi.ac.uk/pride/archive/projects/PXD015143
PXD015147,4,6,Quantitative secretome profiling of Candida glabrata wild-type and aspartyl protease-deficient strains,PARTIAL,2019-08-23,2019-10-24,https://www.ebi.ac.uk/pride/archive/projects/PXD015147
PXD015298,4,6,Mapping phosphorylations on C-terminus of receptor,PARTIAL,2019-09-03,2020-05-26,https://www.ebi.ac.uk/pride/archive/projects/PXD015298
PXD015349,4,9,Analysis of the fragments from hTau degraded by proteasome 20s using mass spectrometry,PARTIAL,2020-04-21,2020-04-22,https://www.ebi.ac.uk/pride/archive/projects/PXD015349
PXD015445,4,29,Proteomic Analysis of Protein in Human Fingerprints and Artificial Fingerprints,COMPLETE,2019-09-13,2019-09-26,https://www.ebi.ac.uk/pride/archive/projects/PXD015445
PXD015468,4,11,A conserved signaling complex controls warm temperature-mediated plant growth,PARTIAL,2019-09-16,2021-03-25,https://www.ebi.ac.uk/pride/archive/projects/PXD015468
PXD015548,4,20,Physical and functional interaction between SET1/COMPASS complex component CFP-1 and a Sin3S HDAC complex in C. elegans,COMPLETE,2019-09-23,2019-09-27,https://www.ebi.ac.uk/pride/archive/projects/PXD015548
PXD015639,4,8,The phosphoproteomic landscape of two FLT3+ Acute Myeloid Leukemia (AML) patient samples.,PARTIAL,2019-09-30,2020-03-02,https://www.ebi.ac.uk/pride/archive/projects/PXD015639
PXD015647,4,9,VHH D4 target identification by Mass Spectrometry,PARTIAL,2019-09-30,2020-05-26,https://www.ebi.ac.uk/pride/archive/projects/PXD015647
PXD015653,4,6,Comprehensive analysis of symmetric arginine dimethylation in colorectal cancer tissues from patients using immuniaffinity enrichment followed by LC-MS/MS analysis,PARTIAL,2019-10-01,2020-06-01,https://www.ebi.ac.uk/pride/archive/projects/PXD015653
PXD015661,4,7,IDENTIFICATION OF THE CANIDAE IRON REGULATORY HORMONE HEPCIDIN,PARTIAL,2019-10-01,2020-05-26,https://www.ebi.ac.uk/pride/archive/projects/PXD015661
PXD015662,4,8,The phosphoproteomic landscape of two FLT3+ Acute Myeloid Leukemia (AML) patient samples-LYSATES.,PARTIAL,2019-10-01,2020-03-02,https://www.ebi.ac.uk/pride/archive/projects/PXD015662
PXD015720,4,7,Identification of pre-miR155 binding proteins from macrophases treated with LPS or LPS + IL10,PARTIAL,2019-10-07,2020-05-26,https://www.ebi.ac.uk/pride/archive/projects/PXD015720
PXD015787,4,21,Identification of EGLN2 binding partners using AP-MS,PARTIAL,2019-10-11,2019-11-20,https://www.ebi.ac.uk/pride/archive/projects/PXD015787
PXD015790,4,7,Prolyl Hydroxylase Substrate Adenylosuccinate Lyase Is An 2 Oncogenic Driver In Triple Negative Breast Cancer,PARTIAL,2019-10-11,2019-11-20,https://www.ebi.ac.uk/pride/archive/projects/PXD015790
PXD015888,4,6,Analysis of the N-Glycoforms of a Chinese Yam (Dioscorea opposita Thunb.) Glycoprotein 30CYGPAnalysis of the N-Glycoforms of a Chinese Yam (Dioscorea opposita Thunb.) Glycoprotein 30CYGP,PARTIAL,2019-10-18,2019-10-28,https://www.ebi.ac.uk/pride/archive/projects/PXD015888
PXD015958,4,13,Plasma proteomic profiling of normal and over-conditioned dairy cows during the transition from late pregnancy to early lactation by LC-MS/MS,PARTIAL,2019-10-22,2020-04-16,https://www.ebi.ac.uk/pride/archive/projects/PXD015958
PXD015964,4,9,Investigation of fermentation process of a Lactobacillus suebicus,PARTIAL,2019-10-22,2019-10-30,https://www.ebi.ac.uk/pride/archive/projects/PXD015964
PXD015986,4,8,LC-MS/MS analysis of immunoprecipitation samples of Tetrahymena meiotic proteins Mcmd1 and Pamd1,PARTIAL,2019-10-23,2019-11-19,https://www.ebi.ac.uk/pride/archive/projects/PXD015986
PXD016007,4,7,Alternative Reading Frame expression in POLG gene,PARTIAL,2019-10-24,2021-09-08,https://www.ebi.ac.uk/pride/archive/projects/PXD016007
PXD016016,4,12,Structural insights into a HECT-type E3 ligase AREL1,PARTIAL,2019-10-25,2019-11-25,https://www.ebi.ac.uk/pride/archive/projects/PXD016016
PXD016097,4,6,Discovery of potential candidate proteins reprogramming spinal cord derived astrocytes into neurons by proteomic analysis,PARTIAL,2019-10-31,2021-09-08,https://www.ebi.ac.uk/pride/archive/projects/PXD016097
PXD016291,4,8,Peptide N-terminal Bead Capture and Release,COMPLETE,2019-11-15,2021-06-01,https://www.ebi.ac.uk/pride/archive/projects/PXD016291
PXD016383,4,6,Toxoplasma MYR1 Immunoprecipitations,PARTIAL,2019-11-21,2020-02-20,https://www.ebi.ac.uk/pride/archive/projects/PXD016383
PXD016385,4,9,Proteins associated with RORalpha binding element on SULT1E1 gene,PARTIAL,2019-11-21,2020-08-26,https://www.ebi.ac.uk/pride/archive/projects/PXD016385
PXD016395,4,7,Leaf-cutting ant feces LC-MS/MS,PARTIAL,2019-11-22,2021-01-12,https://www.ebi.ac.uk/pride/archive/projects/PXD016395
PXD016919,4,12,Identification of phosphorylation sites in PER11 and CRY1 by LC-MSMS,PARTIAL,2020-01-02,2020-02-17,https://www.ebi.ac.uk/pride/archive/projects/PXD016919
PXD016927,4,5,Quantitative proteomic analysis of global protein acetylation in PRRSV infected pulmonary alveolar macrophages,PARTIAL,2020-01-02,2020-12-11,https://www.ebi.ac.uk/pride/archive/projects/PXD016927
PXD016932,4,16,Human Endothelial Cell Secretome,COMPLETE,2020-01-02,2020-01-29,https://www.ebi.ac.uk/pride/archive/projects/PXD016932
PXD017013,4,22,Gas-phase Fragmentation of ADP-Ribosylated Peptides: Arginine-Specific Side-Chain Losses and their Implication in Database Searches,PARTIAL,2020-01-08,2021-05-19,https://www.ebi.ac.uk/pride/archive/projects/PXD017013
PXD017118,4,9,Genome-wide identification of Dickeya solani genes regulated in response to potato (Solanum tuberosum L.) and bittersweet nightshade (Solanum dulcamara L.) tissues,PARTIAL,2020-01-15,2021-09-09,https://www.ebi.ac.uk/pride/archive/projects/PXD017118
PXD017161,4,8,Peptide N-terminal Bead Capture and Release,COMPLETE,2020-01-17,2020-09-16,https://www.ebi.ac.uk/pride/archive/projects/PXD017161
PXD017273,4,9,"Human and mouse brain, and human cerebrospinal fluid extracellular vesicles LC-MSMS",PARTIAL,2020-01-24,2020-02-17,https://www.ebi.ac.uk/pride/archive/projects/PXD017273
PXD017347,4,12,TMT spectrometry unveils key M6a interactorsTMT spectrometry unveils key M6a interactors,PARTIAL,2020-01-31,2020-06-29,https://www.ebi.ac.uk/pride/archive/projects/PXD017347
PXD017348,4,5,RBM15 CoIP in mouse Embryonic Stem cells,PARTIAL,2020-01-31,2020-02-07,https://www.ebi.ac.uk/pride/archive/projects/PXD017348
PXD017352,4,7,Protein EV contents from C. elegans,PARTIAL,2020-01-31,2020-05-04,https://www.ebi.ac.uk/pride/archive/projects/PXD017352
PXD017398,4,6,MaTAR25 RNA Antisense Pulldown and Mass Spectrometry,PARTIAL,2020-02-05,2020-12-23,https://www.ebi.ac.uk/pride/archive/projects/PXD017398
PXD017420,4,5,The proteome of extracellular vesicles secreted in vitro by porcine microbiota grown in complex β-mannan,PARTIAL,2020-02-06,2021-09-09,https://www.ebi.ac.uk/pride/archive/projects/PXD017420
PXD017426,4,12,CARP/Ankrd1 Interacting Proteins in mouse heart,PARTIAL,2020-02-07,2022-05-19,https://www.ebi.ac.uk/pride/archive/projects/PXD017426
PXD017456,4,8,A balanced Oct4 protein interaction network is crucial for maintaining pluripotency,PARTIAL,2020-02-11,2021-12-10,https://www.ebi.ac.uk/pride/archive/projects/PXD017456
PXD017488,4,21,Proteomics support the threespine stickleback egg coat as a protective oocyte envelope,PARTIAL,2020-02-12,2021-05-26,https://www.ebi.ac.uk/pride/archive/projects/PXD017488
PXD017642,4,9,Interactome analysis of FAM50A via affinity purification coupled to mass spectrometry,PARTIAL,2020-02-20,2020-05-08,https://www.ebi.ac.uk/pride/archive/projects/PXD017642
PXD017734,4,6,Histoplasma capsulatum lipid map,PARTIAL,2020-02-26,2021-11-25,https://www.ebi.ac.uk/pride/archive/projects/PXD017734
PXD017892,4,6,altered bovine lymphocyte secretome after pokeweed mitogen stimulation,PARTIAL,2020-03-05,2022-02-10,https://www.ebi.ac.uk/pride/archive/projects/PXD017892
PXD017899,4,8,Separation of the Bioactive Exosomes from Extracellular Vesicles Derived from Murine CTLs,PARTIAL,2020-03-05,2022-04-04,https://www.ebi.ac.uk/pride/archive/projects/PXD017899
PXD017964,4,20,A truncated MRE11 form induced by SPRTN is deficient in DNA repair and radiosensitises cancer cells,COMPLETE,2020-03-10,2021-02-23,https://www.ebi.ac.uk/pride/archive/projects/PXD017964
PXD018088,4,26,"Exploring the Wound Healing, Anti-Inflammatory, Anti-Pathogens and Proteomic Effects of Lactic Acid Bacteria on Keratinocytes",PARTIAL,2020-03-18,2021-09-09,https://www.ebi.ac.uk/pride/archive/projects/PXD018088
PXD018168,4,6,Mass spectrometry-based analysis of Mycobacterial single-colony proteome,PARTIAL,2020-03-24,2021-03-11,https://www.ebi.ac.uk/pride/archive/projects/PXD018168
PXD018207,4,11,ATAD5 regulates R-loop by maintaining RNA helicase level and unloading PCNA at the replication fork,PARTIAL,2020-03-26,2021-09-09,https://www.ebi.ac.uk/pride/archive/projects/PXD018207
PXD018248,4,9,Towards a universal sample preparation method for denaturing top-down proteomics of complex proteomes,PARTIAL,2020-03-30,2020-05-22,https://www.ebi.ac.uk/pride/archive/projects/PXD018248
PXD018367,4,7,Patient-derived scaffolds uncover breast cancer promoting properties of the microenvironment,PARTIAL,2020-04-04,2020-06-25,https://www.ebi.ac.uk/pride/archive/projects/PXD018367
PXD018449,4,6,Phosphoproteomic analysis of signaling downstream of p85β,PARTIAL,2020-04-09,2020-05-08,https://www.ebi.ac.uk/pride/archive/projects/PXD018449
PXD018578,4,28,LETR1 (LINC01197) RNA pull-down in human LECs followed by LC-MSMS,COMPLETE,2020-04-15,2020-12-21,https://www.ebi.ac.uk/pride/archive/projects/PXD018578
PXD018591,4,21,Peroxisomal targeting of the protein phosphatase Ptc5 via mitochondrial transit,COMPLETE,2020-04-15,2020-05-22,https://www.ebi.ac.uk/pride/archive/projects/PXD018591
PXD018621,4,6,Identification of ubiquitination sites of purified histone H3,PARTIAL,2020-04-17,2020-06-01,https://www.ebi.ac.uk/pride/archive/projects/PXD018621
PXD018691,4,7,Truncated PARP1 promotes RNA Polymerase III during apoptosis,PARTIAL,2020-04-20,2022-02-15,https://www.ebi.ac.uk/pride/archive/projects/PXD018691
PXD018715,4,28,Identification of the SS18-SSX interacting proteins,COMPLETE,2020-04-21,2020-08-09,https://www.ebi.ac.uk/pride/archive/projects/PXD018715
PXD018751,4,8,Two Eutrema salsugineum ecotypes ESI-MS/MS,PARTIAL,2020-04-23,2022-08-11,https://www.ebi.ac.uk/pride/archive/projects/PXD018751
PXD018769,4,9,PTMs of the lytic polysaccharide monooxygenase of Pseudomonas aeruginosa,PARTIAL,2020-04-24,2021-01-12,https://www.ebi.ac.uk/pride/archive/projects/PXD018769
PXD018779,4,14,Label-Free Proteomics Profiling of Nanovesicles Isolated from Cultured Salivary Glands Isolated from Partially-Fed Adult Female Ixodes scapularis,COMPLETE,2021-01-06,2021-06-07,https://www.ebi.ac.uk/pride/archive/projects/PXD018779
PXD018811,4,9,An androgen signaling axis uses a writer and a reader of ADP-ribosylation to control protein complex assembly,PARTIAL,2020-04-27,2021-05-28,https://www.ebi.ac.uk/pride/archive/projects/PXD018811
PXD018827,4,13,Proteomic investigation of treatment with medicinal mushroom supplement Agarikon.1® in advanced colorectal cancer animal model,PARTIAL,2020-04-27,2020-10-27,https://www.ebi.ac.uk/pride/archive/projects/PXD018827
PXD018893,4,14,Proteomic analysis of cerebrospinal fluid in epileptic and healthy dogs,PARTIAL,2020-04-29,2020-10-19,https://www.ebi.ac.uk/pride/archive/projects/PXD018893
PXD018981,4,24,Structure of the full kinetoplastids mitoribosome and insight on its large subunit maturation,COMPLETE,2020-05-05,2021-04-29,https://www.ebi.ac.uk/pride/archive/projects/PXD018981
PXD019031,4,32,A Cytoskeletal Protein Complex is Essential for Division of Intracellular Amastigotes of Leishmania mexicana (LAN1416),PARTIAL,2020-05-07,2020-08-17,https://www.ebi.ac.uk/pride/archive/projects/PXD019031
PXD019067,4,12,Genomic and transcriptomic analysis of medulloblastoma,PARTIAL,2020-05-11,2023-03-10,https://www.ebi.ac.uk/pride/archive/projects/PXD019067
PXD019081,4,5,A2M Thr654Cys Thr661Cys mutant disulfide mapping,PARTIAL,2020-05-11,2021-05-21,https://www.ebi.ac.uk/pride/archive/projects/PXD019081
PXD019082,4,5,A2M Q975C and C3 Q1013C disulfide mutants,PARTIAL,2020-05-11,2021-02-18,https://www.ebi.ac.uk/pride/archive/projects/PXD019082
PXD019126,4,6,Multiple myeloma microenvironment proteomics LC-MS/MS,PARTIAL,2020-05-12,2021-04-14,https://www.ebi.ac.uk/pride/archive/projects/PXD019126
PXD019291,4,6,ABNORMAL POLLEN 1 (AP1) encodes a legume-type lectin receptor-like kinase and is involved in starch accumulation during rice pollen maturation,PARTIAL,2020-05-19,2021-03-06,https://www.ebi.ac.uk/pride/archive/projects/PXD019291
PXD019298,4,9,Proteomic analysis of collagen membrane and matrix,COMPLETE,2020-05-19,2021-09-09,https://www.ebi.ac.uk/pride/archive/projects/PXD019298
PXD019488,4,10,Identification of TbUnc119-interacting proteins by proximity-based biotinylation,PARTIAL,2020-06-01,2020-06-25,https://www.ebi.ac.uk/pride/archive/projects/PXD019488
PXD019523,4,8,Peptidomes of MHC Class I Allotypes Illustrate the Peptide binding Plasticity Leading by Micropolymorphism,PARTIAL,2020-06-02,2021-09-09,https://www.ebi.ac.uk/pride/archive/projects/PXD019523
PXD019597,4,20,Phosphorylation of GABAAR α2 subunit,PARTIAL,2020-06-05,2020-07-03,https://www.ebi.ac.uk/pride/archive/projects/PXD019597
PXD019661,4,13,New insights into the role of peptide from Allomyrina dichotoma larvae in ameliorating lipid metabolism in vitro and in vivo,COMPLETE,2020-06-09,2021-09-09,https://www.ebi.ac.uk/pride/archive/projects/PXD019661
PXD019667,4,6,Quantitative proteomic analyses to reveal the key features of proteins in new onset Ankylosing spondylitis patients,PARTIAL,2020-06-09,2021-09-09,https://www.ebi.ac.uk/pride/archive/projects/PXD019667
PXD019702,4,9,Co-IP of fHERV-K env protein and interactors,COMPLETE,2020-06-11,2020-07-06,https://www.ebi.ac.uk/pride/archive/projects/PXD019702
PXD019730,4,9,Snake venom color and LAAO: an evidence of long-term captive Crotalus durissus terrificus venom plasticity,PARTIAL,2020-06-12,2023-10-23,https://www.ebi.ac.uk/pride/archive/projects/PXD019730
PXD019808,4,18,Receptor-independent modulation of cAMP-dependent protein kinase and protein phosphatase 2A signaling in cardiac myocytes by nitroxyl,COMPLETE,2020-06-16,2020-10-29,https://www.ebi.ac.uk/pride/archive/projects/PXD019808
PXD019851,4,12,scorpion Centruroides vittatus venom proteomics,COMPLETE,2020-06-17,2022-02-15,https://www.ebi.ac.uk/pride/archive/projects/PXD019851
PXD019897,4,13,Cdc48A pulldown from an amino lonk column baited with SAMP1,COMPLETE,2020-06-19,2023-06-22,https://www.ebi.ac.uk/pride/archive/projects/PXD019897
PXD019898,4,13,Preparation of the RecJ3/4-RNase J complex from Haloferax volcanii,COMPLETE,2020-06-19,2023-06-22,https://www.ebi.ac.uk/pride/archive/projects/PXD019898
PXD019906,4,13,Proteins associated with Cdc48A identified by LC-MS\MS data,COMPLETE,2020-06-19,2023-06-22,https://www.ebi.ac.uk/pride/archive/projects/PXD019906
PXD019908,4,16,Proteomics analysis of rat primary myocyte and neuron-myocyte co-cultures,COMPLETE,2020-06-19,2020-07-21,https://www.ebi.ac.uk/pride/archive/projects/PXD019908
PXD019933,4,13,Proteins identified by LC-MS/MS analysis to associate with RecJ4-StrepII (vs. empty vector).,COMPLETE,2020-06-22,2023-06-22,https://www.ebi.ac.uk/pride/archive/projects/PXD019933
PXD020022,4,17,Recombinant Tau and EFhd2 from Bacteria,COMPLETE,2020-06-26,2025-07-08,https://www.ebi.ac.uk/pride/archive/projects/PXD020022
PXD020170,4,6,Pol IV-RDR2 protein interaction study,PARTIAL,2020-07-03,2020-09-14,https://www.ebi.ac.uk/pride/archive/projects/PXD020170
PXD020233,4,10,IIdentification of GmLMM1-interacting protein in Arabidopsis,PARTIAL,2020-07-07,2020-08-31,https://www.ebi.ac.uk/pride/archive/projects/PXD020233
PXD020239,4,6,Ribosome collisions trigger cis-acting feedback inhibition of translation initiation,PARTIAL,2020-07-07,2020-07-14,https://www.ebi.ac.uk/pride/archive/projects/PXD020239
PXD020258,4,26,Therapeutic anti-glioma effect of the combined action of PCSK inhibitor with the anti-tumoral factors secreted by Poly (I:C) - stimulated macrophages,PARTIAL,2020-07-08,2021-09-23,https://www.ebi.ac.uk/pride/archive/projects/PXD020258
PXD020327,4,13,Activation of FAM111A Protease Induces Defects in Nuclear Function that Likely Underlie its Roles in Disease and Viral Restriction,COMPLETE,2020-07-13,2020-11-25,https://www.ebi.ac.uk/pride/archive/projects/PXD020327
PXD020332,4,12,LC-MS/MS analysis of Corallium rubrum biominerals,PARTIAL,2020-07-13,2021-09-09,https://www.ebi.ac.uk/pride/archive/projects/PXD020332
PXD020391,4,8,Proteome characteristics of Tolypocladium guangdongense at differentically developmental stages,PARTIAL,2020-07-16,2021-09-09,https://www.ebi.ac.uk/pride/archive/projects/PXD020391
PXD020491,4,699,Pathological pathways and biomarker in Mucolipidosis type IV mice and post mortem patient.,PARTIAL,2020-07-22,2021-08-10,https://www.ebi.ac.uk/pride/archive/projects/PXD020491
PXD020495,4,5,Quantitative proteomic analysis of PVY-infected potato plants at normal and elevated temperature,PARTIAL,2020-07-22,2020-11-23,https://www.ebi.ac.uk/pride/archive/projects/PXD020495
PXD020509,4,9,PASEF technology on timsTOF Pro improves quality of FPOP analysis,PARTIAL,2020-07-22,2021-06-10,https://www.ebi.ac.uk/pride/archive/projects/PXD020509
PXD020520,4,20,"The non-canonical PARP1 inhibitor target, PARP16, contributes to talazoparib polypharmacology and synergy with WEE1 inhibitors: Chemical Proteomics Cal51",COMPLETE,2020-07-23,2021-07-21,https://www.ebi.ac.uk/pride/archive/projects/PXD020520
PXD020566,4,8,Protein Identification and Post-translational Analysis of DMD and its associated Proteins in H19-proficient and -deficient Cells,PARTIAL,2020-07-25,2020-08-19,https://www.ebi.ac.uk/pride/archive/projects/PXD020566
PXD020592,4,8,Comparison of the rodlet layer proteins of Aspergillus flavus and Aspergillus fumiguatus,PARTIAL,2020-07-27,2021-09-09,https://www.ebi.ac.uk/pride/archive/projects/PXD020592
PXD020606,4,12,Matrisome proteins of human and porcine cornea and amnion,COMPLETE,2020-07-28,2021-05-21,https://www.ebi.ac.uk/pride/archive/projects/PXD020606
PXD020639,4,8,The Ig-like domain of Punctin/MADD-4 is the primary determinant for interaction with the ectodomain of neuroligin NLG-1,PARTIAL,2020-07-29,2020-10-12,https://www.ebi.ac.uk/pride/archive/projects/PXD020639
PXD020757,4,10,Mechanisms and Novel Proteins for Iron Oxide Mineral Reduction in the Hyperthermophilic Crenarchaeon Pyrodictium delaneyi,COMPLETE,2020-08-06,2020-12-23,https://www.ebi.ac.uk/pride/archive/projects/PXD020757
PXD020763,4,8,FFPE tumor samples reveals the influences of NET-1 siRNA nanoparticles and sonodynamic therapy on tetraspanin protein involved in HCC,PARTIAL,2020-08-06,2021-09-09,https://www.ebi.ac.uk/pride/archive/projects/PXD020763
PXD020769,4,5,Proteomics sequencing analysis revealed the pathogenesis of arterial dissection caused by hypertension,PARTIAL,2020-08-06,2020-09-14,https://www.ebi.ac.uk/pride/archive/projects/PXD020769
PXD020803,4,28,Desulfovibrio ferrophilus IS5 electron uptake,COMPLETE,2020-08-09,2020-09-28,https://www.ebi.ac.uk/pride/archive/projects/PXD020803
PXD020842,4,5,Proteomics sequencing analysis revealed the pathogenesis of arterial dissection caused by hypertension,PARTIAL,2020-08-11,2020-09-14,https://www.ebi.ac.uk/pride/archive/projects/PXD020842
PXD020858,4,16,Mass spectrometry characterization of light chain fragmentation sites in cardiac AL amyloidosis: insights into the timing of proteolysis,PARTIAL,2020-08-12,2020-10-15,https://www.ebi.ac.uk/pride/archive/projects/PXD020858
PXD020870,4,6,"Nuclear phosphatidylinositol (3,4,5) triphosphate interactome uncovers an enrichment in nucleolar proteins",PARTIAL,2020-08-12,2021-06-28,https://www.ebi.ac.uk/pride/archive/projects/PXD020870
PXD020907,4,9,S. pombe LC-MS G4-binding proteins,PARTIAL,2020-08-14,2021-09-07,https://www.ebi.ac.uk/pride/archive/projects/PXD020907
PXD020923,4,18,A multi-omics angle sheds light on the molecular mechanisms underlying desiccation tolerance in Craterostigma plantagineum,COMPLETE,2020-08-16,2021-04-27,https://www.ebi.ac.uk/pride/archive/projects/PXD020923
PXD020949,4,17,"Coexistence of Pseudomonas aeruginosa with Candida albicans enhances biofilm thickness through increased extracellular matrix from both organisms, but is attenuated by N-acetyl-L-cysteine",PARTIAL,2020-08-17,2021-09-09,https://www.ebi.ac.uk/pride/archive/projects/PXD020949
PXD020986,4,9,PRL-1 selectively dephosphorylates TIMELESS,PARTIAL,2020-08-19,2020-11-11,https://www.ebi.ac.uk/pride/archive/projects/PXD020986
PXD020993,4,12,The FASTK family proteins are master regulators in mitochondrial RNA processing,COMPLETE,2020-08-19,2021-11-02,https://www.ebi.ac.uk/pride/archive/projects/PXD020993
PXD021040,4,6,Disruption of endothelial glycocalyx after ischemic stroke onset: Activated scission activity of proHPSE by acrolein exposure,COMPLETE,2020-08-21,2020-11-16,https://www.ebi.ac.uk/pride/archive/projects/PXD021040
PXD021101,4,5,The alterations of proteins expression related to insulin signaling pathway in the brain of phenobarbital addictive rats by TMT,PARTIAL,2020-08-25,2020-10-29,https://www.ebi.ac.uk/pride/archive/projects/PXD021101
PXD021192,4,5,Proteomic profiling of two distinct populations of extracellular vesicles isolated from human seminal plasma indicates their biogenesis by prostate epithelial cells and potential as biomarker for prostate cancer,PARTIAL,2020-08-28,2021-09-09,https://www.ebi.ac.uk/pride/archive/projects/PXD021192
PXD021232,4,12,Cancer-cell-secreted miR-122 suppresses O-GlcNAcylation to promote muscle proteolysis,PARTIAL,2020-09-01,2023-03-10,https://www.ebi.ac.uk/pride/archive/projects/PXD021232
PXD021330,4,20,Spatiotemporal processing of neural cell adhesion molecules 1 and 2 by BACE1 in vivo,PARTIAL,2020-09-08,2021-02-04,https://www.ebi.ac.uk/pride/archive/projects/PXD021330
PXD021335,4,12,identify the possible candidates that specifically bind to the 41-bp nucleotide sequence containing rs2431697,PARTIAL,2020-09-07,2020-11-04,https://www.ebi.ac.uk/pride/archive/projects/PXD021335
PXD021393,4,10,Multivalent lipid targeting by the calcium-independent C2A domain of Slp-4/granuphilin,PARTIAL,2020-09-10,2020-12-08,https://www.ebi.ac.uk/pride/archive/projects/PXD021393
PXD021462,4,8,"Proteomic analyses identify ANP32A and CAND1 as androgen receptor and splice variant coactivators, whose interactions are regulated by DNA-dependent protein kinase",PARTIAL,2020-09-14,2026-04-06,https://www.ebi.ac.uk/pride/archive/projects/PXD021462
PXD021474,4,18,Stress response of lettuce (Lactuca sativa) to environmental contamination with selected pharmaceuticals: a Proteomics study,COMPLETE,2020-09-15,2021-06-09,https://www.ebi.ac.uk/pride/archive/projects/PXD021474
PXD021506,4,5,Label-free shotgun proteomics of Triton X-100 insoluble fractions of Lon and FtsH conditional mutants of Mycoplasma pneumoniae under depleting and inducing conditions,PARTIAL,2020-09-16,2020-11-24,https://www.ebi.ac.uk/pride/archive/projects/PXD021506
PXD021514,4,18,Identification of WT and mutant OSBPL2 interactors,COMPLETE,2020-09-16,2023-03-10,https://www.ebi.ac.uk/pride/archive/projects/PXD021514
PXD021516,4,13,Strucuture-function relationships of an atypical secretory kinase essential for Toxoplasma gondii invasion,COMPLETE,2020-09-16,2021-05-11,https://www.ebi.ac.uk/pride/archive/projects/PXD021516
PXD021529,4,6,Identification of RPA1 interactome in mouse liver tissue,PARTIAL,2020-09-17,2022-07-19,https://www.ebi.ac.uk/pride/archive/projects/PXD021529
PXD021585,4,13,Proteomic analysis of virion and genomic fibre of Mimivirus reunion,COMPLETE,2021-02-04,2022-07-29,https://www.ebi.ac.uk/pride/archive/projects/PXD021585
PXD021612,4,5,A suite of tools for the study of tryptophan C-mannosylation - additional point mutants,PARTIAL,2020-09-22,2020-11-16,https://www.ebi.ac.uk/pride/archive/projects/PXD021612
PXD021658,4,5,"Thiol-ene microfluidic chip for fast on-chip sample clean-up, separation and ESI mass analysis of peptides and proteins",PARTIAL,2020-09-24,2020-10-19,https://www.ebi.ac.uk/pride/archive/projects/PXD021658
PXD021663,4,6,Phosphoproteomic analysis reveals Rio1 regulated protein metabolism in response to UV irradiation and multiple cellular processes in Sulfolobus islandicus REY15A,PARTIAL,2020-09-24,2020-11-05,https://www.ebi.ac.uk/pride/archive/projects/PXD021663
PXD021679,4,8,Identification of BAHCC1 protein interactors,PARTIAL,2020-09-25,2020-11-05,https://www.ebi.ac.uk/pride/archive/projects/PXD021679
PXD021705,4,6,Skeletonema dohrnii iTRAQ-LC-MSMS,PARTIAL,2020-09-28,2020-11-09,https://www.ebi.ac.uk/pride/archive/projects/PXD021705
PXD021708,4,7,In vitro crosslinking of PAX8 and PRDM3,PARTIAL,2021-03-09,2021-03-09,https://www.ebi.ac.uk/pride/archive/projects/PXD021708
PXD021766,4,10,Proteome of testicular extracellular vesicles,PARTIAL,2020-10-01,2022-02-17,https://www.ebi.ac.uk/pride/archive/projects/PXD021766
PXD021773,4,6,Systematic elucidation of neuron-astrocyte interaction in models of amyotrophic lateral sclerosis using multi-modal integrated bioinformatics workflow,PARTIAL,2020-10-01,2021-09-09,https://www.ebi.ac.uk/pride/archive/projects/PXD021773
PXD021781,4,12,Profile of growth factors in calf costochondral junction – the site of initial bone formation,COMPLETE,2020-10-02,2021-05-03,https://www.ebi.ac.uk/pride/archive/projects/PXD021781
PXD021787,4,9,Proximity-based proteomics reveals the thylakoid lumen proteome in the cyanobacterium Synechococcus sp. PCC 7002,PARTIAL,2020-10-02,2021-09-09,https://www.ebi.ac.uk/pride/archive/projects/PXD021787
PXD021844,4,16,Proteomic analysis of Brugia malayi microfilaria-derived extracellular vesicles,COMPLETE,2020-10-05,2021-01-12,https://www.ebi.ac.uk/pride/archive/projects/PXD021844
PXD021877,4,8,Quantitative Tyr Phosphoproteomic Analyses of Tumor Adaptive Response to MAPK Inhibition,PARTIAL,2020-10-07,2021-05-11,https://www.ebi.ac.uk/pride/archive/projects/PXD021877
PXD021942,4,8,NSMF promotes the replication stress-induced DNA damage response for genome maintenance,PARTIAL,2020-10-13,2021-09-09,https://www.ebi.ac.uk/pride/archive/projects/PXD021942
PXD021969,4,6,Protein kinase A phosphorylation of perilipin 5 on serine 155 regulates liver lipolysis via interactions with adipose triglyceride lipase,PARTIAL,2020-10-14,2021-03-11,https://www.ebi.ac.uk/pride/archive/projects/PXD021969
PXD022028,4,8,Host cholesterol modulates the generation and enrichment of persister population during Mycobacterium tuberculosis infection.,PARTIAL,2020-10-16,2020-10-16,https://www.ebi.ac.uk/pride/archive/projects/PXD022028
PXD022032,4,16,A novel structure of GPI anchored proteins,COMPLETE,2020-10-16,2022-05-31,https://www.ebi.ac.uk/pride/archive/projects/PXD022032
PXD022204,4,16,Intronic tRNAs of mitochondrial origin regulate constitutive and alternative splicing,COMPLETE,2020-10-27,2020-10-28,https://www.ebi.ac.uk/pride/archive/projects/PXD022204
PXD022223,4,5,Proteome analysis of Different types of Human teeth,PARTIAL,2020-10-28,2021-09-09,https://www.ebi.ac.uk/pride/archive/projects/PXD022223
PXD022267,4,5,Complex-dependent histone acetyltransferase activity of KAT8 determines its role in transcriptional regulation and cellular homeostasis [AP-MS],PARTIAL,2020-10-30,2021-06-29,https://www.ebi.ac.uk/pride/archive/projects/PXD022267
PXD022280,4,7,Spectral prediction features as a solution for the search space size problem in proteogenomics,PARTIAL,2020-11-02,2021-03-26,https://www.ebi.ac.uk/pride/archive/projects/PXD022280
PXD022445,4,10,Transcriptional repression of MFG-E8 causes disturbance in the homeostasis of Cell cycle through DOCK/ZP4/STAT signaling in mammary epithelial cells,PARTIAL,2020-11-10,2021-09-09,https://www.ebi.ac.uk/pride/archive/projects/PXD022445
PXD022473,4,12,Exploring the molecular machinery of denitrification in Haloferax mediterranei through proteomics,PARTIAL,2020-11-11,2020-12-07,https://www.ebi.ac.uk/pride/archive/projects/PXD022473
PXD022483,4,5,Global profiling of N-glycosylated proteins in the diatom Phaeodactylum tricornutum,PARTIAL,2020-11-12,2021-11-03,https://www.ebi.ac.uk/pride/archive/projects/PXD022483
PXD022506,4,14,Discovery of biomarkers in radioresistant MCF7R breast cancer xenografts,PARTIAL,2020-11-13,2021-01-04,https://www.ebi.ac.uk/pride/archive/projects/PXD022506
PXD022507,4,16,Proteomic invetsigations of archaeological ceramics from Tell Khaiber,COMPLETE,2020-11-13,2022-08-09,https://www.ebi.ac.uk/pride/archive/projects/PXD022507
PXD022515,4,12,Hexameric VCP/p97 reprograms transcription  by organizing enhancers with the  ASPSCR1-TFE3 fusion oncoprotein,PARTIAL,2020-11-13,2023-11-23,https://www.ebi.ac.uk/pride/archive/projects/PXD022515
PXD022530,4,12,PAM complex sequesters from TIM translocon and becomes part of an insoluble protein fraction under protein folding stress,PARTIAL,2020-11-13,2022-09-03,https://www.ebi.ac.uk/pride/archive/projects/PXD022530
PXD022597,4,17,Revealing Candida glabrata biofilm matrix proteome: global characterization and pH response,COMPLETE,2020-11-18,2024-02-22,https://www.ebi.ac.uk/pride/archive/projects/PXD022597
PXD022600,4,12,Constitutive Protein Kinase G Activation Exacerbates Stress-induced Cardiomyopathy,PARTIAL,2020-11-18,2023-07-20,https://www.ebi.ac.uk/pride/archive/projects/PXD022600
PXD022601,4,12,"Evolution of Modularity, Interactome and Functions of GIV/Girdin (CCDC88A) from Invertebrates to Vertebrates",PARTIAL,2020-11-18,2021-09-09,https://www.ebi.ac.uk/pride/archive/projects/PXD022601
PXD022718,4,8,Cellulomonas sp. B6 and C. fimi B-402 secretomes xylanases,PARTIAL,2020-11-25,2021-09-09,https://www.ebi.ac.uk/pride/archive/projects/PXD022718
PXD022725,4,12,An Alveolata secretory machinery adapted to parasite-host cell invasion _ ND10,PARTIAL,2020-11-25,2021-01-07,https://www.ebi.ac.uk/pride/archive/projects/PXD022725
PXD022763,4,6,"Conserved function of UPF0016 manganese transporter across human, plant and bacteria",PARTIAL,2020-11-26,2021-04-20,https://www.ebi.ac.uk/pride/archive/projects/PXD022763
PXD022766,4,9,"Interactome identification of a glycosylphosphatidylinositol-linked aspartyl protease, CgYps1, in the pathogenic yeast Candida glabrata",PARTIAL,2020-11-26,2021-02-08,https://www.ebi.ac.uk/pride/archive/projects/PXD022766
PXD022772,4,17,MS Annika: A new Cross-Linking Search Engine,PARTIAL,2020-11-26,2021-05-27,https://www.ebi.ac.uk/pride/archive/projects/PXD022772
PXD022785,4,23,Toxoplasma conoid proteome by BioID,COMPLETE,2020-11-27,2021-09-09,https://www.ebi.ac.uk/pride/archive/projects/PXD022785
PXD022880,4,7,Multi-omics revealed molecular mechanisms underlying guard cell systemic acquired resistance,PARTIAL,2020-12-03,2021-09-09,https://www.ebi.ac.uk/pride/archive/projects/PXD022880
PXD022904,4,10,Biochemical characterization of protease activity of Nsp3 from SARS-CoV-2 and its inhibition by nanobodies,PARTIAL,2020-12-04,2021-09-15,https://www.ebi.ac.uk/pride/archive/projects/PXD022904
PXD022907,4,13,Identification of interactors of AtNRG1B after treatment with Pfo carrying avrRps4 effector,COMPLETE,2020-12-04,2021-04-07,https://www.ebi.ac.uk/pride/archive/projects/PXD022907
PXD022918,4,10,iTRAQ-LC-MS/MS analysis of diatom Skeletonema dohrnii,PARTIAL,2020-12-04,2021-01-12,https://www.ebi.ac.uk/pride/archive/projects/PXD022918
PXD022973,4,6,Characterization of WN NS3 and AspN proteases,PARTIAL,2020-12-07,2021-02-04,https://www.ebi.ac.uk/pride/archive/projects/PXD022973
PXD023032,4,13,The immunopeptidome of HLA-DR from PBMC,COMPLETE,2020-12-10,2021-08-23,https://www.ebi.ac.uk/pride/archive/projects/PXD023032
PXD023058,4,8,Rapid and high coverage profile of human cysteineome-Figure 6,PARTIAL,2020-12-11,2021-02-03,https://www.ebi.ac.uk/pride/archive/projects/PXD023058
PXD023082,4,8,Immunoprecipitation-Mass Spectrometry (IP-MS) identifies components of a Mce4A-containing complex,PARTIAL,2020-12-12,2022-02-16,https://www.ebi.ac.uk/pride/archive/projects/PXD023082
PXD023279,4,16,Identification of proteins that interacted with DPYSL2,PARTIAL,2020-12-22,2021-09-09,https://www.ebi.ac.uk/pride/archive/projects/PXD023279
PXD023321,4,13,DDX24 promotes hepatocellular carcinoma progression via NCL dependent signaling pathway,PARTIAL,2020-12-26,2021-01-29,https://www.ebi.ac.uk/pride/archive/projects/PXD023321
PXD023345,4,6,Phosphoproteomics Data of pancreatic cancers cells treated with anlotinib,PARTIAL,2021-01-04,2021-09-09,https://www.ebi.ac.uk/pride/archive/projects/PXD023345
PXD023483,4,5,Nanobodies peptide/glycopeptide identification,PARTIAL,2021-01-08,2021-09-09,https://www.ebi.ac.uk/pride/archive/projects/PXD023483
PXD023523,4,8,RNA antisnse puriification of Tau exon 10 pre-mRNA,PARTIAL,2021-01-11,2022-02-16,https://www.ebi.ac.uk/pride/archive/projects/PXD023523
PXD023527,4,10,Identification of proteins that interacted with ESCO2,COMPLETE,2021-01-11,2021-09-09,https://www.ebi.ac.uk/pride/archive/projects/PXD023527
PXD023543,4,8,Comparative proteomic analysis of different parts of Taenia hydatigena,PARTIAL,2021-01-12,2021-04-22,https://www.ebi.ac.uk/pride/archive/projects/PXD023543
PXD023718,4,12,BioID using Rac1G15A in human podocyte,PARTIAL,2021-01-21,2023-03-11,https://www.ebi.ac.uk/pride/archive/projects/PXD023718
PXD023752,4,21,RGS10L phosphorylation site determination Top-Down,PARTIAL,2021-01-22,2021-11-03,https://www.ebi.ac.uk/pride/archive/projects/PXD023752
PXD023904,4,8,Deep Visual Proteomics defines single-cell identity and heterogeneity,PARTIAL,2021-10-06,2022-04-27,https://www.ebi.ac.uk/pride/archive/projects/PXD023904
PXD023985,4,6,Proteome-wide identification of Lysine Methylation on non-histone of tomato (Solanum Lycopersicum) during ripening,PARTIAL,2021-02-04,2023-03-11,https://www.ebi.ac.uk/pride/archive/projects/PXD023985
PXD023986,4,8,Ubiquitin chain types on ubiquitinated VPS34 in the presence or absence of UBE3C in vitro LC-MSMS,PARTIAL,2021-02-04,2021-02-17,https://www.ebi.ac.uk/pride/archive/projects/PXD023986
PXD023996,4,8,The non-radioactive SUnSET assay to measure glucose-induced protein synthesis in human β-cells,PARTIAL,2021-02-04,2021-07-27,https://www.ebi.ac.uk/pride/archive/projects/PXD023996
PXD024116,4,13,Endothelial ether lipids link blood vessels to neurodegeneration,COMPLETE,2021-02-10,2021-09-10,https://www.ebi.ac.uk/pride/archive/projects/PXD024116
PXD024131,4,6,Puf6 ushers correct rRNA compaction during ribosome assembly,PARTIAL,2021-02-11,2021-06-28,https://www.ebi.ac.uk/pride/archive/projects/PXD024131
PXD024139,4,6,Intensity-based absolute quantification (iBAQ) of proteins in MDA-MB231,PARTIAL,2021-02-11,2021-05-14,https://www.ebi.ac.uk/pride/archive/projects/PXD024139
PXD024141,4,7,U2OS SLX4IP Knockout Telomere PICh,PARTIAL,2021-02-11,2022-02-16,https://www.ebi.ac.uk/pride/archive/projects/PXD024141
PXD024151,4,7,Escherichia coli proteome upon sudden carbon starvation,PARTIAL,2021-02-12,2021-03-09,https://www.ebi.ac.uk/pride/archive/projects/PXD024151
PXD024160,4,9,Nse5/6 inhibits the Smc5/6 ATPase and modulates DNA substrate binding,PARTIAL,2021-05-11,2021-07-02,https://www.ebi.ac.uk/pride/archive/projects/PXD024160
PXD024198,4,15,Phenotypic manifestation of-synuclein strains amplified from Parkinson’s disease and multiple system atrophy in human dopaminergic neurons,PARTIAL,2021-02-16,2021-04-19,https://www.ebi.ac.uk/pride/archive/projects/PXD024198
PXD024202,4,6,The eye proteome of hadal snailfish from Mariana Trench,PARTIAL,2021-02-16,2021-08-06,https://www.ebi.ac.uk/pride/archive/projects/PXD024202
PXD024203,4,72,"Potential, Properties and Sources of Plant Derived Extracellular Vesicles and Nanovesicles",PARTIAL,2021-02-16,2021-03-30,https://www.ebi.ac.uk/pride/archive/projects/PXD024203
PXD024232,4,6,Proteome profile of Methicillin-Resistant Staphylococcus aureus Membrane-Derived Vesicles grown in presence of sub-MIC dosage of Vancomycin,PARTIAL,2021-02-18,2021-11-03,https://www.ebi.ac.uk/pride/archive/projects/PXD024232
PXD024405,4,7,Protamine characterization by top-down proteomics: Boosting proteoform identification with DBSCAN,PARTIAL,2021-02-26,2021-05-13,https://www.ebi.ac.uk/pride/archive/projects/PXD024405
PXD024418,4,10,Expression Signature and Regulatory Role of miRNAs in Hepatocellular Carcinoma-Induced Cancer Associated Fibroblasts,COMPLETE,2021-03-01,2022-04-19,https://www.ebi.ac.uk/pride/archive/projects/PXD024418
PXD024439,4,5,Identification of protein co-localized with Foxl2 on chromatin,PARTIAL,2021-03-01,2022-07-11,https://www.ebi.ac.uk/pride/archive/projects/PXD024439
PXD024469,4,5,Identification of the CFAP61 interactome from mouse testis to identify its role in cilia function,PARTIAL,2021-03-02,2021-12-02,https://www.ebi.ac.uk/pride/archive/projects/PXD024469
PXD024492,4,21,LC-MS/MS analysis of Prp28-K136BPA experiment,COMPLETE,2021-03-03,2021-04-20,https://www.ebi.ac.uk/pride/archive/projects/PXD024492
PXD024493,4,25,LC-MS/MS analysis of Prp28-E326BPA experiment,COMPLETE,2021-03-03,2021-04-20,https://www.ebi.ac.uk/pride/archive/projects/PXD024493
PXD024519,4,8,XL-MS analysis of human tyrosine hydroxylase,PARTIAL,2021-03-04,2021-12-22,https://www.ebi.ac.uk/pride/archive/projects/PXD024519
PXD024562,4,8,Digging deeper into the HLA peptidome – Characterization of the post-translationally modified peptides,PARTIAL,2021-03-08,2021-06-07,https://www.ebi.ac.uk/pride/archive/projects/PXD024562
PXD024563,4,7,Structure and Function of GLR3.4,PARTIAL,2021-03-08,2022-10-14,https://www.ebi.ac.uk/pride/archive/projects/PXD024563
PXD024582,4,16,Identification of alpha-satellite RNA interacting proteins,COMPLETE,2021-03-08,2022-08-12,https://www.ebi.ac.uk/pride/archive/projects/PXD024582
PXD024602,4,8,LILRA3-GFP and GFP only Transfected HEK293T cells LC-MSMS,PARTIAL,2021-03-09,2021-04-08,https://www.ebi.ac.uk/pride/archive/projects/PXD024602
PXD024628,4,5,Control and Ikbkap-knockout MEFs LC-MSMS,PARTIAL,2021-03-10,2022-02-17,https://www.ebi.ac.uk/pride/archive/projects/PXD024628
PXD024637,4,8,Shotgun LC-MS analysis of aorta and liver tissues from WT and Gal-1 KO mice to study the role of Galectin-1 in vascular remodeling in atherosclerosis and abdominal aortic aneurysm,PARTIAL,2021-03-10,2022-04-04,https://www.ebi.ac.uk/pride/archive/projects/PXD024637
PXD024640,4,6,BS3 intermolecular crosslinking map of SAGA and SLIK (SAGA-like) transcription coactivators,PARTIAL,2021-03-10,2021-04-19,https://www.ebi.ac.uk/pride/archive/projects/PXD024640
PXD024644,4,67,LMTK3 inhibition affects microtubule stability,COMPLETE,2021-03-10,2021-09-10,https://www.ebi.ac.uk/pride/archive/projects/PXD024644
PXD024647,4,14,proteomics of small extracellular vesicles (sEVs) from adipose tissue derived mesenchymal stem cells (AD-MSCs) stimulated with or without IFN-γ,COMPLETE,2021-03-10,2021-09-10,https://www.ebi.ac.uk/pride/archive/projects/PXD024647
PXD024669,4,8,MALDI-MS Profiling of Intact Blood Proteins without the Need for Freezing - Dried Serum Spots as Future Clinical Tools for Patient Screening,PARTIAL,2021-03-11,2021-05-20,https://www.ebi.ac.uk/pride/archive/projects/PXD024669
PXD024671,4,9,The structural heterogeneity of α-synuclein is governed by several distinct subpopulations with interconversion times slower than milliseconds,PARTIAL,2021-03-11,2022-10-14,https://www.ebi.ac.uk/pride/archive/projects/PXD024671
PXD024690,4,8,Identification of Siglec-7-ligand candidates on JVM-3 human B cell line by proximity labeling,PARTIAL,2021-03-12,2022-05-31,https://www.ebi.ac.uk/pride/archive/projects/PXD024690
PXD024744,4,20,Proteomic analysis of Caenorhabditis elegans wound model reveals novel molecular players involved in repair,PARTIAL,2021-03-15,2021-04-16,https://www.ebi.ac.uk/pride/archive/projects/PXD024744
PXD024983,4,8,Bifunctional dehalogenases in Dehalococcoides mediate complete debromination of penta- and tetra-brominated diphenyl ethers,PARTIAL,2021-03-25,2021-06-16,https://www.ebi.ac.uk/pride/archive/projects/PXD024983
PXD025066,4,11,Furan warheads for covalent trapping of weak protein-protein interactions: specific cross-linking of thymosin β4 to actin,COMPLETE,2021-03-29,2021-05-13,https://www.ebi.ac.uk/pride/archive/projects/PXD025066
PXD025097,4,13,Mouse liver proteome fractionation using leptin-based cartridges.,PARTIAL,2021-03-30,2021-07-30,https://www.ebi.ac.uk/pride/archive/projects/PXD025097
PXD025175,4,12,LPC 18:1 protein interaction (OPC),COMPLETE,2021-04-06,2022-02-17,https://www.ebi.ac.uk/pride/archive/projects/PXD025175
PXD025195,4,6,An androgen signaling axis uses a writer and a reader of ADP-ribosylation to control protein complex assembly,PARTIAL,2021-04-06,2021-04-23,https://www.ebi.ac.uk/pride/archive/projects/PXD025195
PXD025218,4,5,N-linked glycoproteins from exosome-depleted excretory-secretory products of fourth-stage larval Angiostrongylus cantonensis promotes alternative activation of macrophages through metabolic reprogramming by the PI3K-Akt pathway,PARTIAL,2021-04-06,2021-07-28,https://www.ebi.ac.uk/pride/archive/projects/PXD025218
PXD025242,4,5,Co-immunopercipitation of YPEL4 protein in mouse hematopoietic cells,PARTIAL,2021-04-07,2021-08-06,https://www.ebi.ac.uk/pride/archive/projects/PXD025242
PXD025289,4,13,Mitochondrial Proteostasis Requires Genes Encoded in a Neurodevelopmental Syndrome Locus,PARTIAL,2021-04-09,2022-02-17,https://www.ebi.ac.uk/pride/archive/projects/PXD025289
PXD025295,4,5,Proteomic analysis of S-nitrosylation in HUVECs,PARTIAL,2021-04-09,2021-06-03,https://www.ebi.ac.uk/pride/archive/projects/PXD025295
PXD025330,4,5,CEP128 mutations impair spermatogenesis in humans and mice,PARTIAL,2021-04-13,2022-05-20,https://www.ebi.ac.uk/pride/archive/projects/PXD025330
PXD025369,4,5,Comparison of human primordial oocyte follicles to ovarian somatic cells,PARTIAL,2021-12-21,2022-05-09,https://www.ebi.ac.uk/pride/archive/projects/PXD025369
PXD025386,4,21,Characterization of PARP-6 function in knock out mice and patients with developmental delay,PARTIAL,2021-04-14,2021-07-21,https://www.ebi.ac.uk/pride/archive/projects/PXD025386
PXD025469,4,6,Quantification of Peptide 2 (RLLWENGNL) concentration in the mouse plasma,PARTIAL,2021-04-19,2022-02-17,https://www.ebi.ac.uk/pride/archive/projects/PXD025469
PXD025587,4,6,Quantitative proteomics identifies Ola1p as a positive regulator of heat shock response in Saccharomyces cerevisiae,PARTIAL,2021-04-23,2022-02-17,https://www.ebi.ac.uk/pride/archive/projects/PXD025587
PXD025590,4,6,Proteome characterization of BALF extracellular vesicles in Idiopathic Pulmonary Fibrosis: unveiling undercover molecular pathways.,PARTIAL,2021-04-23,2021-08-06,https://www.ebi.ac.uk/pride/archive/projects/PXD025590
PXD025676,4,6,Suv4-20h2 protects from influenza virus infection through suppression of chromatin loop formation,PARTIAL,2021-04-28,2021-05-13,https://www.ebi.ac.uk/pride/archive/projects/PXD025676
PXD025726,4,11,E2 Rad6 controls cellular response to oxidative stress,PARTIAL,2021-04-30,2022-08-12,https://www.ebi.ac.uk/pride/archive/projects/PXD025726
PXD025757,4,6,A Chemoproteomic Approach toward Probing the Interactomes of Perfluoroalkyl Substances,PARTIAL,2021-05-03,2022-08-12,https://www.ebi.ac.uk/pride/archive/projects/PXD025757
PXD025776,4,13,CaMKII phosphorylates βIV-spectrin in heart,COMPLETE,2021-05-04,2022-02-17,https://www.ebi.ac.uk/pride/archive/projects/PXD025776
PXD025835,4,5,Systematic analysis of the lysine malonylome in Sanghuangporus sanghuang,PARTIAL,2021-05-06,2022-02-17,https://www.ebi.ac.uk/pride/archive/projects/PXD025835
PXD025886,4,9,Site-specific N- and O-glycosylation Analysis of Human Plasma Fibronectin,PARTIAL,2021-05-07,2022-02-17,https://www.ebi.ac.uk/pride/archive/projects/PXD025886
PXD025940,4,12,Proteome-wide and matrisome-specific atlas of the human ovary from prepuberty to menopause,COMPLETE,2021-05-11,2022-04-06,https://www.ebi.ac.uk/pride/archive/projects/PXD025940
PXD025967,4,37,Deciphering the O-glycosylation of HKU1 Spike Protein with the Dual-Functional Hydrophilic Interaction Chromatography Materials,COMPLETE,2021-05-12,2022-02-17,https://www.ebi.ac.uk/pride/archive/projects/PXD025967
PXD025970,4,5,Protein and Signaling Pathway Responses to rhIL-6 Intervention before Lobaplatin Treatment in Osteosarcoma Cells using Quantitative Phosphoproteome Analysis,PARTIAL,2021-05-12,2022-02-17,https://www.ebi.ac.uk/pride/archive/projects/PXD025970
PXD026046,4,8,A peptide CORO1C-47aa encoded by circ-0000437 functions as a negative regulator in endometrium tumor angiogenesis,PARTIAL,2021-05-17,2022-02-17,https://www.ebi.ac.uk/pride/archive/projects/PXD026046
PXD026116,4,13,Rintatolimod induces antiviral activities in human pancreatic cancer cells: opening for an anti-COVID-19 opportunity in cancer patients?,COMPLETE,2021-05-20,2022-02-17,https://www.ebi.ac.uk/pride/archive/projects/PXD026116
PXD026136,4,5,Data for the Blood Proteoform Atlas:DS-25:B Cell (BM):Bone marrow,PARTIAL,2021-05-20,2022-02-03,https://www.ebi.ac.uk/pride/archive/projects/PXD026136
PXD026137,4,5,Data for the Blood Proteoform Atlas:DS-26:Pre-B-I (BM):Bone marrow,PARTIAL,2021-05-20,2022-02-03,https://www.ebi.ac.uk/pride/archive/projects/PXD026137
PXD026138,4,5,Data for the Blood Proteoform Atlas:DS-27:Pre-B-II (BM):Bone marrow,PARTIAL,2021-05-20,2022-02-03,https://www.ebi.ac.uk/pride/archive/projects/PXD026138
PXD026139,4,5,Data for the Blood Proteoform Atlas:DS-28:Pre-B-III (BM):Bone marrow,PARTIAL,2021-05-20,2022-02-03,https://www.ebi.ac.uk/pride/archive/projects/PXD026139
PXD026226,4,6,"RASSF1C oncogene elicits amoeboid invasion, cancer stemness and invasive EVs via a novel SRC/Rho axis",PARTIAL,2021-05-24,2021-10-07,https://www.ebi.ac.uk/pride/archive/projects/PXD026226
PXD026322,4,19,Activated interleukin-7 receptor signaling drives B-cell acute lymphoblastic leukemia in mice,PARTIAL,2021-05-28,2021-06-28,https://www.ebi.ac.uk/pride/archive/projects/PXD026322
PXD026372,4,5,Identification of Drosophila salivary gland secreted proteins through LC-MS/MS,PARTIAL,2021-05-31,2021-11-25,https://www.ebi.ac.uk/pride/archive/projects/PXD026372
PXD026427,4,145,Enhanced Access to the Human Phosphoproteome with Genetically Encoded Phosphothreonine,COMPLETE,2021-06-02,2022-11-11,https://www.ebi.ac.uk/pride/archive/projects/PXD026427
PXD026432,4,12,Enhanced Access to the Human Phosphoproteome with Genetically Encoded Phosphothreonine,COMPLETE,2021-06-02,2022-11-11,https://www.ebi.ac.uk/pride/archive/projects/PXD026432
PXD026463,4,9,Iimmunopeptidomics pipeline for generation of personalized oncolytic cancer vaccines.,PARTIAL,2021-06-03,2022-04-06,https://www.ebi.ac.uk/pride/archive/projects/PXD026463
PXD026508,4,21,Withaferin A inhibits LFA-1-stimulated ZAP70 activity and T-cell motility,PARTIAL,2021-06-07,2022-02-17,https://www.ebi.ac.uk/pride/archive/projects/PXD026508
PXD026579,4,8,Multiplexed drug-based selection and counterselection genetic manipulations in Drosophila,PARTIAL,2021-06-09,2022-02-17,https://www.ebi.ac.uk/pride/archive/projects/PXD026579
PXD026635,4,8,CNNM proteins selectively bind to the TRPM7 channel to stimulate divalent cation entry into cells,PARTIAL,2021-06-11,2021-11-15,https://www.ebi.ac.uk/pride/archive/projects/PXD026635
PXD026707,4,4,Rat heart proteomics in a spinal cord injury,PARTIAL,2021-06-15,2022-01-17,https://www.ebi.ac.uk/pride/archive/projects/PXD026707
PXD026740,4,9,Capturing Salmonella SspH2 Host Targets in Virus-Like Particles,PARTIAL,2021-06-16,2022-02-17,https://www.ebi.ac.uk/pride/archive/projects/PXD026740
PXD026767,4,7,Proteomics analysis of Candida albicans 90028 extracellular vesicles,PARTIAL,2021-06-18,2021-11-12,https://www.ebi.ac.uk/pride/archive/projects/PXD026767
PXD026787,4,5,Mesenchymal stem cells from an inflammed area and normal tissue post anterior cruciate ligament injury,PARTIAL,2021-06-18,2021-10-04,https://www.ebi.ac.uk/pride/archive/projects/PXD026787
PXD026822,4,5,Extracellular vesicle-mediated communication between hepatocytes and natural killer cells promotes hepatocellular tumorigenesis,PARTIAL,2021-06-21,2023-03-11,https://www.ebi.ac.uk/pride/archive/projects/PXD026822
PXD026945,4,9,shotgun LC/MS/MS of L(3)mbt-IP samples using OSCs,PARTIAL,2021-06-27,2022-08-15,https://www.ebi.ac.uk/pride/archive/projects/PXD026945
PXD027000,4,8,CGG repeat RNA binding protein capture identifies SRSF protein kinase 1 as a modulator of RAN translation and suppressor of repeat toxicity,PARTIAL,2021-06-30,2021-09-28,https://www.ebi.ac.uk/pride/archive/projects/PXD027000
PXD027007,4,5,Crotonylation of GAPDH regulates human embryonic stem cell endodermal lineage differentiation and metabolic switch,PARTIAL,2021-06-30,2022-10-27,https://www.ebi.ac.uk/pride/archive/projects/PXD027007
PXD027014,4,5,Identification of proteins specifically binding to ac4C RNA probes,PARTIAL,2021-06-30,2021-07-20,https://www.ebi.ac.uk/pride/archive/projects/PXD027014
PXD027031,4,17,Wild type enrichment of a 25-phospho-steroid kinase involved in anaerobic steroid degradation,COMPLETE,2021-07-01,2022-02-17,https://www.ebi.ac.uk/pride/archive/projects/PXD027031
PXD027037,4,6,Ubiquitome profiling reveals metabolism related cell senescence and protein translation modified by UPL3,PARTIAL,2021-07-01,2022-10-14,https://www.ebi.ac.uk/pride/archive/projects/PXD027037
PXD027042,4,25,Expanding the Family of Extracellular Chaperones: Identification of Plasma Proteins with Chaperone Activity,COMPLETE,2021-07-01,2021-09-24,https://www.ebi.ac.uk/pride/archive/projects/PXD027042
PXD027050,4,16,Inhibition of BET proteins during adolescence affects prefrontal cortex development: relevance to schizophrenia,COMPLETE,2021-07-02,2021-09-07,https://www.ebi.ac.uk/pride/archive/projects/PXD027050
PXD027063,4,9,Multiomics analysis of keratin degradation by Fervidobacterium islandicum AW-1,PARTIAL,2021-07-02,2026-03-16,https://www.ebi.ac.uk/pride/archive/projects/PXD027063
PXD027203,4,12,Evaluation of mass spectrometry MS/MS spectra for the presence of isopeptide crosslinked peptides,PARTIAL,2021-07-09,2022-02-17,https://www.ebi.ac.uk/pride/archive/projects/PXD027203
PXD027352,4,10,Sub-centrosomal mapping identifies augmin-TuRC as part of a centriole-stabilizing scaffold,PARTIAL,2021-07-16,2022-02-17,https://www.ebi.ac.uk/pride/archive/projects/PXD027352
PXD027417,4,6,Global identification and systematic analysis of lysine malonylation in maize (Zea mays L.,PARTIAL,2021-07-19,2021-08-19,https://www.ebi.ac.uk/pride/archive/projects/PXD027417
PXD027505,4,6,Altered porcine PBMC proteome and secretome after stimulation with BanLec,PARTIAL,2021-07-22,2021-08-26,https://www.ebi.ac.uk/pride/archive/projects/PXD027505
PXD027515,4,18,Quantitative changes in the Emiliania huxleyi proteome during recalcification,PARTIAL,2021-07-23,2023-04-25,https://www.ebi.ac.uk/pride/archive/projects/PXD027515
PXD027518,4,66,Metaproteomic of ARADs (Atacama Rover Astrobiology Drilling Studies) field campaign samples as part of the NASA ASTEP project carried out in September 2019.,COMPLETE,2021-07-23,2024-05-22,https://www.ebi.ac.uk/pride/archive/projects/PXD027518
PXD027566,4,12,"Plasmodium falciparum exported protein, PTP7, co-immunoprecipitation LC-MSMS",PARTIAL,2021-07-26,2022-07-04,https://www.ebi.ac.uk/pride/archive/projects/PXD027566
PXD027640,4,20,The Mediator complex in the malaria parasite Plasmodium falciparum contains evolutionarily novel subunits,PARTIAL,2021-07-29,2022-05-09,https://www.ebi.ac.uk/pride/archive/projects/PXD027640
PXD027667,4,6,Beta-synuclein potentiates synaptic vesicle dopamine uptake and rescues dopaminergic neurons from MPTP-induced death in the absence of other synucleins,PARTIAL,2021-09-15,2021-11-29,https://www.ebi.ac.uk/pride/archive/projects/PXD027667
PXD027727,4,8,ASF1 acts with RIF1 to promote DNA end-joining in BRCA1 deficient cells,PARTIAL,2021-08-05,2022-06-09,https://www.ebi.ac.uk/pride/archive/projects/PXD027727
PXD027729,4,10,Trypanosoma brucei Trypanothione synthetase modification by Ebselen,PARTIAL,2021-08-05,2022-04-04,https://www.ebi.ac.uk/pride/archive/projects/PXD027729
PXD027741,4,6,Laser capture microdissection-capillary zone electrophoresis-tandem mass spectrometry (LCM-CZE-MS/MS) for spatially resolved top-down proteomics: a pilot study of zebrafish brain,PARTIAL,2021-08-05,2023-03-11,https://www.ebi.ac.uk/pride/archive/projects/PXD027741
PXD027794,4,25,Effect of therapy-induced secretomes on the proteome of ovarian cancer cells,COMPLETE,2021-08-06,2024-05-29,https://www.ebi.ac.uk/pride/archive/projects/PXD027794
PXD027801,4,5,DNA-protein affinity precipitation to identify proteins interacting with the atpT promoter in Synechocystis sp. PCC 6803,PARTIAL,2021-08-09,2022-04-14,https://www.ebi.ac.uk/pride/archive/projects/PXD027801
PXD027812,4,12,Proteome landscape of schizophrenia in patient-derived cerebral organoids,PARTIAL,2021-08-09,2021-11-17,https://www.ebi.ac.uk/pride/archive/projects/PXD027812
PXD027944,4,13,Analysing alpha4 and alpha9 integrin complex partners,COMPLETE,2021-08-16,2022-02-17,https://www.ebi.ac.uk/pride/archive/projects/PXD027944
PXD028022,4,5,Proteomic analysis in S100A16-overexpressed human gastric cancer cells lines,PARTIAL,2021-08-19,2022-02-17,https://www.ebi.ac.uk/pride/archive/projects/PXD028022
PXD028047,4,6,The periplasmic oxidoreductase DsbA is required for virulence of the phytopathogen Dickeya solani,PARTIAL,2021-08-20,2022-02-15,https://www.ebi.ac.uk/pride/archive/projects/PXD028047
PXD028092,4,8,Transcriptome-wide identification of coding and noncoding RNA-binding proteins defines the extended RNA interactome of Leishmania mexicana,PARTIAL,2021-08-24,2022-01-14,https://www.ebi.ac.uk/pride/archive/projects/PXD028092
PXD028153,4,8,New protein hormone peptides were identified by mass spectrometry of mouse serum protein under fasting and refeeding state,PARTIAL,2021-08-26,2024-10-10,https://www.ebi.ac.uk/pride/archive/projects/PXD028153
PXD028241,4,14,Proteomic analysis of sulfur-respiring haloarchaea from hypersaline lakes,PARTIAL,2021-09-20,2022-12-25,https://www.ebi.ac.uk/pride/archive/projects/PXD028241
PXD028368,4,11,Profiling of IgG N-glycome in gastric cancer by MALDI-TOF-MS,PARTIAL,2021-09-09,2025-05-06,https://www.ebi.ac.uk/pride/archive/projects/PXD028368
PXD028372,4,7,Characterization of a novel membrane complex required for docking and regulated exocytosis of lysosome-related organelles in Tetrahymena thermophila,PARTIAL,2021-09-09,2022-04-06,https://www.ebi.ac.uk/pride/archive/projects/PXD028372
PXD028374,4,9,Ets-2 propagates IL-6 trans-signaling mediated osteoclast-like changes in human rheumatoid arthritis synovial fibroblast,PARTIAL,2021-09-09,2021-11-02,https://www.ebi.ac.uk/pride/archive/projects/PXD028374
PXD028379,4,8,pyruvate dehydrogenase kinase 4 regulate mitochondrial dynamics,COMPLETE,2021-09-09,2023-03-10,https://www.ebi.ac.uk/pride/archive/projects/PXD028379
PXD028432,4,32,Salvi_PNAS_Phosphoproteome_ATRwt-cko,COMPLETE,2021-09-09,2022-04-01,https://www.ebi.ac.uk/pride/archive/projects/PXD028432
PXD028557,4,6,Inability to switch from ARID1A-BAF to ARID1B-BAF impairs exit from pluripotency and commitment towards neural crest formation in ARID1B-related neurodevelopmental disorders,PARTIAL,2021-09-16,2021-10-12,https://www.ebi.ac.uk/pride/archive/projects/PXD028557
PXD028791,4,9,Identification of β-lactamases produced by Enterobacteriaceae,PARTIAL,2021-09-27,2022-06-08,https://www.ebi.ac.uk/pride/archive/projects/PXD028791
PXD028874,4,13,The HLA ligandome comprises a limited repertoire of O-GlcNAcylated antigens preferentially associated with HLA-B07:02,PARTIAL,2021-09-30,2021-12-03,https://www.ebi.ac.uk/pride/archive/projects/PXD028874
PXD028910,4,16,Campylobacter gene regulation in C. jejuni,PARTIAL,2021-10-04,2021-11-03,https://www.ebi.ac.uk/pride/archive/projects/PXD028910
PXD028918,4,9,FAT10 is phosphorylated by IKKβ to inhibit the antiviral type-I interferon response,PARTIAL,2021-10-04,2023-11-07,https://www.ebi.ac.uk/pride/archive/projects/PXD028918
PXD028932,4,6,"TMT-labeled quantitative phosphoproteomics of mouse ovaries-Chronic resistant stress (CRS), High salt (HS), Arecoline and control group, two repeats each",PARTIAL,2021-10-04,2024-05-22,https://www.ebi.ac.uk/pride/archive/projects/PXD028932
PXD028945,4,12,GFI1 tethers the NuRD complex to open and transcriptionally active chromatin in myeloid progenitors,COMPLETE,2021-10-05,2021-11-02,https://www.ebi.ac.uk/pride/archive/projects/PXD028945
PXD028961,4,6,"Label-free quantitative crotonylproteomics of mouse ovaries-Chronic resistant stress (CRS) and control group, two repeats each",PARTIAL,2021-10-06,2024-05-22,https://www.ebi.ac.uk/pride/archive/projects/PXD028961
PXD029089,4,6,Isolation and characterisation of a 14kDa adhesin protein from Rhizobium leguminosarum biovar viciae 3841,PARTIAL,2021-10-12,2024-08-19,https://www.ebi.ac.uk/pride/archive/projects/PXD029089
PXD029117,4,12,GM1 promotes early Aβ oligomer formation and maintenance,PARTIAL,2021-10-14,2023-05-10,https://www.ebi.ac.uk/pride/archive/projects/PXD029117
PXD029256,4,10,The catalytic activity of TCPTP is auto-regulated by its intrinsically disordered tail and activated by Integrin alpha-1,PARTIAL,2021-10-21,2021-11-10,https://www.ebi.ac.uk/pride/archive/projects/PXD029256
PXD029297,4,10,Quantitative Proteomics Reveals the role of Lysine 2-hydroxyisobutyrylation Pathway mediated by Tip60,PARTIAL,2021-10-22,2022-02-22,https://www.ebi.ac.uk/pride/archive/projects/PXD029297
PXD029345,4,9,Identification of Yap-interacting proteins in Xenopus egg extracts by co-immunoprecipitation coupled to LC/MS/MS,COMPLETE,2021-10-25,2022-08-09,https://www.ebi.ac.uk/pride/archive/projects/PXD029345
PXD029394,4,12,Nesocodon mauritianus nectar proteins,COMPLETE,2021-10-28,2021-11-04,https://www.ebi.ac.uk/pride/archive/projects/PXD029394
PXD029431,4,5,Enrichment and Proteomic Identification of Cryptosporidium parvum Oocyst Wall,PARTIAL,2021-10-29,2022-10-05,https://www.ebi.ac.uk/pride/archive/projects/PXD029431
PXD029541,4,7,Secretomics of TGF-B1-stimulated IMR-90 cells with and without sanglifehrin A,PARTIAL,2021-11-03,2024-10-17,https://www.ebi.ac.uk/pride/archive/projects/PXD029541
PXD029579,4,6,Biotin-13-cis retinoic acid pulldown LC-MSMS,PARTIAL,2021-11-04,2022-01-14,https://www.ebi.ac.uk/pride/archive/projects/PXD029579
PXD029614,4,9,Total membrane proteome analysis of Candida glabrata wild-type and eleven CgYapsins-deficient strain Cgyps1-11∆.,PARTIAL,2021-11-08,2022-04-04,https://www.ebi.ac.uk/pride/archive/projects/PXD029614
PXD029629,4,6,Label-free quantitative total membrane proteome analysis of Candida glabrata wild-type and eleven CgYapsins-deficient strain Cgyps1-11∆.,PARTIAL,2021-11-09,2022-04-04,https://www.ebi.ac.uk/pride/archive/projects/PXD029629
PXD029781,4,8,CerS2 dependent Sphingolipid - protein interactions in rat beta cell line Ins1E,PARTIAL,2021-11-17,2022-09-22,https://www.ebi.ac.uk/pride/archive/projects/PXD029781
PXD029866,4,5,A Global Phosphorylation Atlas of Proteins within Pathological Site of Rotator Cuff Tendinopathy,PARTIAL,2021-11-22,2021-12-24,https://www.ebi.ac.uk/pride/archive/projects/PXD029866
PXD030059,4,11,Cell-Lineage Guided Mass Spectrometry Proteomics in the Developing (Frog) Embryo,PARTIAL,2021-11-30,2022-02-23,https://www.ebi.ac.uk/pride/archive/projects/PXD030059
PXD030079,4,21,Autophagic vesicle content profiling from hippocampal slices LC-MSMS,PARTIAL,2021-11-30,2022-01-10,https://www.ebi.ac.uk/pride/archive/projects/PXD030079
PXD030240,4,9,Multiplexed Exosome proteomics from mouse tissues,PARTIAL,2021-12-08,2022-01-22,https://www.ebi.ac.uk/pride/archive/projects/PXD030240
PXD030335,4,13,Identification of TBBPA-degraders in anaerobic bioreactor at environmentally relevant concentrations by combined protein-based stable isotope probing and metagenomics,PARTIAL,2021-12-12,2022-09-12,https://www.ebi.ac.uk/pride/archive/projects/PXD030335
PXD030340,4,13,Human Yeast Dilution TMT labelled Rescored with Prosit.,PARTIAL,2021-12-12,2022-06-09,https://www.ebi.ac.uk/pride/archive/projects/PXD030340
PXD030361,4,10,SMNDC1 links chromatin remodeling and splicing to regulate pancreatic hormone expression,PARTIAL,2021-12-13,2022-07-01,https://www.ebi.ac.uk/pride/archive/projects/PXD030361
PXD030382,4,5,"Mapping of a N-terminal alpha-helix domain required for human PINK1 stabilisation, Serine228 autophosphorylation and activation in cells",PARTIAL,2021-12-14,2022-02-17,https://www.ebi.ac.uk/pride/archive/projects/PXD030382
PXD030384,4,10,Heterologous Expression of MBP-AtABC1K6-His in E. coli,PARTIAL,2021-12-14,2022-03-02,https://www.ebi.ac.uk/pride/archive/projects/PXD030384
PXD030423,4,10,A super-enhancer regulated RNA-binding protein cascade drives pancreatic cancer,COMPLETE,2021-12-15,2023-06-15,https://www.ebi.ac.uk/pride/archive/projects/PXD030423
PXD030453,4,6,Identification of Setdb1 interaction proteins in neural stem cells,PARTIAL,2021-12-16,2022-08-12,https://www.ebi.ac.uk/pride/archive/projects/PXD030453
PXD030459,4,10,Measurement of deaminated cytosine adducts in DNA  using a novel hybrid thymine DNA glycosylase,COMPLETE,2021-12-16,2022-02-15,https://www.ebi.ac.uk/pride/archive/projects/PXD030459
PXD030504,4,10,The permanently chaperone-active small heat shock protein Hsp17 from C. elegans exhibits topological separation of its N-terminal regions,PARTIAL,2021-12-17,2022-12-08,https://www.ebi.ac.uk/pride/archive/projects/PXD030504
PXD030565,4,7,Changes in endothelial cell secretome after sirtuin-1 knock-down,PARTIAL,2021-12-21,2023-08-07,https://www.ebi.ac.uk/pride/archive/projects/PXD030565
PXD030847,4,10,Identification and characterization of β-ODAP synthase in grass pea,PARTIAL,2022-01-09,2022-05-19,https://www.ebi.ac.uk/pride/archive/projects/PXD030847
PXD030929,4,9,Heterologously secreted MbxA from Moraxella bovis induces a membrane blebbing response of the host cell,PARTIAL,2022-01-13,2023-03-11,https://www.ebi.ac.uk/pride/archive/projects/PXD030929
PXD030937,4,10,Acetylation Regulates MARK2 activity,PARTIAL,2022-01-13,2022-06-09,https://www.ebi.ac.uk/pride/archive/projects/PXD030937
PXD031010,4,7,Secretomics of Jurkat cells treated with sanglifehrin A or cyclosporin A,PARTIAL,2022-01-17,2024-10-17,https://www.ebi.ac.uk/pride/archive/projects/PXD031010
PXD031014,4,8,Human nasopharyngeal cancer cell HONE1 FOXP1 immunoprecipitates LC-MS,PARTIAL,2022-01-17,2022-04-04,https://www.ebi.ac.uk/pride/archive/projects/PXD031014
PXD031069,4,8,Discovery of Novel Circulating Immune Complexes in Lupus Nephritis Using Immunoproteomics,PARTIAL,2022-01-19,2022-05-20,https://www.ebi.ac.uk/pride/archive/projects/PXD031069
PXD031096,4,23,To decipher an overall structure of a bacterial anti-plasmid defense system using cross-linking mass spectrometry.,PARTIAL,2022-01-19,2022-10-06,https://www.ebi.ac.uk/pride/archive/projects/PXD031096
PXD031124,4,6,Genotyping-by-sequencing-based identification of Arabidopsis pattern recognition receptor RLP32 recognizing proteobacterial translation initiation factor IF1,PARTIAL,2022-01-20,2022-03-03,https://www.ebi.ac.uk/pride/archive/projects/PXD031124
PXD031151,4,20,Protein interactions with HA-tagged cytoplasmic dynein-2 DATASET1,PARTIAL,2022-01-21,2023-01-24,https://www.ebi.ac.uk/pride/archive/projects/PXD031151
PXD031154,4,19,Protein interactions with HA-tagged cytoplasmic dynein-2 DATASET1,PARTIAL,2022-01-21,2023-01-24,https://www.ebi.ac.uk/pride/archive/projects/PXD031154
PXD031163,4,8,"Identification of novel constituents of ALIS from macrophage lysates (LPS+/-), LC MS/MS",COMPLETE,2022-01-21,2024-05-23,https://www.ebi.ac.uk/pride/archive/projects/PXD031163
PXD031197,4,7,TurboID-based proximity labeling to identify LONP1-targeting proteins,PARTIAL,2022-01-25,2023-04-08,https://www.ebi.ac.uk/pride/archive/projects/PXD031197
PXD031220,4,6,Identification of an elicitor of leaf-to-leaf electrical signaling in a wounded plant,PARTIAL,2022-01-25,2023-03-06,https://www.ebi.ac.uk/pride/archive/projects/PXD031220
PXD031338,4,7,"Design of a potent, selective and brain penetrant inhibitor of Wnt-deactivating enzyme Notum by optimization of a crystallographic fragment hit",PARTIAL,2022-01-30,2022-06-09,https://www.ebi.ac.uk/pride/archive/projects/PXD031338
PXD031346,4,21,Differential network analysis of ROS1 inhibitors reveals lorlatinib polypharmacology: Phosphotyrosine Profiling,COMPLETE,2022-01-30,2024-04-05,https://www.ebi.ac.uk/pride/archive/projects/PXD031346
PXD031523,4,10,"ATAD3A heterzygous AD mouse brain, LC-MS",PARTIAL,2022-02-09,2022-02-11,https://www.ebi.ac.uk/pride/archive/projects/PXD031523
PXD031620,4,8,Elucidation of the molecular changes underlying abnormal ER characteristic of osteosarcoma,PARTIAL,2022-02-11,2022-05-20,https://www.ebi.ac.uk/pride/archive/projects/PXD031620
PXD031683,4,16,Disease-associated KBTBD4 mutations in medulloblastoma elicit neomorphic ubiquitylation activity to promote CoREST degradationDisease-associated KBTBD4 mutations in medulloblastoma elicit neomorphic ubiquitylation activity to promote CoREST degradation,COMPLETE,2022-02-15,2022-10-14,https://www.ebi.ac.uk/pride/archive/projects/PXD031683
PXD031789,4,5,HISTOLOGICAL AND PROTEOMIC CHARACTERIZATION OF MUSCULOSKELETAL AMYLOIDOMAS,PARTIAL,2022-02-21,2025-07-14,https://www.ebi.ac.uk/pride/archive/projects/PXD031789
PXD031801,4,8,Ursodeoxycholic acid promoted TGF-β degradation,PARTIAL,2022-02-21,2022-06-28,https://www.ebi.ac.uk/pride/archive/projects/PXD031801
PXD031814,4,5,Proteome analysis of binding protein of lncRNA Cpmer in mesoderm cells,PARTIAL,2022-02-21,2022-04-08,https://www.ebi.ac.uk/pride/archive/projects/PXD031814
PXD031825,4,5,"Co-immunoprecipitation of proteins with WT HIV-1 IN, K258R HIV-IN, and K258/264/266/273R",PARTIAL,2022-02-22,2022-05-20,https://www.ebi.ac.uk/pride/archive/projects/PXD031825
PXD031827,4,11,Cross-link mass spectrometry reveals conformational changes within the N lobe and the activation loop of PDK1 upon dimerization,PARTIAL,2022-02-22,2022-05-20,https://www.ebi.ac.uk/pride/archive/projects/PXD031827
PXD031845,4,9,Cell Surface Engineering Enables Surfaceome Profiling,PARTIAL,2022-02-23,2022-05-06,https://www.ebi.ac.uk/pride/archive/projects/PXD031845
PXD031848,4,13,ABPP-HT* - Deep meets fast for activity-based profiling of deubiquitylating enzymes using advanced DIA mass spectrometry methodsABPP-HT* - Deep meets fast for activity-based profiling of deubiquitylating enzymes using advanced DIA mass spectrometry methods,PARTIAL,2022-02-23,2022-04-04,https://www.ebi.ac.uk/pride/archive/projects/PXD031848
PXD031868,4,6,"Mouse Articular chondrocyte LC-MSMS of wild-type, miR-26a -/- and cartilage-specific miR-23ab clusters knockout mice",PARTIAL,2022-06-27,2023-01-25,https://www.ebi.ac.uk/pride/archive/projects/PXD031868
PXD031869,4,21,PT-modified B12 probe and Non-PT-modified B34 probe pull-down with Salmonella enterica serovar Cerro 87 cell lysate,PARTIAL,2022-02-24,2022-02-26,https://www.ebi.ac.uk/pride/archive/projects/PXD031869
PXD031873,4,6,Linker histone H1-mediates transgenerational genome instability upon paternal DNA damage,PARTIAL,2022-02-24,2022-10-18,https://www.ebi.ac.uk/pride/archive/projects/PXD031873
PXD031877,4,13,plant RNA G-quadruplexe proteomics screening,PARTIAL,2022-02-24,2022-07-06,https://www.ebi.ac.uk/pride/archive/projects/PXD031877
PXD031914,4,12,Mass Spectrum analysis to identify the interacting proteins with CDK2 induced by HHT treatment.,COMPLETE,2022-02-28,2022-04-18,https://www.ebi.ac.uk/pride/archive/projects/PXD031914
PXD032043,4,20,Proteomic profiling of black coral (Antipatharia) skeleton reveals hundreds of skeleton-associated proteins across two taxa,COMPLETE,2022-03-03,2022-06-05,https://www.ebi.ac.uk/pride/archive/projects/PXD032043
PXD032071,4,27,Lung fibroblasts from chinese hamster cell line V79 and the effects of e-cigarettes liquids,COMPLETE,2022-03-05,2022-08-12,https://www.ebi.ac.uk/pride/archive/projects/PXD032071
PXD032209,4,8,"Identification of different proteins binding to Na, K-ATPase α1 in LPS-induced ARDS cell model by proteomic analysis",PARTIAL,2022-03-11,2022-08-12,https://www.ebi.ac.uk/pride/archive/projects/PXD032209
PXD032262,4,8,PRECLINICAL STUDIES ON CONVALESCENT HUMAN IMMUNE PLASMA DERIVED EXOSOME (ChipEXO): omics and anti-viral properties to SARS-CoV-2.,PARTIAL,2022-03-14,2022-03-22,https://www.ebi.ac.uk/pride/archive/projects/PXD032262
PXD032320,4,16,Cell autonomous immune dysfunction driven by disrupted autophagy in C9orf72-ALS microglia contributes to neurodegeneration,PARTIAL,2022-03-16,2023-03-02,https://www.ebi.ac.uk/pride/archive/projects/PXD032320
PXD032376,4,9,pChem_benchmarking_dataset_initial_test_negative_data,PARTIAL,2022-03-17,2022-12-16,https://www.ebi.ac.uk/pride/archive/projects/PXD032376
PXD032726,4,12,PROBER Identifies Proteins Associated with Sequence-Specific DNA in Living Cells,COMPLETE,2022-03-23,2022-07-27,https://www.ebi.ac.uk/pride/archive/projects/PXD032726
PXD032786,4,5,Sequence Coverage Visualizer: A web application for protein sequence coverage 3D visualization,PARTIAL,2022-03-24,2022-12-14,https://www.ebi.ac.uk/pride/archive/projects/PXD032786
PXD032791,4,25,Structural basis of paralog-specific KDM2A/B nucleosome recognition,COMPLETE,2022-04-02,2023-02-14,https://www.ebi.ac.uk/pride/archive/projects/PXD032791
PXD032797,4,12,Proteomic analysis of L-Methionine Sulfoximine (MSO)-treated Plasmodium falciparum by LC-MS/MS,PARTIAL,2022-03-24,2023-05-27,https://www.ebi.ac.uk/pride/archive/projects/PXD032797
PXD032906,4,11,GBPL3 is a novel component of the nuclear pore complex and functionally connects the nuclear basket with the nucleoskeleton in plants,COMPLETE,2022-04-02,2022-08-25,https://www.ebi.ac.uk/pride/archive/projects/PXD032906
PXD032920,4,13,Identification of vitamin K-dependent proteins in mouse liver by LC-MS/MS,COMPLETE,2022-04-02,2023-05-10,https://www.ebi.ac.uk/pride/archive/projects/PXD032920
PXD032921,4,5,Post-translational changes in Phialophora verrucosa via lysine lactylation during prolonged presence in a patient with a CARD9-related immune disorder,PARTIAL,2022-04-02,2022-10-15,https://www.ebi.ac.uk/pride/archive/projects/PXD032921
PXD032937,4,9,Cortisol binding sites on SARS-CoV-2 S1 identified by limited proteolysis-coupled mass spectrometry,PARTIAL,2022-04-02,2022-06-10,https://www.ebi.ac.uk/pride/archive/projects/PXD032937
PXD032953,4,17,Identification of the acetylated lysine residues of Dnmt3L protein in murine embryonic stem cells,PARTIAL,2022-04-02,2025-05-26,https://www.ebi.ac.uk/pride/archive/projects/PXD032953
PXD032954,4,9,mCherry contains a fluorescent protein isoform that interferes with its reporter function,PARTIAL,2022-04-02,2022-04-19,https://www.ebi.ac.uk/pride/archive/projects/PXD032954
PXD033023,4,6,Proteomic analysis of matrisome proteins from laser capture microdissected FFPE tissue slides of HnSCC xenograft,PARTIAL,2022-04-06,2023-10-21,https://www.ebi.ac.uk/pride/archive/projects/PXD033023
PXD033047,4,13,Dissecting the chloroplast proteome of potato (Solanum tuberosum L.) and its comparison with the tuber amyloplast proteome,COMPLETE,2022-04-07,2022-08-12,https://www.ebi.ac.uk/pride/archive/projects/PXD033047
PXD033069,4,7,Batten's Disease proteomics using iTRAQ LC-MS/MS,PARTIAL,2022-04-07,2025-11-10,https://www.ebi.ac.uk/pride/archive/projects/PXD033069
PXD033198,4,5,Myo19 Interacting Proteins IP-MS,PARTIAL,2022-04-13,2022-06-09,https://www.ebi.ac.uk/pride/archive/projects/PXD033198
PXD033205,4,29,First direct observation of elongated conformational states in alpha-synuclein upon liquid-liquid phase separation,PARTIAL,2022-04-13,2024-03-18,https://www.ebi.ac.uk/pride/archive/projects/PXD033205
PXD033380,4,11,Antarctonemertes valida venomics,PARTIAL,2022-04-23,2022-05-30,https://www.ebi.ac.uk/pride/archive/projects/PXD033380
PXD033421,4,8,DPF3 and SNIP1 IP-MS in 786-O cells,PARTIAL,2022-04-24,2022-08-22,https://www.ebi.ac.uk/pride/archive/projects/PXD033421
PXD033441,4,5,Development of an in vitro screening system for synthetic signal peptide in mammalian cell-based protein production.,PARTIAL,2022-04-25,2022-05-24,https://www.ebi.ac.uk/pride/archive/projects/PXD033441
PXD033443,4,5,4D label free quantitative analysis was used to investigate the profiles of proteins related to unintended effect in three transgenic lines and recurrent parent,PARTIAL,2022-04-25,2023-03-11,https://www.ebi.ac.uk/pride/archive/projects/PXD033443
PXD033489,4,6,Proteins of outer membrane vesicles of Bordetella pertussis,PARTIAL,2022-04-28,2023-05-03,https://www.ebi.ac.uk/pride/archive/projects/PXD033489
PXD033490,4,8,Chiton shell proteome sheds light on stem-group mollusca with biomineralization toolkits,PARTIAL,2022-04-28,2023-01-03,https://www.ebi.ac.uk/pride/archive/projects/PXD033490
PXD033620,4,12,Comparative genomics and interactomics of polyadenylation factors for the prediction of new parasite targets: Entamoeba histolytica as a working model,PARTIAL,2022-05-04,2023-03-11,https://www.ebi.ac.uk/pride/archive/projects/PXD033620
PXD033633,4,7,The modulation of CHD4 nucleosome remodelling activity by auxiliary domains suggests unifies mechanistic aspects of chromatin remodelling across enzyme families,PARTIAL,2022-05-04,2023-03-11,https://www.ebi.ac.uk/pride/archive/projects/PXD033633
PXD033678,4,11,Mechanism of client kinase dephosphorylation by the HSP90-CDC37-PP5 complex,PARTIAL,2022-05-05,2023-03-11,https://www.ebi.ac.uk/pride/archive/projects/PXD033678
PXD033808,4,16,SerpinB2/TPPII regulates senescence,COMPLETE,2022-05-11,2022-05-31,https://www.ebi.ac.uk/pride/archive/projects/PXD033808
PXD033827,4,13,PBANKA_0828000 interactome proteomics,PARTIAL,2022-05-12,2023-02-22,https://www.ebi.ac.uk/pride/archive/projects/PXD033827
PXD033852,4,13,cAMP/PKA signaling phosphorylates LRBA in renal collecting duct,PARTIAL,2022-05-12,2022-07-23,https://www.ebi.ac.uk/pride/archive/projects/PXD033852
PXD033888,4,16,Protein partners of Kruppel-like factor 3,COMPLETE,2022-05-13,2025-09-23,https://www.ebi.ac.uk/pride/archive/projects/PXD033888
PXD033900,4,12,Identification of dGTP-interacting mitochondrial proteins by affinity purification and LC-ESI-MS/MS,PARTIAL,2022-05-16,2022-06-29,https://www.ebi.ac.uk/pride/archive/projects/PXD033900
PXD033924,4,20,HPLC-MS datasets of the protein mix immunoprecipitated by SIRT7 antibody in HaCaT cells,PARTIAL,2022-05-16,2023-03-10,https://www.ebi.ac.uk/pride/archive/projects/PXD033924
PXD033943,4,15,Proteomics of valve silica deposition vesicles from the diatom Thalassiosira pseudonana,COMPLETE,2022-05-17,2022-11-21,https://www.ebi.ac.uk/pride/archive/projects/PXD033943
PXD033957,4,6,The Plasmodium falciparum Nuclear Protein Phosphatase NIF4 is Required for Efficient Merozoite Invasion and Regulates Artemisinin Sensitivity,PARTIAL,2022-05-18,2022-07-23,https://www.ebi.ac.uk/pride/archive/projects/PXD033957
PXD033962,4,5,The proteomic of IL-4 treated BMDMs from Wt and Elp3 KO mice,PARTIAL,2022-05-18,2022-09-12,https://www.ebi.ac.uk/pride/archive/projects/PXD033962
PXD034091,4,9,Fibroblast-tracks are topographical cues that direct cancer cell migration,PARTIAL,2022-05-25,2023-09-22,https://www.ebi.ac.uk/pride/archive/projects/PXD034091
PXD034134,4,5,Lysine acetylation contributes to artificial ageing in wheat (Triticum aestivum L.) seeds.,PARTIAL,2022-05-26,2023-03-10,https://www.ebi.ac.uk/pride/archive/projects/PXD034134
PXD034168,4,9,LC-MSMS of HEK 293T cells transfected with Flag-EV or Flag-ACE2,PARTIAL,2022-05-27,2022-10-13,https://www.ebi.ac.uk/pride/archive/projects/PXD034168
PXD034247,4,5,Affinity purification of in vivo assembled whirlin-associated protein complexes from the zebrafish retina - GST,PARTIAL,2022-06-01,2023-12-28,https://www.ebi.ac.uk/pride/archive/projects/PXD034247
PXD034358,4,10,Lysosomal alterations in senescence,PARTIAL,2022-06-06,2023-02-03,https://www.ebi.ac.uk/pride/archive/projects/PXD034358
PXD034376,4,16,Phagosome proteome of mock and Atg8 silenced Entamoeba histolytica strains,COMPLETE,2022-06-06,2022-10-20,https://www.ebi.ac.uk/pride/archive/projects/PXD034376
PXD034417,4,5,Engineering consortia by polymeric microbial swarmbots,PARTIAL,2022-06-09,2022-07-04,https://www.ebi.ac.uk/pride/archive/projects/PXD034417
PXD034437,4,14,mouse adult testis ADAD2 Immuno-precipitation and mass-spectrometry (IP-MS),PARTIAL,2022-06-09,2023-03-14,https://www.ebi.ac.uk/pride/archive/projects/PXD034437
PXD034455,4,9,Single locus phosphoproteomics reveals phosphorylation of RPA-1 is required for generation of single-strand DNA following a break at a subtelomeric locus,PARTIAL,2022-06-10,2024-09-04,https://www.ebi.ac.uk/pride/archive/projects/PXD034455
PXD034475,4,8,Cross-linked ammonia monooxygenase complex in BN-PAGE gel from Nitrososphaera viennensis,PARTIAL,2022-06-10,2023-02-13,https://www.ebi.ac.uk/pride/archive/projects/PXD034475
PXD034476,4,12,Deep Proteome profiling reveals signatures of age and sex differences in paw skin and sciatic nerve of naïve mice,PARTIAL,2022-06-10,2022-11-29,https://www.ebi.ac.uk/pride/archive/projects/PXD034476
PXD034510,4,10,SARS-CoV-2 infects adipose tissue in a fat depot- and viral lineage-dependent manner,COMPLETE,2022-06-14,2022-10-13,https://www.ebi.ac.uk/pride/archive/projects/PXD034510
PXD034559,4,9,P-body proteome,PARTIAL,2022-06-16,2023-10-12,https://www.ebi.ac.uk/pride/archive/projects/PXD034559
PXD034576,4,13,Characterization of the proteome of human cytochrome c oxidase assembly factors - Experiment A,COMPLETE,2022-06-16,2022-08-12,https://www.ebi.ac.uk/pride/archive/projects/PXD034576
PXD034620,4,5,Cardiovascular-related proteomic changes in ECFCs exposed to the serum of COVID-19 patients,PARTIAL,2022-06-17,2023-03-20,https://www.ebi.ac.uk/pride/archive/projects/PXD034620
PXD034795,4,11,ABRF iPRG2020 Metaproteomics Study Data,COMPLETE,2022-06-21,2024-01-26,https://www.ebi.ac.uk/pride/archive/projects/PXD034795
PXD034865,4,14,Histidine supplementation can escalate or rescue HARS deficiency in a Charcot Marie Tooth Disease model,COMPLETE,2022-06-24,2023-03-10,https://www.ebi.ac.uk/pride/archive/projects/PXD034865
PXD035006,4,9,ZSWIM1 promotes the proliferation and metastasis of lung adenocarcinoma cells through the STK38/MEKK2/ERK1/2 axis,PARTIAL,2022-06-30,2023-01-04,https://www.ebi.ac.uk/pride/archive/projects/PXD035006
PXD035068,4,16,Vesicle proteomics during fungal biofilm development in Candida,COMPLETE,2022-07-04,2022-10-14,https://www.ebi.ac.uk/pride/archive/projects/PXD035068
PXD035227,4,12,Human HEK293 Gemin5 phosphorylation site T897 mutants LC-MSMS,COMPLETE,2022-07-11,2023-03-11,https://www.ebi.ac.uk/pride/archive/projects/PXD035227
PXD035424,4,5,Phosphoproteomics analysis of Pseudomonas aeruginosa with PfkA overproduction,PARTIAL,2022-07-20,2024-07-20,https://www.ebi.ac.uk/pride/archive/projects/PXD035424
PXD035449,4,11,Cell-type specific tagging of glycoproteins in murine-human co-culture samples glycoproteomics lysates,PARTIAL,2022-07-20,2022-09-10,https://www.ebi.ac.uk/pride/archive/projects/PXD035449
PXD035479,4,12,"Supplementary Information for ""Wax worm saliva and the enzymes therein are the key to polyethylene degradation by Galleria mellonella""",PARTIAL,2022-07-21,2022-09-12,https://www.ebi.ac.uk/pride/archive/projects/PXD035479
PXD035490,4,5,Identification of Key Events and Regulatory Networks in the Formation Process of Primordial Germ Cell based on Proteomics,PARTIAL,2022-07-21,2025-09-07,https://www.ebi.ac.uk/pride/archive/projects/PXD035490
PXD035664,4,11,Mutational screens highlight glycosylation as a modulator of colony-stimulating factor 3 receptor (CSF3R) activity,PARTIAL,2023-05-22,2023-07-20,https://www.ebi.ac.uk/pride/archive/projects/PXD035664
PXD035704,4,10,IER3-AS1 interacting proteins by AP-MS,PARTIAL,2022-08-02,2022-10-15,https://www.ebi.ac.uk/pride/archive/projects/PXD035704
PXD035738,4,5,HILIC enrichment of Leishmania major MHOM,PARTIAL,2022-08-02,2022-10-13,https://www.ebi.ac.uk/pride/archive/projects/PXD035738
PXD035766,4,16,Proteomic analysis of the extracellular vesicles of the filamentous fungus Botrytis cinerea.,PARTIAL,2022-08-02,2023-05-02,https://www.ebi.ac.uk/pride/archive/projects/PXD035766
PXD035768,4,12,Proteomics of human naive pluripotent and trophoblastic stem cells,COMPLETE,2022-08-02,2023-03-11,https://www.ebi.ac.uk/pride/archive/projects/PXD035768
PXD035777,4,8,Adaptor molecule of DNA methylation in IECs,PARTIAL,2022-08-02,2023-03-11,https://www.ebi.ac.uk/pride/archive/projects/PXD035777
PXD035817,4,6,Characterization of RAS/RAF/ERK signal cascade as a novel regulating factor in alpha-amanitin-induced liver injury,PARTIAL,2022-08-04,2023-03-11,https://www.ebi.ac.uk/pride/archive/projects/PXD035817
PXD035821,4,8,LYSET/TMEM251 SILAC Co-IP from MIA PaCA-2,PARTIAL,2022-08-04,2022-09-29,https://www.ebi.ac.uk/pride/archive/projects/PXD035821
PXD035850,4,8,Protein mass spectrometry data of Klebsiella sp.,PARTIAL,2022-08-07,2022-10-14,https://www.ebi.ac.uk/pride/archive/projects/PXD035850
PXD035877,4,21,A method for targeting a specified segment of DNA to a bacterial microorganelle,PARTIAL,2022-08-08,2022-08-11,https://www.ebi.ac.uk/pride/archive/projects/PXD035877
PXD035934,4,11,Mechanism of client kinase dephosphorylation by the HSP90-CDC37-PP5 complex,PARTIAL,2022-08-10,2023-03-11,https://www.ebi.ac.uk/pride/archive/projects/PXD035934
PXD035957,4,5,Arabidopsis metacaspase 3 proteomics,PARTIAL,2022-08-10,2023-06-23,https://www.ebi.ac.uk/pride/archive/projects/PXD035957
PXD036079,4,18,Identification and Validation of microparticle proteins as biomarkers for diabetic retinopathy,COMPLETE,2022-08-16,2025-01-17,https://www.ebi.ac.uk/pride/archive/projects/PXD036079
PXD036092,4,5,Isoprenoid alcohols utilization by malaria parasites,PARTIAL,2022-08-16,2022-11-28,https://www.ebi.ac.uk/pride/archive/projects/PXD036092
PXD036103,4,8,Function of ERphagy receptors is regulated via phosphorylation-dependent ubiquitination pathways,PARTIAL,2022-08-16,2022-08-17,https://www.ebi.ac.uk/pride/archive/projects/PXD036103
PXD036106,4,15,Extended DNA threading through a dual-engine motor module in the activating signal co-integrator complex,PARTIAL,2022-08-16,2023-03-06,https://www.ebi.ac.uk/pride/archive/projects/PXD036106
PXD036119,4,6,Proteomics analysis of differentially expressed proteins in lung cancer H157 cells after overexpression of AACT with data‐independent acquisition mass spectrometry,PARTIAL,2022-08-16,2023-07-18,https://www.ebi.ac.uk/pride/archive/projects/PXD036119
PXD036126,4,34,Mitochondrial hTERT rewires glucose metabolism to confer cancer chemoresistance by binding to MT-ND1,PARTIAL,2022-08-17,2022-10-04,https://www.ebi.ac.uk/pride/archive/projects/PXD036126
PXD036191,4,5,Discovery of a small molecule inhibitor of the UBE2F-CRL5 axis that induces apoptosis and G2/M arrest and confers radiosensitization,PARTIAL,2022-08-21,2022-10-19,https://www.ebi.ac.uk/pride/archive/projects/PXD036191
PXD036197,4,5,IQCN disruption causes fertilization failure and male infertility due to manchette assembly defect,PARTIAL,2022-08-21,2022-11-22,https://www.ebi.ac.uk/pride/archive/projects/PXD036197
PXD036213,4,10,Targeting host O-linked glycan biosynthesis affects Ebola virus replication efficiency and reveals differential GalNAc-T acceptor site preferences on the Ebola virus glycoprotein,PARTIAL,2022-08-22,2024-04-29,https://www.ebi.ac.uk/pride/archive/projects/PXD036213
PXD036447,4,8,SARS-CoV-2 Nsp6 damages Drosophila heart and mouse cardiomyocytes through MGA/MAX complex-mediated increased glycolysis,PARTIAL,2022-09-01,2022-10-04,https://www.ebi.ac.uk/pride/archive/projects/PXD036447
PXD036575,4,8,Aurora A phosphorylates PKM2 at T45.,PARTIAL,2022-09-08,2023-03-11,https://www.ebi.ac.uk/pride/archive/projects/PXD036575
PXD036610,4,6,Protein interactors of MEG-1 in C. elegans embryos,PARTIAL,2022-09-12,2022-10-05,https://www.ebi.ac.uk/pride/archive/projects/PXD036610
PXD036624,4,8,293T NME4 TAP-MS and TurboID-MS,PARTIAL,2022-09-12,2023-10-13,https://www.ebi.ac.uk/pride/archive/projects/PXD036624
PXD036633,4,8,Human salivary proteome to map biomarker for ectopic pregnancy,PARTIAL,2022-09-12,2023-07-16,https://www.ebi.ac.uk/pride/archive/projects/PXD036633
PXD036675,4,22,A degradation motif in STAU1 defines a novel family of proteins involved in inflammation,COMPLETE,2022-09-12,2023-03-11,https://www.ebi.ac.uk/pride/archive/projects/PXD036675
PXD036774,4,9,LAMP3-associated extracellular vesicles induce apoptosis in Sjögren’s disease,PARTIAL,2022-09-17,2023-03-10,https://www.ebi.ac.uk/pride/archive/projects/PXD036774
PXD036791,4,5,Global mapping of GalNAc-T isoform-specificities and O-glycosylation site-occupancy in a tissue-forming human cell line,PARTIAL,2022-09-17,2022-10-22,https://www.ebi.ac.uk/pride/archive/projects/PXD036791
PXD036905,4,10,SIRT1 regulates DNA damage signaling through PP4 phosphatase complex,PARTIAL,2022-09-21,2023-06-15,https://www.ebi.ac.uk/pride/archive/projects/PXD036905
PXD036966,4,13,Identification of mouse lncRNA ENSMUST00000219456(GM32255) interacting proteins in HL-1 cardiomyocytes by pull-down assays coupled to MS,PARTIAL,2022-09-25,2024-01-26,https://www.ebi.ac.uk/pride/archive/projects/PXD036966
PXD037027,4,6,Lysine lactylation regulates biofilm formation of streptococcus mutans,PARTIAL,2022-09-27,2023-08-24,https://www.ebi.ac.uk/pride/archive/projects/PXD037027
PXD037044,4,12,Leukocyte analysis of proteomics in K74R mouse system,COMPLETE,2022-09-27,2023-03-02,https://www.ebi.ac.uk/pride/archive/projects/PXD037044
PXD037140,4,9,H11-induced immune protection is predominantly linked to N-glycan moieties,PARTIAL,2022-10-03,2022-10-20,https://www.ebi.ac.uk/pride/archive/projects/PXD037140
PXD037241,4,9,Bacteriocin producing Enterococcus faecium,PARTIAL,2022-10-10,2023-03-11,https://www.ebi.ac.uk/pride/archive/projects/PXD037241
PXD037247,4,12,LC-MS/MS analysis of human brain fibroblast-secreted molecules,COMPLETE,2022-10-10,2022-11-14,https://www.ebi.ac.uk/pride/archive/projects/PXD037247
PXD037249,4,9,A SAM key domain required for enzymatic activity and allosteric activation of the Fun30 nucleosome remodeler,PARTIAL,2022-10-10,2023-07-18,https://www.ebi.ac.uk/pride/archive/projects/PXD037249
PXD037269,4,13,‘A lost chapter of ancient art’: archaeometric examinations of panel paintings from Roman Egypt,PARTIAL,2022-10-10,2023-11-27,https://www.ebi.ac.uk/pride/archive/projects/PXD037269
PXD037271,4,16,CRC proteomic analysis by LC MS/MS,PARTIAL,2022-10-10,2023-08-18,https://www.ebi.ac.uk/pride/archive/projects/PXD037271
PXD037348,4,5,FGF2 antiproliferative stimulus triggers proteomic and transcriptional changes associated with nucleolar disorganization in K-ras-driven mouse tumor cells (Nucleoli proteome data),PARTIAL,2022-10-12,2024-09-28,https://www.ebi.ac.uk/pride/archive/projects/PXD037348
PXD037402,4,10,Chemical proteomics reveals protein tyrosination extends beyond the alpha-tubulins in human cells.,PARTIAL,2022-10-13,2022-10-20,https://www.ebi.ac.uk/pride/archive/projects/PXD037402
PXD037431,4,7,Label-free shotgun proteomics of Mycoplasma pneumoniae grown in serum-free medium,PARTIAL,2022-10-14,2023-04-05,https://www.ebi.ac.uk/pride/archive/projects/PXD037431
PXD037474,4,14,Mechanochemical tuning of a kinesin motor essential for malaria parasite transmission,COMPLETE,2022-10-17,2022-12-05,https://www.ebi.ac.uk/pride/archive/projects/PXD037474
PXD037554,4,5,Alginate metabolic pathways of the strain C42 associated with Sargassum,PARTIAL,2022-10-19,2026-06-04,https://www.ebi.ac.uk/pride/archive/projects/PXD037554
PXD037562,4,77,Cms1 coordinates stepwise local 90S pre-ribosome assembly with timely snR83 release - table s1 corrected,COMPLETE,2022-10-19,2023-03-11,https://www.ebi.ac.uk/pride/archive/projects/PXD037562
PXD037574,4,8,TMT-based Comparative Peptidomic Analysis of Rice Seedlings under Salt Stress,PARTIAL,2022-10-19,2023-03-11,https://www.ebi.ac.uk/pride/archive/projects/PXD037574
PXD037601,4,11,Functional annotation of proteins for signaling network inference in non-model species,PARTIAL,2022-10-20,2023-06-13,https://www.ebi.ac.uk/pride/archive/projects/PXD037601
PXD037671,4,8,Identification of interaction partners of novel polyacetylene,PARTIAL,2022-10-24,2024-01-26,https://www.ebi.ac.uk/pride/archive/projects/PXD037671
PXD037672,4,13,Nuclear GTPSCS functions as a lactyl-CoA ligase to promote histone lactylation and glioma progression,PARTIAL,2022-10-24,2024-12-04,https://www.ebi.ac.uk/pride/archive/projects/PXD037672
PXD037724,4,8,Enhanced Access to the Human Phosphoproteome with Genetically Encoded Phosphothreonine,PARTIAL,2022-10-26,2022-11-11,https://www.ebi.ac.uk/pride/archive/projects/PXD037724
PXD037729,4,12,Chemical crosslinking and mass spectrometry of the human Rix1 complex,PARTIAL,2022-10-26,2023-03-11,https://www.ebi.ac.uk/pride/archive/projects/PXD037729
PXD037758,4,5,Essential protein P116 scavenges cholesterol and other indispensable lipids for Mycoplasmas,PARTIAL,2022-10-27,2023-04-19,https://www.ebi.ac.uk/pride/archive/projects/PXD037758
PXD037760,4,5,Identification of flagellin proteins from the citrus canker pathogens Xanthomonas citri (strain 306) and Xanthomonas aurantifolii pathotype C (strain ICMP 8435),PARTIAL,2022-10-27,2023-05-10,https://www.ebi.ac.uk/pride/archive/projects/PXD037760
PXD037795,4,8,Extracellular vesicles from Trypanosoma cruzi-dendritic cell interaction show modulatory properties and confer resistance to lethal infection as a cell-free based therapy strategy,PARTIAL,2022-10-28,2022-11-09,https://www.ebi.ac.uk/pride/archive/projects/PXD037795
PXD037807,4,5,Longitudinal multi-omic changes in the transcriptome and proteome of peripheral blood cells after a 4 Gy total body radiation dose to Rhesus macaques.,PARTIAL,2022-10-28,2023-05-10,https://www.ebi.ac.uk/pride/archive/projects/PXD037807
PXD037838,4,13,CUX1 recruits SWI/SNF to promote chromatin accessibility in human hematopoietic cells,PARTIAL,2022-10-31,2026-03-16,https://www.ebi.ac.uk/pride/archive/projects/PXD037838
PXD037847,4,9,Environmental gradients reveal stress hubs predating plant terrestrialization,PARTIAL,2022-10-31,2022-11-11,https://www.ebi.ac.uk/pride/archive/projects/PXD037847
PXD037900,4,12,Proteomics of Human Breast-TMG LC-MS/MS,COMPLETE,2022-11-03,2023-03-11,https://www.ebi.ac.uk/pride/archive/projects/PXD037900
PXD037901,4,6,GABA regulates IL-1β production in macrophages,PARTIAL,2022-11-03,2022-11-29,https://www.ebi.ac.uk/pride/archive/projects/PXD037901
PXD038128,4,17,Glucose modulates transcription factor dimerization to enable tissue differentiation,COMPLETE,2022-11-14,2025-03-13,https://www.ebi.ac.uk/pride/archive/projects/PXD038128
PXD038129,4,8,Immune surveillance of brain metastatic cancer cells is mediated by IFITM1 (Proteins identified in the >100 kDa fraction of conditioned media from all four cell lines),PARTIAL,2022-11-14,2023-02-17,https://www.ebi.ac.uk/pride/archive/projects/PXD038129
PXD038158,4,12,MOSPD2-Toxoplasma Immunoprecipitation,COMPLETE,2022-11-17,2023-04-27,https://www.ebi.ac.uk/pride/archive/projects/PXD038158
PXD038182,4,7,LC-MS to identy the interacting protein with pri-miR-31 in CD4+ T cells,PARTIAL,2022-11-16,2024-06-24,https://www.ebi.ac.uk/pride/archive/projects/PXD038182
PXD038193,4,9,the potential interacting proteins of QQS by IP-MS analysis,PARTIAL,2022-11-17,2024-07-20,https://www.ebi.ac.uk/pride/archive/projects/PXD038193
PXD038277,4,6,In-depth specificity profiling of Pro-Pro endopeptidases (PPEPs) using combinatorial synthetic peptide libraries,PARTIAL,2022-11-22,2023-08-01,https://www.ebi.ac.uk/pride/archive/projects/PXD038277
PXD038309,4,6,3-Mercaptopyruvate sulfur transferase is a protein persulfidase,PARTIAL,2022-11-23,2023-05-10,https://www.ebi.ac.uk/pride/archive/projects/PXD038309
PXD038334,4,10,"A new LD protein, ApoL6 disrupts the Perilipin 1-HSL interaction to inhibit lipolysis",PARTIAL,2022-11-23,2024-05-24,https://www.ebi.ac.uk/pride/archive/projects/PXD038334
PXD038364,4,6,Monitoring α-synuclein ubiquitination dynamics reveals key endosomal effectors mediating its trafficking and degradation,PARTIAL,2022-11-25,2023-05-17,https://www.ebi.ac.uk/pride/archive/projects/PXD038364
PXD038662,4,8,Lipid droplet membrane proteins ubiquitylation,PARTIAL,2022-12-07,2023-02-27,https://www.ebi.ac.uk/pride/archive/projects/PXD038662
PXD038792,4,7,Amino acid availability acts as a metabolic rheostat to determine the magnitude of ILC2 responses - WT ILC2,PARTIAL,2022-12-13,2022-12-22,https://www.ebi.ac.uk/pride/archive/projects/PXD038792
PXD038817,4,6,ProSight Native Complex Down Analysis of Aquaporin Z,PARTIAL,2022-12-14,2023-08-14,https://www.ebi.ac.uk/pride/archive/projects/PXD038817
PXD038835,4,39,Triggering the polyurethane and polyethylene-degrading potential of filamentous fungi secretomes,COMPLETE,2022-12-15,2023-04-27,https://www.ebi.ac.uk/pride/archive/projects/PXD038835
PXD038842,4,5,Calpain activity is regulated by a KCTD7–cullin 3 complex via non-degradative ubiquitination,PARTIAL,2022-12-15,2023-05-10,https://www.ebi.ac.uk/pride/archive/projects/PXD038842
PXD038894,4,12,Proteomic exploration into the inhibitory activities of lemongrass and lemon essential oils against Botrytis cinerea,COMPLETE,2022-12-19,2023-01-18,https://www.ebi.ac.uk/pride/archive/projects/PXD038894
PXD039025,4,6,Cleavage of rTLP and rCHI by Peptidases from Drosophila suzukii Larval (Peptdomics Analysis),PARTIAL,2022-12-21,2023-05-10,https://www.ebi.ac.uk/pride/archive/projects/PXD039025
PXD039191,4,6,Yeast Mitochondrial Derived Vesicles (MDVs) have membrane potential and contain a functional ATP synthase-Part 2,PARTIAL,2023-01-03,2023-01-29,https://www.ebi.ac.uk/pride/archive/projects/PXD039191
PXD039192,4,5,Bacillus subtilis spo0A trade-off,PARTIAL,2023-01-03,2023-05-10,https://www.ebi.ac.uk/pride/archive/projects/PXD039192
PXD039267,4,9,Anaerobic ethane and butane oxidation,PARTIAL,2023-01-05,2024-05-24,https://www.ebi.ac.uk/pride/archive/projects/PXD039267
PXD039322,4,10,A CAPSID PROTEIN FRAGMENT OF A TOTI-LIKE VIRUS FOUND IN CARICA PAPAYA LATEX INTERACTS WITH THE 50S RIBOSOMAL PROTEIN L17,PARTIAL,2023-01-09,2025-09-04,https://www.ebi.ac.uk/pride/archive/projects/PXD039322
PXD039332,4,9,The Super Elongation Complex Drives Transcriptional Addiction in MYCN-amplified Neuroblastoma,PARTIAL,2023-01-09,2023-05-10,https://www.ebi.ac.uk/pride/archive/projects/PXD039332
PXD039401,4,6,Identification of the E3 ligase(s) recruited by 955 to degrade CDK9,PARTIAL,2023-01-13,2024-05-24,https://www.ebi.ac.uk/pride/archive/projects/PXD039401
PXD039424,4,46,"Proteomic analysis of the mandibular glands from the Chinese crocodile lizard, Shinisaurus crocodilurus – another venomous lizard?",PARTIAL,2023-01-13,2023-03-11,https://www.ebi.ac.uk/pride/archive/projects/PXD039424
PXD039470,4,17,Enrichment and mass spectrometry analysis of TbTAX-1-interacting or TbTTC29-interacting proteins by co-immunoprecipitation,PARTIAL,2023-01-16,2023-11-01,https://www.ebi.ac.uk/pride/archive/projects/PXD039470
PXD039499,4,28,Metaproteomic analysis of biofilms sampled from a pool of a nuclear facility,COMPLETE,2023-01-16,2023-03-30,https://www.ebi.ac.uk/pride/archive/projects/PXD039499
PXD039514,4,6,Evaluation of therapeutic effects of tetramethylpyrazine nitrone in Alzheimer’s disease mouse model and proteomics analysis,PARTIAL,2023-01-17,2023-05-10,https://www.ebi.ac.uk/pride/archive/projects/PXD039514
PXD039625,4,12,SAPS3 is an AMPK inhibitor and controls metabolic homeostasis upon dietary challenge,COMPLETE,2023-01-24,2023-01-26,https://www.ebi.ac.uk/pride/archive/projects/PXD039625
PXD039669,4,5,TREx-BCBL1-RTA GPRC5A-FLAG Immunoprecipitation LC-MS,PARTIAL,2023-01-25,2023-07-20,https://www.ebi.ac.uk/pride/archive/projects/PXD039669
PXD039762,4,5,"Structural dynamics in the evolution of SARS-CoV-2 spike glycoprotein: HDX-MS analysis of the spike of alpha, beta, delta and omicron variants - in apo state and in complex with the ACE2 receptor",PARTIAL,2023-02-01,2023-03-15,https://www.ebi.ac.uk/pride/archive/projects/PXD039762
PXD039787,4,8,Antibody N-linked glycosylation profiling with PEAKS GlycanFinder,PARTIAL,2023-02-01,2023-05-23,https://www.ebi.ac.uk/pride/archive/projects/PXD039787
PXD039853,4,10,MS-based proteomic characterization of SIN3-containing complexes in C. elegans,COMPLETE,2023-02-03,2023-10-02,https://www.ebi.ac.uk/pride/archive/projects/PXD039853
PXD039891,4,5,Identification of SMIM26 interacting proteins,PARTIAL,2023-02-07,2023-03-29,https://www.ebi.ac.uk/pride/archive/projects/PXD039891
PXD039896,4,6,PKA C3 immunoprecipitation mass spectrometry,COMPLETE,2023-02-06,2024-07-12,https://www.ebi.ac.uk/pride/archive/projects/PXD039896
PXD039919,4,6,Immunoprecipitation mass spectrometry of SPARK-mNG,COMPLETE,2023-02-07,2024-07-12,https://www.ebi.ac.uk/pride/archive/projects/PXD039919
PXD039922,4,6,SPARK-mNG-mAID Immunoprecipitation Mass Spectrometry,COMPLETE,2023-02-07,2024-07-12,https://www.ebi.ac.uk/pride/archive/projects/PXD039922
PXD039979,4,6,Immunoprecipitation mass spectrometry of SPARKEL,COMPLETE,2023-02-09,2024-07-12,https://www.ebi.ac.uk/pride/archive/projects/PXD039979
PXD039985,4,7,Proximity labeling of SPARKEL-TurboID,COMPLETE,2023-02-09,2024-07-12,https://www.ebi.ac.uk/pride/archive/projects/PXD039985
PXD039986,4,7,Proximity labeling of TurboID-SPARKEL,COMPLETE,2023-02-09,2024-07-12,https://www.ebi.ac.uk/pride/archive/projects/PXD039986
PXD040102,4,16,TDP-43 forms amyloid filaments with a distinct fold in type A FTLD-TDP,COMPLETE,2023-02-13,2023-08-25,https://www.ebi.ac.uk/pride/archive/projects/PXD040102
PXD040265,4,6,Using long-read CAGE sequencing to profile cryptic-promoter derived transcripts and their contribution to the immunopeptidome,PARTIAL,2023-02-20,2023-09-23,https://www.ebi.ac.uk/pride/archive/projects/PXD040265
PXD040269,4,5,Host innate immune responses and microbiome profile of neonatal calves challenged with Cryptosporidium parvum and the effect of bovine colostrum supplementation,PARTIAL,2023-02-20,2023-04-27,https://www.ebi.ac.uk/pride/archive/projects/PXD040269
PXD040273,4,15,Metaproteomics to study metabolic handoffs in the Idas modiolaeformis symbiosis,PARTIAL,2023-02-20,2023-07-20,https://www.ebi.ac.uk/pride/archive/projects/PXD040273
PXD040343,4,27,Comprehensive proteome analysis of propolis elucidates the origin and function of its proteins,COMPLETE,2023-02-23,2024-01-05,https://www.ebi.ac.uk/pride/archive/projects/PXD040343
PXD040373,4,8,Is there difference in proteomic profile of stimulated and un-stimulated saliva samples from pregnant women with/without obesity and periodontitis?,PARTIAL,2023-02-24,2023-10-24,https://www.ebi.ac.uk/pride/archive/projects/PXD040373
PXD040392,4,6,Distribution of phosphorylated alpha-synuclein in non-diseased brain implicates olfactory bulb mitral cells in synucleinopathy pathogenesis.,PARTIAL,2023-02-24,2023-03-27,https://www.ebi.ac.uk/pride/archive/projects/PXD040392
PXD040415,4,15,LC-MS experiments of SARS-CoV2 Receptor Binding Domain WT,PARTIAL,2023-02-27,2025-02-21,https://www.ebi.ac.uk/pride/archive/projects/PXD040415
PXD040466,4,8,"Identification of NEDD8 sites at endogenous levels of NEDD8 expression upon NEDP1 (SENP8, DEN1) knockout.",PARTIAL,2023-02-27,2023-05-10,https://www.ebi.ac.uk/pride/archive/projects/PXD040466
PXD040511,4,20,In vitro sheding activity of ADAM10,PARTIAL,2023-03-01,2023-05-17,https://www.ebi.ac.uk/pride/archive/projects/PXD040511
PXD040514,4,6,Analysis of Lysine Lactylation in CD4+ T cells of normal and EAU mouse,PARTIAL,2023-03-01,2023-08-29,https://www.ebi.ac.uk/pride/archive/projects/PXD040514
PXD040627,4,13,Expression of Blue Pigment Synthetase A from Streptomyces lavenduale Reveals Insights on the Effects of Refactoring Biosynthetic Megasynthases for Heterologous Expression in Escherichia coli,COMPLETE,2023-03-06,2023-06-23,https://www.ebi.ac.uk/pride/archive/projects/PXD040627
PXD040649,4,11,Detection of Lactococcus lactis contamination in standard and ethanol-washed casein used in mouse diets for microbiome studies,PARTIAL,2023-03-07,2024-12-18,https://www.ebi.ac.uk/pride/archive/projects/PXD040649
PXD040667,4,6,Spirometra proliferum proteomics,PARTIAL,2023-03-08,2025-07-07,https://www.ebi.ac.uk/pride/archive/projects/PXD040667
PXD040732,4,13,Time-resolved N-terminome analysis of HCT116 cells during apoptosis,PARTIAL,2023-03-09,2023-06-27,https://www.ebi.ac.uk/pride/archive/projects/PXD040732
PXD040772,4,12,Large scale screens of small molecules using multiple sources of human acute leukemia cells reveal novel targeting strategies,COMPLETE,2023-03-10,2025-05-06,https://www.ebi.ac.uk/pride/archive/projects/PXD040772
PXD041019,4,9,Identification of the potential receptor of Musclin on C3H10T1/2 cell using BioID assay,PARTIAL,2023-03-22,2023-06-13,https://www.ebi.ac.uk/pride/archive/projects/PXD041019
PXD041070,4,11,A bacterial autotransporter impairs innate immune responses by targeting the transcription factor TFE3,PARTIAL,2023-03-23,2023-04-13,https://www.ebi.ac.uk/pride/archive/projects/PXD041070
PXD041082,4,17,Palaeoproteomics of archaeological shell beads,COMPLETE,2023-03-24,2024-11-04,https://www.ebi.ac.uk/pride/archive/projects/PXD041082
PXD041094,4,17,A VEL3 histone deacetylase complex establishes a maternal epigenetic state controlling progeny seed dormancy,COMPLETE,2023-03-24,2023-03-24,https://www.ebi.ac.uk/pride/archive/projects/PXD041094
PXD041127,4,6,NirP1 is a small protein that controls nitrite-to-ammonium reduction in cyanobacteria,PARTIAL,2023-03-27,2024-02-23,https://www.ebi.ac.uk/pride/archive/projects/PXD041127
PXD041207,4,14,A conserved tryptophan in the acylated segment controls β2- integrin-independent cell penetration of RTX toxins,PARTIAL,2023-03-30,2023-07-11,https://www.ebi.ac.uk/pride/archive/projects/PXD041207
PXD041235,4,9,Deorphanization of neuropeptide GPCRs in Nematostella vectensis,COMPLETE,2023-03-31,2024-04-08,https://www.ebi.ac.uk/pride/archive/projects/PXD041235
PXD041256,4,13,Targeted delivery of tumor necrosis factor in combination with lomustine induces a T-cell dependent regression of glioblastoma,COMPLETE,2023-03-31,2023-06-01,https://www.ebi.ac.uk/pride/archive/projects/PXD041256
PXD041354,4,14,INTERACTOME ANALYSIS IDENTIFIES THE ROLE OF BZW2 IN PROMOTING ENDOPLASMIC RETICULUM-MITOCHONDRIAL CONTACT AND MITOCHONDRIAL METABOLISM,PARTIAL,2023-04-05,2024-05-24,https://www.ebi.ac.uk/pride/archive/projects/PXD041354
PXD041372,4,5,Multisite phosphorylation by protein kinase A mediates modality-specific modulation of PIEZO2,PARTIAL,2023-04-06,2023-07-20,https://www.ebi.ac.uk/pride/archive/projects/PXD041372
PXD041451,4,12,Plasmodium PEXEL protein processing,COMPLETE,2023-04-11,2023-08-28,https://www.ebi.ac.uk/pride/archive/projects/PXD041451
PXD041466,4,6,proteome-Broad phosphorylation mediated by testis-specific serine/threonine kinases contributes to spermiogenesis and male fertility,PARTIAL,2023-04-11,2023-07-20,https://www.ebi.ac.uk/pride/archive/projects/PXD041466
PXD041469,4,5,TFT3 interacts with MAPKKK by coimmunoprecipitation,PARTIAL,2023-04-11,2023-05-10,https://www.ebi.ac.uk/pride/archive/projects/PXD041469
PXD041516,4,12,Excretory-secretory proteome of nematode Heligmosomoides polygyrus developed in colitic conditions,COMPLETE,2023-04-13,2023-10-24,https://www.ebi.ac.uk/pride/archive/projects/PXD041516
PXD041562,4,7,Transmembrane nuclease NUMEN/ENDOD1 regulates DNA repair pathway choice at the nuclear periphery,PARTIAL,2023-04-16,2023-04-19,https://www.ebi.ac.uk/pride/archive/projects/PXD041562
PXD041707,4,10,A bacterial effector manipulates host lysosomal protease activity-dependent plasticity in cell death modalities to facilitate infection,PARTIAL,2023-04-21,2025-01-27,https://www.ebi.ac.uk/pride/archive/projects/PXD041707
PXD041775,4,8,G6PD K403 acetylation-dependent PTM,PARTIAL,2023-04-24,2023-10-24,https://www.ebi.ac.uk/pride/archive/projects/PXD041775
PXD041780,4,12,Human blood vessel organoids reveal a critical role for CTGF in maintaining microvascular integrity,COMPLETE,2023-05-05,2023-09-13,https://www.ebi.ac.uk/pride/archive/projects/PXD041780
PXD041782,4,6,CRTAC1 Enhances the Chemosensitivity of Non-Small Cell Lung Cancer to Cisplatin by Eliciting RyR-mediated Calcium Release and Inhibiting Akt1 Expression,PARTIAL,2023-04-24,2023-08-29,https://www.ebi.ac.uk/pride/archive/projects/PXD041782
PXD041786,4,29,Ubiquitin ligase and signalling hub MYCBP2 is required for efficient EPHB2 tyrosine kinase receptor function,COMPLETE,2023-05-05,2024-01-29,https://www.ebi.ac.uk/pride/archive/projects/PXD041786
PXD041791,4,6,Proteomic characterization of extracellular membrane vesicles from Streptococcus sanguinis,PARTIAL,2023-04-25,2024-10-17,https://www.ebi.ac.uk/pride/archive/projects/PXD041791
PXD041792,4,5,BioID screening experiment to map proteins linked to PHYHD1,PARTIAL,2023-04-25,2023-05-27,https://www.ebi.ac.uk/pride/archive/projects/PXD041792
PXD041807,4,5,LC-MS of small extracellular vesicles (sEVs) secreted by mock- vs. Zika virus (ZIKV)-infected JEG-3 cells,PARTIAL,2023-04-26,2023-09-12,https://www.ebi.ac.uk/pride/archive/projects/PXD041807
PXD041814,4,8,immunoprecipitation coupled with a mass spectrometry (MS) approach to identify cellular proteins associated with MOV10,PARTIAL,2023-04-26,2023-08-30,https://www.ebi.ac.uk/pride/archive/projects/PXD041814
PXD041955,4,65,Extending MS Annika for MS2-MS3-based Cross-linking Workflows,COMPLETE,2023-05-03,2023-08-13,https://www.ebi.ac.uk/pride/archive/projects/PXD041955
PXD041957,4,6,Cathelicidin deficiency disrupts goblet cell mucus secretion but not mucus associated proteins in Citrobacter rodentium-induced colitis,PARTIAL,2023-05-03,2023-05-04,https://www.ebi.ac.uk/pride/archive/projects/PXD041957
PXD042024,4,74,Vitamin D binding protein induces skeletal muscle atrophy and contributes to cancer-associated muscle wasting,PARTIAL,2023-05-05,2026-02-20,https://www.ebi.ac.uk/pride/archive/projects/PXD042024
PXD042056,4,5,"Label-free quantitative plasma membrane proteome analysis of Candida glabrata wild-type and Cgvps34∆ (lacks phosphatidylinositol 3- phosphate kinase, CgVps34) strains. Label-free quantitative plasma membrane proteome analysis of Candida glabrata wild-type and Cgvps34∆ (lacks phosphatidylinositol 3- phosphate kinase, CgVps34) strains.",PARTIAL,2023-05-08,2024-02-19,https://www.ebi.ac.uk/pride/archive/projects/PXD042056
PXD042085,4,8,IP-mass spectrometry of MeCP2 binding proteins during cell cycle re-entry,PARTIAL,2023-05-09,2024-04-26,https://www.ebi.ac.uk/pride/archive/projects/PXD042085
PXD042148,4,13,A viral pan-end RNA element and host complex define a SARS-CoV-2 regulon,COMPLETE,2023-05-11,2023-06-12,https://www.ebi.ac.uk/pride/archive/projects/PXD042148
PXD042186,4,7,Identification of Bifidobacterium longum subsp. infantis ATCC 15697 surface proteins after growth in milk phospholipid-enriched medium,PARTIAL,2023-05-12,2023-05-15,https://www.ebi.ac.uk/pride/archive/projects/PXD042186
PXD042210,4,5,Proteomic analysis of histone modifications present on nucleosomes bound by INO80 complex,PARTIAL,2023-05-14,2023-12-10,https://www.ebi.ac.uk/pride/archive/projects/PXD042210
PXD042221,4,12,Seeding the meiotic DNA break machinery and initiating recombination on chromosome axes,COMPLETE,2023-05-15,2024-02-23,https://www.ebi.ac.uk/pride/archive/projects/PXD042221
PXD042234,4,10,Mesothelin secretion by pancreatic cancer cells co-opts macrophages and promotes metastasis,PARTIAL,2023-05-15,2023-12-19,https://www.ebi.ac.uk/pride/archive/projects/PXD042234
PXD042241,4,14,LC-MSMS of the MHC-I immunopeptidome of murine thymic epithelial cells,COMPLETE,2023-05-15,2024-04-17,https://www.ebi.ac.uk/pride/archive/projects/PXD042241
PXD042271,4,5,human HEK293T S9.6 Mass spectrometry,PARTIAL,2023-05-16,2024-04-17,https://www.ebi.ac.uk/pride/archive/projects/PXD042271
PXD042365,4,5,Secretome profiling of Artemisia absinthium extract loaded polymeric nanoparticles-treated MCF-7 and MDA MB-231 cell lines.,PARTIAL,2023-05-20,2023-08-29,https://www.ebi.ac.uk/pride/archive/projects/PXD042365
PXD042366,4,5,Secretome analysis of breast cancer cells treated with Ipomoea turpethum extract-loaded polymeric nanoparticles.,PARTIAL,2023-05-20,2023-10-10,https://www.ebi.ac.uk/pride/archive/projects/PXD042366
PXD042488,4,9,FLAG-Ub IP/MS of USP8-depleted cells,PARTIAL,2023-05-25,2023-12-17,https://www.ebi.ac.uk/pride/archive/projects/PXD042488
PXD042497,4,12,"SHP-1(FLAG) AP-MS, with/without TAOK3 and/or SRC kinase",PARTIAL,2023-05-25,2024-01-04,https://www.ebi.ac.uk/pride/archive/projects/PXD042497
PXD042735,4,13,KDM3A and KDM3B Maintain Naïve Pluripotency Through the Regulation of Alternative Splicing,COMPLETE,2023-06-05,2025-06-22,https://www.ebi.ac.uk/pride/archive/projects/PXD042735
PXD042754,4,8,"Heimdall, an alternative protein issued from a ncRNA related to kappa light chain variable region of immunoglobulins from astrocytes  : a new player in neural proteome",PARTIAL,2023-06-06,2023-10-24,https://www.ebi.ac.uk/pride/archive/projects/PXD042754
PXD042763,4,5,O-GlcNAcylation promotes Palbociclib resistance in breast cancer by regulating MITF nuclear translocation,PARTIAL,2023-06-06,2024-05-30,https://www.ebi.ac.uk/pride/archive/projects/PXD042763
PXD042823,4,6,Examining the stability of nucleosomal modifications during pull-down affinity purification,PARTIAL,2023-06-08,2023-12-10,https://www.ebi.ac.uk/pride/archive/projects/PXD042823
PXD042830,4,7,Mass spectrometry analysis of VHL and BICD2 binding protein in HEK-293t cells,PARTIAL,2023-06-09,2023-10-24,https://www.ebi.ac.uk/pride/archive/projects/PXD042830
PXD042831,4,5,Serratia bacteria Su_YN1 OMV LC-MSMS,PARTIAL,2023-06-09,2023-08-02,https://www.ebi.ac.uk/pride/archive/projects/PXD042831
PXD042846,4,6,Analysis of KaiC3 phosphorylation,PARTIAL,2023-06-09,2024-07-25,https://www.ebi.ac.uk/pride/archive/projects/PXD042846
PXD042905,4,7,The assembly of the Mitochondrial Complex I Assembly complex uncovers a redox pathway coordination,PARTIAL,2023-06-12,2023-12-13,https://www.ebi.ac.uk/pride/archive/projects/PXD042905
PXD042906,4,80,Analysis of Efg1 co-purifying proteins,COMPLETE,2023-06-12,2023-11-27,https://www.ebi.ac.uk/pride/archive/projects/PXD042906
PXD043019,4,5,Mapping of bone marrow sample proteome of Pinch1/2 knockout mice,PARTIAL,2023-06-15,2023-12-08,https://www.ebi.ac.uk/pride/archive/projects/PXD043019
PXD043041,4,13,TurboID-mediated proximity labeling for screening interacting proteins of FIP37 in Arabidopsis,COMPLETE,2023-06-16,2024-01-26,https://www.ebi.ac.uk/pride/archive/projects/PXD043041
PXD043232,4,12,"Mass spectrometry and phosphorylation analysis of ORC1 protein, wild type or RNA-binding mutant (R441A, R444A and R465A), in GAA-RNA (RNA interactors of ORC1 identified by RIP-seq and iCLIP) knockdown or control conditions.",PARTIAL,2023-06-23,2023-10-24,https://www.ebi.ac.uk/pride/archive/projects/PXD043232
PXD043238,4,9,A SWI/SNF-dependent transcriptional repression mediated by POU2AF2/C11orf53 at enhancer.,PARTIAL,2023-06-23,2024-01-19,https://www.ebi.ac.uk/pride/archive/projects/PXD043238
PXD043273,4,5,Exploring the structural landscape of DNA maintenance proteins,PARTIAL,2023-06-25,2024-10-17,https://www.ebi.ac.uk/pride/archive/projects/PXD043273
PXD043382,4,6,Proteomics analysis of JOSD2-overexpression in NIH/3T3 cells,PARTIAL,2023-06-29,2023-06-30,https://www.ebi.ac.uk/pride/archive/projects/PXD043382
PXD043479,4,10,MS analysis of anti-Senp7 pulldown in adipocytes,PARTIAL,2023-07-03,2024-06-16,https://www.ebi.ac.uk/pride/archive/projects/PXD043479
PXD043489,4,6,Sequencing the anti-MUC1 hybridoma antibody 139H2,PARTIAL,2023-07-03,2024-03-18,https://www.ebi.ac.uk/pride/archive/projects/PXD043489
PXD043494,4,5,"Puromycin acetyltransferase-mediated cell-specific labeling of de novo synthesized proteins, part I",PARTIAL,2023-07-03,2023-10-24,https://www.ebi.ac.uk/pride/archive/projects/PXD043494
PXD043558,4,21,Identifying the mechanism of platelet activation by platelet factor 4 (PF4) a.k.a CXCL4,COMPLETE,2023-07-05,2024-06-16,https://www.ebi.ac.uk/pride/archive/projects/PXD043558
PXD043588,4,6,Perinatal iron restriction is associated with changes in neonatal cardiac function and structure in a sex-dependent manner,PARTIAL,2023-07-07,2024-10-03,https://www.ebi.ac.uk/pride/archive/projects/PXD043588
PXD043636,4,6,Cysteinome profiling of AgTU-induced cysteien oxidation (with TMT),PARTIAL,2023-07-10,2024-03-17,https://www.ebi.ac.uk/pride/archive/projects/PXD043636
PXD043837,4,12,The self-association equilibrium of DNAJA2 regulates its interaction with unfolded substrate proteins and with Hsc70,PARTIAL,2023-07-17,2023-09-05,https://www.ebi.ac.uk/pride/archive/projects/PXD043837
PXD043896,4,10,Metaproteomics-based exploration of Apis mellifera ligustica bee gut microbiota,PARTIAL,2023-07-19,2024-06-16,https://www.ebi.ac.uk/pride/archive/projects/PXD043896
PXD043900,4,15,The previously uncharacterized YlxR (RnpM) protein modulates the activity of ribonuclease P,PARTIAL,2023-07-19,2024-06-16,https://www.ebi.ac.uk/pride/archive/projects/PXD043900
PXD043908,4,6,A T-cell receptor targeting a shared neoantigen mediates elimination of primary human acute myeloid leukemia in vivo,PARTIAL,2023-07-19,2023-08-28,https://www.ebi.ac.uk/pride/archive/projects/PXD043908
PXD043924,4,7,Toxoplsama gondii Cdt1 homolg interactome,PARTIAL,2023-07-19,2024-06-16,https://www.ebi.ac.uk/pride/archive/projects/PXD043924
PXD043979,4,20,The LARP1 homolog Slr1p controls the stability and expression of proto-5’TOP mRNAs in fission yeast,COMPLETE,2023-07-21,2023-11-05,https://www.ebi.ac.uk/pride/archive/projects/PXD043979
PXD043994,4,7,Toxoplasma gondii Cyclin-4 Interactome,PARTIAL,2023-07-21,2024-06-16,https://www.ebi.ac.uk/pride/archive/projects/PXD043994
PXD044000,4,7,Identification of differentially expressed proteins in lung cancer H157 cells after nanocomposite AANL-SeNPs treatment with DIA-MS detection,PARTIAL,2023-07-22,2024-05-22,https://www.ebi.ac.uk/pride/archive/projects/PXD044000
PXD044029,4,12,Phosphoproteomic Changes Induced by Cell-Derived Matrix and Their Effect on Tumor Cell Migration and Cytoskeleton Remodeling,COMPLETE,2023-07-24,2025-05-06,https://www.ebi.ac.uk/pride/archive/projects/PXD044029
PXD044078,4,17,Shotgun proteomic cartography of Bacillus pumilus spores,COMPLETE,2023-07-25,2023-12-21,https://www.ebi.ac.uk/pride/archive/projects/PXD044078
PXD044079,4,17,Shotgun proteomic cartography of Bacillus atrophaeus spores,COMPLETE,2023-07-25,2023-12-21,https://www.ebi.ac.uk/pride/archive/projects/PXD044079
PXD044080,4,6,Analysis of CDPK1 targets identifies a trafficking adaptor complex that regulates microneme exocytosis in Toxoplasma - TGGT1_306920 IPs,COMPLETE,2023-07-25,2023-10-18,https://www.ebi.ac.uk/pride/archive/projects/PXD044080
PXD044153,4,9,Biofilm matrix regulation by Candida glabrata Zap1 under acidic conditions: transcriptomic and proteomic analyses,PARTIAL,2023-07-27,2024-10-28,https://www.ebi.ac.uk/pride/archive/projects/PXD044153
PXD044225,4,5,TMT analysis of phosphorylated proteomics of human osteosarcoma cell 143B treated with BEA,PARTIAL,2023-07-31,2023-10-24,https://www.ebi.ac.uk/pride/archive/projects/PXD044225
PXD044242,4,13,PsAF5 functions as an essential adapter for PsPHB2-mediated mitophagy under ROS stress in Phytophthora sojae,PARTIAL,2023-08-01,2024-05-21,https://www.ebi.ac.uk/pride/archive/projects/PXD044242
PXD044267,4,13,"Trypanosoma cruzi, oral infection, cruzipain, gp85/Trans- sialidase family",PARTIAL,2023-08-01,2024-05-21,https://www.ebi.ac.uk/pride/archive/projects/PXD044267
PXD044277,4,6,Interactome analysis of PHF2 using LC-MS combined with an immunoprecipitation assay,PARTIAL,2023-08-02,2023-10-18,https://www.ebi.ac.uk/pride/archive/projects/PXD044277
PXD044367,4,10,IP-MS of D1 in Testis from Drosophila,PARTIAL,2023-08-04,2024-12-02,https://www.ebi.ac.uk/pride/archive/projects/PXD044367
PXD044380,4,7,• YjgM is a novel crotonyltransferase critical for polymyxin resistance of Escherichia coli,PARTIAL,2023-08-05,2024-03-19,https://www.ebi.ac.uk/pride/archive/projects/PXD044380
PXD044467,4,8,CryoEM reveals that ribosomes in microsporidian spores are locked in a dimeric hibernating state,PARTIAL,2023-08-09,2025-12-01,https://www.ebi.ac.uk/pride/archive/projects/PXD044467
PXD044504,4,12,Structural analysis of PLD3 reveals insights into the mechanism of lysosomal 5' exonuclease-mediated nucleic acid degradation,PARTIAL,2023-08-11,2023-11-24,https://www.ebi.ac.uk/pride/archive/projects/PXD044504
PXD044569,4,11,"Quantitative proteomics reveals tissue-specific, infection-induced and species-specific neutrophil protein signatures – human blood neutrophils",PARTIAL,2023-08-14,2024-03-13,https://www.ebi.ac.uk/pride/archive/projects/PXD044569
PXD044633,4,8,The origin and evolution of the interactions between sex peptide and sex peptide receptor,PARTIAL,2023-08-18,2024-03-20,https://www.ebi.ac.uk/pride/archive/projects/PXD044633
PXD044656,4,8,The alternative Nucleosome Remodeling Factor complex sustains acute myeloid leukemia by regulating the accessibility of insulator regions,PARTIAL,2023-08-18,2023-11-12,https://www.ebi.ac.uk/pride/archive/projects/PXD044656
PXD044681,4,18,A NET4-RabG3 couple mediate the link between actin and the tonoplast and is essential for normal actin cytoskeletal remodelling in stomatal closure to flg22,COMPLETE,2023-08-21,2023-09-22,https://www.ebi.ac.uk/pride/archive/projects/PXD044681
PXD044723,4,14,Quality control at the cell surface prevents accumulation of damaged L-type CaV1.2 calcium channels,PARTIAL,2023-08-22,2024-02-16,https://www.ebi.ac.uk/pride/archive/projects/PXD044723
PXD044724,4,5,STPP-UP: A alternative method for drug target identification using protein thermal stability,PARTIAL,2023-08-22,2023-10-24,https://www.ebi.ac.uk/pride/archive/projects/PXD044724
PXD044802,4,10,Engineered skin microbiome-assisted delivery to the pilosebaceous unit,PARTIAL,2023-08-23,2023-11-10,https://www.ebi.ac.uk/pride/archive/projects/PXD044802
PXD044818,4,12,DUSP8 induces TGF-β-stimulated IL-9 transcription and Th9-mediated allergic inflammation by promoting nuclear export of Pur-α,PARTIAL,2023-08-24,2023-09-30,https://www.ebi.ac.uk/pride/archive/projects/PXD044818
PXD044898,4,12,DUSP8 dephosphorylates Pur-alpha,PARTIAL,2023-08-28,2023-09-30,https://www.ebi.ac.uk/pride/archive/projects/PXD044898
PXD044959,4,7,0N4R Tau and 0N4R Tau P301L Neuronal Interactomes,PARTIAL,2023-08-30,2024-07-03,https://www.ebi.ac.uk/pride/archive/projects/PXD044959
PXD045025,4,10,Identification of a cryptic MHC-E epitope from influenza virus,COMPLETE,2023-09-01,2023-10-10,https://www.ebi.ac.uk/pride/archive/projects/PXD045025
PXD045077,4,9,Proteomics of secretomes from Agaricus bisporus grown on 12C-lignin,COMPLETE,2023-09-04,2024-03-15,https://www.ebi.ac.uk/pride/archive/projects/PXD045077
PXD045084,4,10,Toxicological Effects and Underlying Mechanisms of Chlorination–Derived Metformin Byproducts in Escherichia coli,PARTIAL,2023-09-04,2023-10-17,https://www.ebi.ac.uk/pride/archive/projects/PXD045084
PXD045162,4,11,Multi-Level Analysis of Gut Microbiome Extracellular Vesicles-Host Interaction Reveals a Connection to Gut-Brain Axis Signaling,PARTIAL,2023-09-06,2024-11-05,https://www.ebi.ac.uk/pride/archive/projects/PXD045162
PXD045211,4,11,HLA-peptidome of human primary islets,COMPLETE,2023-09-08,2025-01-08,https://www.ebi.ac.uk/pride/archive/projects/PXD045211
PXD045231,4,8,RNF114 Co-IP experiments to identify binding partners,PARTIAL,2023-09-08,2024-01-26,https://www.ebi.ac.uk/pride/archive/projects/PXD045231
PXD045336,4,6,Uremic pruritus patients serum DIA,PARTIAL,2023-09-13,2024-03-08,https://www.ebi.ac.uk/pride/archive/projects/PXD045336
PXD045351,4,7,"ETFDH, CIII and COQ2 common interactome",COMPLETE,2023-09-13,2023-10-24,https://www.ebi.ac.uk/pride/archive/projects/PXD045351
PXD045606,4,12,Aedes aegypti mosquito eggshell proteins in response to RNAi-EOF1,COMPLETE,2023-09-22,2023-09-29,https://www.ebi.ac.uk/pride/archive/projects/PXD045606
PXD045726,4,8,"Comparison of proteins identified using the Af1521 Macro domain (Nowak et al., https://doi.org/10.1038/s41467-020-18981-w) versus the non-functional (G42E) Macro domain for enrichment of ADP-ribosylated proteins from A. thaliana plants expressing the Pseudomonas syringae type III effectors AvrRpm1 or HopF2 (DDA method)",PARTIAL,2023-09-27,2023-09-28,https://www.ebi.ac.uk/pride/archive/projects/PXD045726
PXD045836,4,5,Myeloid-derived grancalcin instigates obesity-induced insulin resistance and metabolic inflammation,PARTIAL,2023-09-30,2023-11-06,https://www.ebi.ac.uk/pride/archive/projects/PXD045836
PXD045934,4,8,RHBDL4-triggered downregulation of COPII adaptor protein TMED7 suppresses TLR4-mediated inflammatory signaling,PARTIAL,2023-10-06,2024-01-09,https://www.ebi.ac.uk/pride/archive/projects/PXD045934
PXD045988,4,5,Tankyrase1/2 inhibition reveals that PARylation is regulating aerobic activities in hepatocytes and HepG2 cells,PARTIAL,2023-10-09,2024-07-25,https://www.ebi.ac.uk/pride/archive/projects/PXD045988
PXD045989,4,5,An unconventional integrin promotes human immunityAn unconventional integrin promotes human immunity,PARTIAL,2023-10-09,2024-07-30,https://www.ebi.ac.uk/pride/archive/projects/PXD045989
PXD046104,4,6,Nogo-B co-IP-MS experiment in mouse liver and pancreas,PARTIAL,2023-10-13,2024-07-27,https://www.ebi.ac.uk/pride/archive/projects/PXD046104
PXD046139,4,5,Deubiquitinase JOSD2 promotes non-small cell lung cancer proliferation via deubiquitylation and inactivation of LKB1,PARTIAL,2023-10-15,2024-01-26,https://www.ebi.ac.uk/pride/archive/projects/PXD046139
PXD046510,4,13,Plasma Glycomic Markers of Accelerated Biological Aging During Chronic HIV Infection,COMPLETE,2023-10-30,2024-03-21,https://www.ebi.ac.uk/pride/archive/projects/PXD046510
PXD046523,4,21,Determination of modification sites of hSSB1 by cABL1 kinase,PARTIAL,2023-10-31,2025-06-29,https://www.ebi.ac.uk/pride/archive/projects/PXD046523
PXD046529,4,13,The interaction between DNMT3A with H3Kc36me2 modified nucleosomes,PARTIAL,2023-10-31,2024-12-07,https://www.ebi.ac.uk/pride/archive/projects/PXD046529
PXD046708,4,21,SART3 is a Novel Rme2s Reader studied by tandem MS,COMPLETE,2023-11-06,2024-10-17,https://www.ebi.ac.uk/pride/archive/projects/PXD046708
PXD046749,4,16,Insights into PH1 disease mechanisms from the analyses of the structural stability and dynamics of AGT variants,PARTIAL,2023-11-07,2024-01-25,https://www.ebi.ac.uk/pride/archive/projects/PXD046749
PXD046810,4,23,Characterization of MdpS: An In-depth Analysis of a MUC5B-Degrading Protease from Streptococcus oralis,PARTIAL,2023-11-09,2024-04-18,https://www.ebi.ac.uk/pride/archive/projects/PXD046810
PXD046840,4,6,Trypanosomal Pam18/Pam16 and maxicircle replication – TbPam16 SILAC RNAi,PARTIAL,2023-11-10,2024-07-20,https://www.ebi.ac.uk/pride/archive/projects/PXD046840
PXD046895,4,13,Hsp70 and NAC chaperone systems are in close proximity on the ribosome,COMPLETE,2023-11-13,2024-01-08,https://www.ebi.ac.uk/pride/archive/projects/PXD046895
PXD046904,4,14,MeCP2 Represses the Activity of Topoisomerase IIβ in Long Neuronal Genes,PARTIAL,2023-11-13,2023-11-15,https://www.ebi.ac.uk/pride/archive/projects/PXD046904
PXD046912,4,8,"Proteomics analysis of non-small cell lung cancer cell lines lacking ATGL (ATGL-KO) or MGL (MGL-KO) or expressing both (Control, NTC)",PARTIAL,2023-11-13,2023-11-27,https://www.ebi.ac.uk/pride/archive/projects/PXD046912
PXD046945,4,8,Potential proteins interated with CHRONO in human U2OS cells,PARTIAL,2023-11-14,2025-05-06,https://www.ebi.ac.uk/pride/archive/projects/PXD046945
PXD046962,4,12,Role of the Ste20-like kinase SLK in Podocyte Adhesion,PARTIAL,2023-11-14,2024-01-22,https://www.ebi.ac.uk/pride/archive/projects/PXD046962
PXD046965,4,10,Folding of Prestin’s Anion-Binding Site and the Mechanism of Outer Hair Cell Electromotility,PARTIAL,2023-11-14,2023-12-06,https://www.ebi.ac.uk/pride/archive/projects/PXD046965
PXD047005,4,9,In vitro phosphorylation of Dam1 complex and Bim1 by Mps1,PARTIAL,2023-11-16,2024-05-22,https://www.ebi.ac.uk/pride/archive/projects/PXD047005
PXD047030,4,9,Evaluating protein crosslinking as a therapeutic strategy to stabilize SOD1 variants in a mouse model of familial ALS,PARTIAL,2023-11-16,2023-12-17,https://www.ebi.ac.uk/pride/archive/projects/PXD047030
PXD047057,4,6,Repairing of isoaspartyl residues by PCMT1 alleviates renal fibrosis through the repression of TGF-β1/TGFBR2/Smad signaling pathway,PARTIAL,2023-11-18,2025-03-18,https://www.ebi.ac.uk/pride/archive/projects/PXD047057
PXD047117,4,9,Proteomic analysis of decellularized porcine brain,PARTIAL,2023-11-21,2025-06-11,https://www.ebi.ac.uk/pride/archive/projects/PXD047117
PXD047214,4,5,4D label-free acetylation-modified quantitative proteome of mouse FGSCs.,PARTIAL,2023-11-24,2025-05-06,https://www.ebi.ac.uk/pride/archive/projects/PXD047214
PXD047232,4,8,The NSP3 protein of SARS-CoV-2 binds fragile X mental retardation proteins to disrupt UBAP2L binding,PARTIAL,2023-11-25,2023-12-28,https://www.ebi.ac.uk/pride/archive/projects/PXD047232
PXD047233,4,8,Shubayqa (Jordan) waterfowl eggshell,PARTIAL,2023-11-25,2024-05-25,https://www.ebi.ac.uk/pride/archive/projects/PXD047233
PXD047256,4,12,Mass spetrometry analysis of FTO-interacting proteins,PARTIAL,2023-11-27,2025-07-13,https://www.ebi.ac.uk/pride/archive/projects/PXD047256
PXD047446,4,5,Proteomic analysis of salivary extracellular vesicles from COVID-19 patients reveals a specific anti-COVID-19 response protein signature,PARTIAL,2023-12-01,2024-05-21,https://www.ebi.ac.uk/pride/archive/projects/PXD047446
PXD047564,4,6,"NOC1 is a Direct MYC Target, and Its Protein Interactome Dissects Its Activity in Controlling Nucleolar Function",COMPLETE,2023-12-06,2023-12-18,https://www.ebi.ac.uk/pride/archive/projects/PXD047564
PXD047658,4,10,Regulation of hepatic inclusions and fibrinogen biogenesis by SEL1L-HRD1 ERAD,PARTIAL,2023-12-08,2024-09-11,https://www.ebi.ac.uk/pride/archive/projects/PXD047658
PXD047697,4,6,0549_2   Fission yeast Pab1 interactome,PARTIAL,2023-12-11,2024-12-02,https://www.ebi.ac.uk/pride/archive/projects/PXD047697
PXD047703,4,6,0518_4  Fission yeast Paa1 interactome,PARTIAL,2023-12-11,2024-12-02,https://www.ebi.ac.uk/pride/archive/projects/PXD047703
PXD047782,4,5,Ubiquitinome of Plasmodium yoelii lines NSS and NSR,PARTIAL,2023-12-13,2024-02-04,https://www.ebi.ac.uk/pride/archive/projects/PXD047782
PXD047811,4,5,Proteome of Plasmodium yoelii lines NSS and NSR,PARTIAL,2023-12-14,2024-02-04,https://www.ebi.ac.uk/pride/archive/projects/PXD047811
PXD047845,4,5,An unusual dual sugar-binding lectin domain controls the substrate specificity of a mucin-type O-glycosyltransferase,PARTIAL,2023-12-15,2024-05-23,https://www.ebi.ac.uk/pride/archive/projects/PXD047845
PXD047850,4,21,DiGly_Analysis_RAD18_RAD6_with/without_MAGEA4,PARTIAL,2023-12-15,2024-02-20,https://www.ebi.ac.uk/pride/archive/projects/PXD047850
PXD047910,4,9,LC-MS/MS data for HCA mRNA antibodies,PARTIAL,2023-12-18,2024-05-22,https://www.ebi.ac.uk/pride/archive/projects/PXD047910
PXD047932,4,11,"Palaeoproteomic analysis of a second hominin specimen from Baishiya Karst Cave, China",COMPLETE,2023-12-19,2024-05-22,https://www.ebi.ac.uk/pride/archive/projects/PXD047932
PXD047989,4,11,Project title: Endogenous AIRE-immunoprecipitation from primary human neutrophils,PARTIAL,2023-12-20,2024-01-25,https://www.ebi.ac.uk/pride/archive/projects/PXD047989
PXD048082,4,20,N-terminal acetylation of yeast NAT-A mutants,PARTIAL,2023-12-22,2024-06-22,https://www.ebi.ac.uk/pride/archive/projects/PXD048082
PXD048326,4,7,A multiomics study on the metabolism of Ca. Accumulibacter phosphatis,PARTIAL,2024-01-09,2024-10-28,https://www.ebi.ac.uk/pride/archive/projects/PXD048326
PXD048330,4,8,Sty1 kinase-dependent phosphosite mapping on Atf1,PARTIAL,2024-01-09,2024-02-15,https://www.ebi.ac.uk/pride/archive/projects/PXD048330
PXD048362,4,17,Fomitopsis pinicola protein profiles in normoxia and anoxia using fungal solid-state cultures on pine,COMPLETE,2024-01-09,2025-09-15,https://www.ebi.ac.uk/pride/archive/projects/PXD048362
PXD048380,4,8,Activity guided profiling of yeast proteasome - protein extraction test,PARTIAL,2024-01-10,2024-02-15,https://www.ebi.ac.uk/pride/archive/projects/PXD048380
PXD048490,4,12,Disabled-2 interacting proteins in U46619-stimulated human platelet activation,COMPLETE,2024-01-12,2024-10-24,https://www.ebi.ac.uk/pride/archive/projects/PXD048490
PXD048536,4,10,The kinesin motor Kif9 regulates centriolar satellite positioning during interphase,PARTIAL,2024-01-14,2025-09-30,https://www.ebi.ac.uk/pride/archive/projects/PXD048536
PXD048558,4,6,Impact of de novo variants in the PSMC5 coding the AAA-ATPase proteasome subunit PSMC5/Rpt6 on the protein pattern of patient-derived primary T-cells in comparison to their wild-type counterparts.,PARTIAL,2024-01-15,2025-08-07,https://www.ebi.ac.uk/pride/archive/projects/PXD048558
PXD048589,4,12,Potential proteins interacted with S100A11,COMPLETE,2024-01-16,2024-01-16,https://www.ebi.ac.uk/pride/archive/projects/PXD048589
PXD048677,4,7,Mass spectrometry analysis of the kinetoplastid kinetochore protein KKT14 phosphorylated by the Aurora B kinase,PARTIAL,2024-01-18,2024-01-31,https://www.ebi.ac.uk/pride/archive/projects/PXD048677
PXD048792,4,5,"Proteomic identification of organic resideus in the bronze mous excavated from Wushan, Chongqing, China",PARTIAL,2024-01-23,2025-07-10,https://www.ebi.ac.uk/pride/archive/projects/PXD048792
PXD048809,4,17,Spatial multi-omics in skeletal muscle unravel complex myofiber architecture,PARTIAL,2024-01-23,2024-09-27,https://www.ebi.ac.uk/pride/archive/projects/PXD048809
PXD048927,4,12,Structural and functional characterization of the IgSF21-Neurexin2α complex and its related signaling pathways in the regulation of inhibitory synapse organization,COMPLETE,2024-01-26,2024-03-04,https://www.ebi.ac.uk/pride/archive/projects/PXD048927
PXD048980,4,343,- Identification of Gαi2-interacting proteins via affinity pull-down and quantitative mass-spectrometry analysis.,COMPLETE,2024-01-29,2024-09-20,https://www.ebi.ac.uk/pride/archive/projects/PXD048980
PXD049012,4,16,Phosphorylation of cytosolic hPGK1 affects protein stability and ligand binding: implications for its subcellular targeting in cancer,PARTIAL,2024-01-30,2024-09-07,https://www.ebi.ac.uk/pride/archive/projects/PXD049012
PXD049188,4,8,PAD4 controls tumor immunity via restraining the MHC-II machinery in macrophages,PARTIAL,2024-02-05,2024-05-22,https://www.ebi.ac.uk/pride/archive/projects/PXD049188
PXD049221,4,7,Human LC-MS (Ubiquitin Ligase ITCH Controls SARS-CoV-2 Virion Assembly and Egress),PARTIAL,2024-02-07,2026-02-23,https://www.ebi.ac.uk/pride/archive/projects/PXD049221
PXD049261,4,13,Proteomic investigation of treatment with medicinal mushroom supplement Agarikon Plus® alone and in combination with 5- fluorouracil in advanced colorectal cancer animal model,PARTIAL,2024-02-08,2024-10-01,https://www.ebi.ac.uk/pride/archive/projects/PXD049261
PXD049287,4,13,COFRADIC N-Terminomics approach for the identification of new type II metacaspases potential targets,PARTIAL,2024-02-08,2024-07-08,https://www.ebi.ac.uk/pride/archive/projects/PXD049287
PXD049381,4,8,Identification of phosphorylated amino acids in CgSub2 protein in Candida glabrata,PARTIAL,2024-02-14,2024-05-06,https://www.ebi.ac.uk/pride/archive/projects/PXD049381
PXD049387,4,8,"Discovery of Bavdegalutamide (ARV-110), a Novel PROteolysis TArgeting Chimera Androgen Receptor Degrader",PARTIAL,2024-02-14,2025-05-06,https://www.ebi.ac.uk/pride/archive/projects/PXD049387
PXD049443,4,6,LC-MS/MS analysis of hMPV F2 C-terminal peptides,PARTIAL,2024-02-17,2024-07-25,https://www.ebi.ac.uk/pride/archive/projects/PXD049443
PXD049473,4,6,An outer membrane porin-lipoprotein complex modulates elongasome movement to establish cell curvature in Rhodospirillum rubrum,PARTIAL,2024-02-19,2024-07-17,https://www.ebi.ac.uk/pride/archive/projects/PXD049473
PXD049688,4,9,urinary glycopeptide profile differentiates early cardiorenal risk in subjects not meeting criteria for chronic kidney disease,PARTIAL,2024-02-19,2025-06-01,https://www.ebi.ac.uk/pride/archive/projects/PXD049688
PXD049693,4,12,Targeted protein editing with an antibody-based system,PARTIAL,2024-02-19,2025-09-08,https://www.ebi.ac.uk/pride/archive/projects/PXD049693
PXD049793,4,9,Identification of interacting partners of Ppg1 phosphatase,PARTIAL,2024-02-20,2024-02-29,https://www.ebi.ac.uk/pride/archive/projects/PXD049793
PXD049983,4,5,Human hepatic micropeptide LC-MS/MS,PARTIAL,2024-02-21,2025-08-16,https://www.ebi.ac.uk/pride/archive/projects/PXD049983
PXD049999,4,18,Integrated cellular response of the zebrafish (Danio rerio) heart in response to temperature change,PARTIAL,2024-02-21,2024-10-15,https://www.ebi.ac.uk/pride/archive/projects/PXD049999
PXD050132,4,21,Data-Independent Acquisition Represents a Promising Alternative for Fast Photochemical Oxidation of Proteins (FPOP) Samples Analysis,COMPLETE,2024-02-26,2024-07-08,https://www.ebi.ac.uk/pride/archive/projects/PXD050132
PXD050139,4,6,Implications of O-glycan modifications in the hinge region of a plant-produced SARS-CoV-2-IgA antibody on functionality,PARTIAL,2024-02-26,2024-02-27,https://www.ebi.ac.uk/pride/archive/projects/PXD050139
PXD050191,4,8,Analysis of ZNF827 Halotag pulldown for a manuscript titled   ‘ZNF827 is a single-stranded DNA binding protein that regulates the ATR-CHK1 DNA damage response pathway’,PARTIAL,2024-02-27,2024-06-23,https://www.ebi.ac.uk/pride/archive/projects/PXD050191
PXD050199,4,88,Human and Mouse Urinary Catheter Proteins,COMPLETE,2024-02-27,2024-03-12,https://www.ebi.ac.uk/pride/archive/projects/PXD050199
PXD050209,4,7,Interactome Analysis of EZH2 Protein in Control and GSNO exposed Human Umbilical Vein Endothelial Cells,PARTIAL,2024-02-28,2025-03-13,https://www.ebi.ac.uk/pride/archive/projects/PXD050209
PXD050224,4,6,Targeted degradation of extracellular mitochondrial aspartyl-tRNA synthetase modulates immune responses in bacterial pneumonia,PARTIAL,2024-02-28,2024-08-10,https://www.ebi.ac.uk/pride/archive/projects/PXD050224
PXD050366,4,10,Glycoproteomics of recombinant Measles Virus F from Drosophila S2 cells,PARTIAL,2024-03-05,2025-01-02,https://www.ebi.ac.uk/pride/archive/projects/PXD050366
PXD050367,4,10,Complete list of canonical post-transcriptional modifications in Bacillus subtilis ribosome.,PARTIAL,2024-03-05,2024-08-06,https://www.ebi.ac.uk/pride/archive/projects/PXD050367
PXD050370,4,12,"Decontamination enhances palaeoproteomic analysis of a Pleistocene hominin tooth from Khudji, Tajikistan",COMPLETE,2024-03-05,2025-04-24,https://www.ebi.ac.uk/pride/archive/projects/PXD050370
PXD050371,4,9,Profile the composition of reconstituted nuclear speckles,PARTIAL,2024-03-05,2024-11-25,https://www.ebi.ac.uk/pride/archive/projects/PXD050371
PXD050408,4,6,Klebsiella pneumoniae peptide hijacks a Streptococcus pneumoniae permease to subvert pneumococcal growth and colonization,PARTIAL,2024-03-06,2024-04-08,https://www.ebi.ac.uk/pride/archive/projects/PXD050408
PXD050424,4,13,Understanding with environmental proteomics the underlying processes triggered by ornamental lighting on phototrophic biofilms growing on stone-built heritage.,PARTIAL,2024-03-06,2025-05-13,https://www.ebi.ac.uk/pride/archive/projects/PXD050424
PXD050439,4,6,HCMV ER-I G4 binding protein LC-MS/MS,PARTIAL,2024-03-07,2024-08-30,https://www.ebi.ac.uk/pride/archive/projects/PXD050439
PXD050443,4,9,"Arabidopsis and Spirodela Histone PTMs (In case it fits better, the title of the paper will be: “Investigating the transposon silencing landscape of the aquatic monocot Spirodela polyrhiza during clonal growth unveils atypical epigenetic and small RNA patterns”)",PARTIAL,2024-03-07,2025-02-07,https://www.ebi.ac.uk/pride/archive/projects/PXD050443
PXD050471,4,28,Aeromonas spp MTB Infection May Causally Link to Ulcerative Colitis,PARTIAL,2024-03-08,2026-03-17,https://www.ebi.ac.uk/pride/archive/projects/PXD050471
PXD050556,4,9,"The SETD3 interacting protein was identified and screened by TurboID method, and Search for potential histidine methylation modification sites",PARTIAL,2024-03-12,2024-04-16,https://www.ebi.ac.uk/pride/archive/projects/PXD050556
PXD050601,4,16,Regulation by the RNA-binding protein Unkempt at its effector interface,COMPLETE,2024-03-13,2024-04-11,https://www.ebi.ac.uk/pride/archive/projects/PXD050601
PXD050619,4,6,KiP analysis of ER+ Breast Cancer,PARTIAL,2024-03-14,2025-05-13,https://www.ebi.ac.uk/pride/archive/projects/PXD050619
PXD050634,4,7,ONECUT2 acts a lineage plasticity driver,PARTIAL,2024-03-15,2024-08-10,https://www.ebi.ac.uk/pride/archive/projects/PXD050634
PXD050696,4,7,Mouse Exercise & Sedentary Extracellular Vesicles,PARTIAL,2024-03-18,2025-01-06,https://www.ebi.ac.uk/pride/archive/projects/PXD050696
PXD050718,4,13,A Novel Mechanism Mediated by Allosteric Disulfide Bonds Fine-Tunes Thrombus Formation,PARTIAL,2024-03-18,2024-04-11,https://www.ebi.ac.uk/pride/archive/projects/PXD050718
PXD050769,4,8,FLAG-BMAL1 Immunoprecipitation followed by LC MS/MS in mESCs,PARTIAL,2024-03-19,2025-08-16,https://www.ebi.ac.uk/pride/archive/projects/PXD050769
PXD050869,4,7,Functional connexion of bacterioferritin in antibiotic production and morphological differentiation in Streptomyces coelicolor,COMPLETE,2024-03-21,2024-09-09,https://www.ebi.ac.uk/pride/archive/projects/PXD050869
PXD050937,4,9,Fission yeast Caprin protein is required for efficient heterochromatin establishment.,PARTIAL,2024-03-24,2025-02-14,https://www.ebi.ac.uk/pride/archive/projects/PXD050937
PXD050948,4,5,Pulldown of P180/RRBP1 interacting protein,PARTIAL,2024-03-25,2024-10-14,https://www.ebi.ac.uk/pride/archive/projects/PXD050948
PXD051084,4,6,Identification of E2f1 interactors during early embryonic development in Xenopus tropicalis,PARTIAL,2024-03-29,2025-12-01,https://www.ebi.ac.uk/pride/archive/projects/PXD051084
PXD051090,4,17,Human mitochondrial TACO1-FLAG SILAC AP-MS,COMPLETE,2024-03-29,2024-09-06,https://www.ebi.ac.uk/pride/archive/projects/PXD051090
PXD051186,4,15,Ca. Thiodiazotropha symbionts of the deep-sea lucinid clam Lucinoma kazani are metabolically versatile.,PARTIAL,2024-04-03,2025-05-25,https://www.ebi.ac.uk/pride/archive/projects/PXD051186
PXD051211,4,6,R-protein composition of budding yeast PTC deficient  80S ribosomes,PARTIAL,2024-04-05,2024-06-23,https://www.ebi.ac.uk/pride/archive/projects/PXD051211
PXD051224,4,16,Copper(I)-Nitrene Platform for Chemoproteomics Profiling of Methionine,PARTIAL,2024-04-05,2024-04-24,https://www.ebi.ac.uk/pride/archive/projects/PXD051224
PXD051316,4,9,HDAC4 interactors identified by MS/MS,COMPLETE,2024-04-09,2024-10-17,https://www.ebi.ac.uk/pride/archive/projects/PXD051316
PXD051338,4,14,Peptide mass fingerprinting to investigate if histidine was incorporated as residue 136 in DHFR variants,COMPLETE,2024-04-10,2024-10-29,https://www.ebi.ac.uk/pride/archive/projects/PXD051338
PXD051371,4,9,NLRC5 IP-MS in  neonatal mouse cardiomyocyte lysates,PARTIAL,2024-04-11,2025-05-06,https://www.ebi.ac.uk/pride/archive/projects/PXD051371
PXD051379,4,6,Dysregulation of N-glycosylation by RPN1 knockout in spermatocytes induces male infertility via impaired mitochondrial function in mice,PARTIAL,2024-04-12,2025-05-06,https://www.ebi.ac.uk/pride/archive/projects/PXD051379
PXD051446,4,5,Identification of ASB1 interacting proteins by LC-MS/MS,PARTIAL,2024-04-15,2025-05-06,https://www.ebi.ac.uk/pride/archive/projects/PXD051446
PXD051448,4,8,Analysis of proteins interacting with GPX4,PARTIAL,2024-04-15,2024-12-19,https://www.ebi.ac.uk/pride/archive/projects/PXD051448
PXD051484,4,5,Global lysine succinylation analysis unveils post-translational regulation effect on phenylpropanoids metabolism remodeling during Lonicera japonica flowering development,PARTIAL,2024-04-16,2024-05-23,https://www.ebi.ac.uk/pride/archive/projects/PXD051484
PXD051495,4,12,Cytokinetic Abscission in Toxoplasma gondii is governed by Protein Phosphatase 2A and the Daughter Cell Scaffold Complex,PARTIAL,2024-04-16,2024-06-13,https://www.ebi.ac.uk/pride/archive/projects/PXD051495
PXD051583,4,8,Signal peptide-independent secretion of keratin-19 by pancreatic cancer cells,PARTIAL,2024-04-19,2025-06-16,https://www.ebi.ac.uk/pride/archive/projects/PXD051583
PXD051688,4,7,Synthetic Methylotrophic E. coli proteomics,COMPLETE,2024-04-24,2024-04-24,https://www.ebi.ac.uk/pride/archive/projects/PXD051688
PXD051772,4,25,Identification of DX2 ubiquitination site,PARTIAL,2024-04-26,2024-05-30,https://www.ebi.ac.uk/pride/archive/projects/PXD051772
PXD051835,4,28,In vivo proteolytic profiling of the type I and type II metacaspases in Chlamydomonas reinhardtii exposed to salt stress,COMPLETE,2024-04-29,2024-06-11,https://www.ebi.ac.uk/pride/archive/projects/PXD051835
PXD051885,4,5,HERD-1 Flag IP mass data in C.elegans,PARTIAL,2024-04-30,2024-07-14,https://www.ebi.ac.uk/pride/archive/projects/PXD051885
PXD051962,4,9,E. coli acquires specific resistance to the antimicrobial peptide TAT-RasGAP (317-326) via modification of charge at the surface of the essential outer membrane insertase BamA,PARTIAL,2024-05-03,2024-12-02,https://www.ebi.ac.uk/pride/archive/projects/PXD051962
PXD051981,4,9,KDR-dependent tyrosine phosphorylation in HTLV-1 transformed cells,PARTIAL,2024-05-04,2024-06-14,https://www.ebi.ac.uk/pride/archive/projects/PXD051981
PXD052150,4,8,Chaperonic function of a C/D snoRNA dictates the structure and function of translating ribosomes,PARTIAL,2024-05-09,2026-06-02,https://www.ebi.ac.uk/pride/archive/projects/PXD052150
PXD052165,4,8,Deamidation sites of G6PD and PHGDH catalyzed by CAD,PARTIAL,2024-05-10,2026-02-03,https://www.ebi.ac.uk/pride/archive/projects/PXD052165
PXD052287,4,6,The RNA binding protein IGF2BP2/IMP2 alters the cargo of cancer cell-derived extracellular vesicles supporting tumor-associated macrophages,PARTIAL,2024-05-16,2024-10-11,https://www.ebi.ac.uk/pride/archive/projects/PXD052287
PXD052291,4,6,Exosome from apoptotic dental stem cells,PARTIAL,2024-05-16,2025-05-07,https://www.ebi.ac.uk/pride/archive/projects/PXD052291
PXD052333,4,10,A deep learning-driven discovery of berberine derivatives as novel antibacterial against multidrug-resistant Helicobacter pylori through targeting outer membrane protein transport and assembling,PARTIAL,2024-05-17,2024-07-03,https://www.ebi.ac.uk/pride/archive/projects/PXD052333
PXD052459,4,5,Bacillus subtilis wild type and codY-null strain ,PARTIAL,2024-05-22,2025-11-10,https://www.ebi.ac.uk/pride/archive/projects/PXD052459
PXD052470,4,5,TMT-Based quantitative proteomics reveals the genetic mechanisms of secondary hair follicle development in the fine wool sheep foetus,PARTIAL,2024-05-22,2025-05-07,https://www.ebi.ac.uk/pride/archive/projects/PXD052470
PXD052497,4,8,Identification of ASC-interacting proteins,PARTIAL,2024-05-23,2024-05-29,https://www.ebi.ac.uk/pride/archive/projects/PXD052497
PXD052543,4,5,Chicken embryonic stem cell/primordial germ cell LC-MSMS,PARTIAL,2024-05-24,2025-09-07,https://www.ebi.ac.uk/pride/archive/projects/PXD052543
PXD052566,4,13,PC4-IP complex in Huh7 cells during G1 and G2 phases,PARTIAL,2024-05-26,2025-01-31,https://www.ebi.ac.uk/pride/archive/projects/PXD052566
PXD052618,4,8,Chlamydomonas reinhardtii photosystem II repair factors identification,PARTIAL,2024-05-28,2024-06-01,https://www.ebi.ac.uk/pride/archive/projects/PXD052618
PXD052669,4,13,Centromere protection requires strict mitotic inactivation of the Bloom syndrome helicase complex,COMPLETE,2024-05-29,2025-08-12,https://www.ebi.ac.uk/pride/archive/projects/PXD052669
PXD052771,4,5,Bladder cancer tissue-derived exosomes LC-MSMS,PARTIAL,2024-06-01,2025-05-07,https://www.ebi.ac.uk/pride/archive/projects/PXD052771
PXD052800,4,6,And-1 is required for NER repair and promotes skin carcinogenesis,PARTIAL,2024-06-03,2025-08-21,https://www.ebi.ac.uk/pride/archive/projects/PXD052800
PXD052827,4,5,HUVEC Palmitoylation modification analysis,PARTIAL,2024-06-04,2025-05-07,https://www.ebi.ac.uk/pride/archive/projects/PXD052827
PXD052872,4,22,Discovery metaproteomics of microbiome from Petroleum Seepage in the deep-sea,PARTIAL,2024-06-05,2025-02-27,https://www.ebi.ac.uk/pride/archive/projects/PXD052872
PXD052932,4,29,A Labrador PeptideAtlas - resource for proteomics research in dogs,PARTIAL,2024-06-07,2025-12-16,https://www.ebi.ac.uk/pride/archive/projects/PXD052932
PXD052939,4,6,Structural mechanism of γ-carboxylation coupled to vitamin K epoxidation at membrane interface,PARTIAL,2024-06-08,2025-12-22,https://www.ebi.ac.uk/pride/archive/projects/PXD052939
PXD052972,4,15,An optimized and robust workflow for quantifying the canonical histone ubiquitination marks H2AK119ub and H2BK120ub by LC-MS/MS,COMPLETE,2024-06-10,2024-10-16,https://www.ebi.ac.uk/pride/archive/projects/PXD052972
PXD053108,4,30,Alterations of Ceramide Synthesis Induce PD-L1 Internalization and Signaling to Regulate Tumor Metastasis and Immunotherapy Response,COMPLETE,2024-06-14,2025-05-07,https://www.ebi.ac.uk/pride/archive/projects/PXD053108
PXD053181,4,7,Smoking carcinogen induced inflammation promotes lung carcinogenesis via IRAK4 activation,PARTIAL,2024-06-18,2024-10-23,https://www.ebi.ac.uk/pride/archive/projects/PXD053181
PXD053195,4,5,the quantitative proteome of B. subtilis strain 168 and its RapP-overexpressing strain,PARTIAL,2024-06-18,2024-11-02,https://www.ebi.ac.uk/pride/archive/projects/PXD053195
PXD053251,4,6,Trypanosomal Pam18/Pam16 and maxicircle replication – MaRF11 SILAC RNAi,PARTIAL,2024-06-20,2024-07-20,https://www.ebi.ac.uk/pride/archive/projects/PXD053251
PXD053254,4,37,Identification of Isoaspartate in neuropeptides,COMPLETE,2024-06-20,2025-03-06,https://www.ebi.ac.uk/pride/archive/projects/PXD053254
PXD053379,4,7,MORC2 phosphorylation fine tunes its DNA compaction activity,PARTIAL,2024-06-25,2025-07-14,https://www.ebi.ac.uk/pride/archive/projects/PXD053379
PXD053413,4,8,"Bacillus thuringiensis Cry5, Cry21, App6 and Xpp55 proteins to control the plant pest nematodes Meloidogyne javanica and M. incognita",PARTIAL,2024-06-26,2025-05-07,https://www.ebi.ac.uk/pride/archive/projects/PXD053413
PXD053456,4,38,Mapping the interaction surface between CaVβ and actin and its role in calcium channel clearance ,PARTIAL,2024-06-27,2025-04-09,https://www.ebi.ac.uk/pride/archive/projects/PXD053456
PXD053507,4,5,Human HepG2 cell isonicotinylation proteomic,PARTIAL,2024-06-29,2024-08-08,https://www.ebi.ac.uk/pride/archive/projects/PXD053507
PXD053619,4,13,Molecular insights into THUMPD2-mediated m2G methylation of the U6 snRNA,PARTIAL,2024-07-03,2026-05-24,https://www.ebi.ac.uk/pride/archive/projects/PXD053619
PXD053641,4,5,APP and β-amyloid modulate protein aggregation and dissociation from recycling endosomal and exosomal membranes,PARTIAL,2024-07-04,2025-07-10,https://www.ebi.ac.uk/pride/archive/projects/PXD053641
PXD053708,4,6,shell matrix protein of estuarine oyster (Crassostrea ariakensis) and Pacific oyster (Crassostrea gigas),PARTIAL,2024-07-06,2026-03-29,https://www.ebi.ac.uk/pride/archive/projects/PXD053708
PXD053795,4,8,Identification of proteins that interact YAP TAD or MED15 through BioID,PARTIAL,2024-07-09,2025-04-02,https://www.ebi.ac.uk/pride/archive/projects/PXD053795
PXD053799,4,5,Control Of Major Bleeding After Trauma (COMBAT) Clinical Research Trial,PARTIAL,2024-07-09,2025-08-25,https://www.ebi.ac.uk/pride/archive/projects/PXD053799
PXD053899,4,9,Proteome of hemolymph in Haemaphysalis flava,PARTIAL,2024-07-12,2024-08-09,https://www.ebi.ac.uk/pride/archive/projects/PXD053899
PXD053933,4,7,Mass spectrometry analysis of in vitro PLK1 phosphorylation,PARTIAL,2024-07-13,2024-11-01,https://www.ebi.ac.uk/pride/archive/projects/PXD053933
PXD054035,4,96,H/ACA snR30 snoRNP guides independent 18S rRNA subdomain formation – Dataset 4,COMPLETE,2024-07-18,2025-05-22,https://www.ebi.ac.uk/pride/archive/projects/PXD054035
PXD054299,4,6,The 19S RP-associated deubiquitylation downstream of AP-3β disassembles heat-induced stress granules in plants,PARTIAL,2024-07-28,2025-01-24,https://www.ebi.ac.uk/pride/archive/projects/PXD054299
PXD054304,4,43,"RAPIDASH: Tag-free enrichment of ribosome-associated proteins reveals compositional dynamics in embryonic tissues, cancer cells, and macrophages - TMT MS RAPIDASH of E12.5 mouse limbs, forebrain, and liver",COMPLETE,2024-07-28,2024-09-12,https://www.ebi.ac.uk/pride/archive/projects/PXD054304
PXD054307,4,6,Targeted inhibition of NRF2 reduces the invasive and metastatic ability of HIP1 depleted lung cancer cells.,PARTIAL,2024-07-28,2024-10-17,https://www.ebi.ac.uk/pride/archive/projects/PXD054307
PXD054463,4,8,Streptococcus pneumoniae membrane proteomics of WT and scRNA mutants,PARTIAL,2024-08-01,2024-08-19,https://www.ebi.ac.uk/pride/archive/projects/PXD054463
PXD054475,4,10,PNET1 is an on-demand component of the nuclear pore complex gating cell proliferation rates,COMPLETE,2024-08-01,2025-03-10,https://www.ebi.ac.uk/pride/archive/projects/PXD054475
PXD054498,4,19,Multiple classes of antigen contribute to the antigenic landscape of mesothelioma,COMPLETE,2024-08-01,2025-05-07,https://www.ebi.ac.uk/pride/archive/projects/PXD054498
PXD054662,4,5,PtCaf1 interacted proteins in EV and PtGTSF1 KD of Paramecium tetraurelia,PARTIAL,2024-08-07,2025-05-07,https://www.ebi.ac.uk/pride/archive/projects/PXD054662
PXD054683,4,13,"Functional properties of Candida albicans extracellular vesicles released in the presence of the antifungal drugs amphotericin B, fluconazole and caspofungin",PARTIAL,2024-08-07,2025-06-06,https://www.ebi.ac.uk/pride/archive/projects/PXD054683
PXD054703,4,18,Identification of a FimA protein in a crude lysate SDS-PAGE gel of a P. gingivalis heme-uptake mutant,COMPLETE,2024-08-08,2024-12-28,https://www.ebi.ac.uk/pride/archive/projects/PXD054703
PXD054718,4,18,Glycoprofile Comparison of SARS-CoV-2 Spike Proteins Expressed in CHO and HEK Cell Lines,PARTIAL,2024-08-08,2025-09-15,https://www.ebi.ac.uk/pride/archive/projects/PXD054718
PXD054780,4,6,A Comprehensive Interrogation of Mirror-Image L-RNA-Protein Interactome Reveals Key Mechanisms of L-RNA Cytotoxicity,PARTIAL,2024-08-11,2025-03-13,https://www.ebi.ac.uk/pride/archive/projects/PXD054780
PXD054858,4,9,MS-based proteomic characterization of pacmanvirus lostcity virions,COMPLETE,2024-08-14,2025-05-07,https://www.ebi.ac.uk/pride/archive/projects/PXD054858
PXD054896,4,15,Insights into the regulation of CHIP E3 ligase-mediated ubiquitination of neuronal protein BNIP-H,PARTIAL,2024-08-14,2025-05-07,https://www.ebi.ac.uk/pride/archive/projects/PXD054896
PXD054937,4,8,Proteome of renal tubuli and serum differentiate pre-existing type 2 diabetes and post-transplant diabetes in kidney transplant recipients,PARTIAL,2024-08-15,2025-05-25,https://www.ebi.ac.uk/pride/archive/projects/PXD054937
PXD054965,4,8,Human airway - Normal and CCDC39,PARTIAL,2024-08-16,2025-08-03,https://www.ebi.ac.uk/pride/archive/projects/PXD054965
PXD054967,4,15,DMXL1 interaction proteomics from U2OS cells,COMPLETE,2024-08-16,2025-04-22,https://www.ebi.ac.uk/pride/archive/projects/PXD054967
PXD055045,4,10,Glycoprotein 2(GP2) glycosylation,PARTIAL,2024-08-22,2025-05-23,https://www.ebi.ac.uk/pride/archive/projects/PXD055045
PXD055116,4,6,Mapping active serine hydrolases during infection in fly models,PARTIAL,2024-08-23,2025-06-24,https://www.ebi.ac.uk/pride/archive/projects/PXD055116
PXD055175,4,8,Elucidating the Roles of MCM7 and SHCBP1 in Liver Fibrosis through LC-MS Analysis,PARTIAL,2024-08-25,2025-08-09,https://www.ebi.ac.uk/pride/archive/projects/PXD055175
PXD055266,4,11,Characterisation of CASQ2 knockout cardiac organoid model,PARTIAL,2024-08-27,2025-04-16,https://www.ebi.ac.uk/pride/archive/projects/PXD055266
PXD055267,4,12,Phosphorylation site mapping on purified mGluR8/arrestin complexes,COMPLETE,2024-08-28,2026-08-22,https://www.ebi.ac.uk/pride/archive/projects/PXD055267
PXD055376,4,8,Nucleus-Translocated GCLM Promotes Chemoresistance in Colorectal Cancer through a Moonlighting Function,PARTIAL,2024-08-30,2024-11-15,https://www.ebi.ac.uk/pride/archive/projects/PXD055376
PXD055377,4,6,Comparative analysis of intra- and extracellular vesicles from cytotoxic CD8+ αβ T cells and γδ T cells,PARTIAL,2024-08-30,2025-05-07,https://www.ebi.ac.uk/pride/archive/projects/PXD055377
PXD055389,4,6,Identification of the CFAP65 interactome from mouse testis,PARTIAL,2024-08-30,2025-05-07,https://www.ebi.ac.uk/pride/archive/projects/PXD055389
PXD055584,4,7,"The Dominant Role of Polyadenylation in Regulating Maternal mRNA Dynamics in Dormant Oocytes and the Function of ZAR1 in this Process, IP-MS",PARTIAL,2024-09-05,2025-03-11,https://www.ebi.ac.uk/pride/archive/projects/PXD055584
PXD055593,4,13,Unwrapping the ciliary coat: high-resolution structure and function of the ciliary glycocalyx in Chlamydomonas,PARTIAL,2024-09-05,2025-04-29,https://www.ebi.ac.uk/pride/archive/projects/PXD055593
PXD055599,4,20,Acacia Root and Nodule Proteomics,PARTIAL,2024-09-05,2024-10-09,https://www.ebi.ac.uk/pride/archive/projects/PXD055599
PXD055627,4,8,Two redox-responsive LysR-type transcription factors in the phytopathogen Agrobacterium tumefaciens,PARTIAL,2024-09-06,2025-04-28,https://www.ebi.ac.uk/pride/archive/projects/PXD055627
PXD055741,4,6,"SChLAP1 pulldown, Hargrove Lab Duke University",PARTIAL,2024-09-09,2025-09-07,https://www.ebi.ac.uk/pride/archive/projects/PXD055741
PXD055766,4,9,High level resistance to the antimicrobial peptide TAT-RasGAP (317-326) results from sequential acquisition of mutations influencing the Escherichia coli cell envelope biogenesis and composition,PARTIAL,2024-09-10,2024-12-02,https://www.ebi.ac.uk/pride/archive/projects/PXD055766
PXD055828,4,7,Engineering platelets as targeted protein degraders,PARTIAL,2024-09-12,2025-12-08,https://www.ebi.ac.uk/pride/archive/projects/PXD055828
PXD055869,4,6,Establishment of Salivary Tissue-Organoid Biorepository,PARTIAL,2024-09-15,2025-05-25,https://www.ebi.ac.uk/pride/archive/projects/PXD055869
PXD055895,4,16,"An AT-hook transcription factor promotes transcription of histone, spliced-leader, and piRNA clusters",COMPLETE,2024-09-16,2025-01-29,https://www.ebi.ac.uk/pride/archive/projects/PXD055895
PXD055969,4,5,The influence of amniotic membrane proteins delivered directly or through hydrogel platforms on corneal regeneration,PARTIAL,2024-09-18,2025-02-11,https://www.ebi.ac.uk/pride/archive/projects/PXD055969
PXD056006,4,7,Brucella suis S2 strain inhibits IRE1/Caspase-12/Caspase-3 pathway-mediated apoptosis of microglia HMC3 by affecting the ubiquitination of CALR,PARTIAL,2024-09-19,2025-02-20,https://www.ebi.ac.uk/pride/archive/projects/PXD056006
PXD056024,4,10,Metalloproteome factory: from crude extract to identification of metalloproteins via 3-dimensional HPLC-ICP-sfMS,PARTIAL,2024-09-19,2025-08-25,https://www.ebi.ac.uk/pride/archive/projects/PXD056024
PXD056026,4,6,Cellline-derived Extracelluar Vesicles Proteomics,PARTIAL,2024-09-19,2024-09-24,https://www.ebi.ac.uk/pride/archive/projects/PXD056026
PXD056031,4,13,Proteomic characterization of Opisthorchis viverrini excretory/secretory products,COMPLETE,2024-09-19,2024-09-20,https://www.ebi.ac.uk/pride/archive/projects/PXD056031
PXD056041,4,16,ChIRP-MS dataset generated from Peptidylprolyl isomerase A guides SENP5/GAU1 DNA-lncRNA triplex generation for driving tumorigenesis,PARTIAL,2024-09-20,2024-09-20,https://www.ebi.ac.uk/pride/archive/projects/PXD056041
PXD056093,4,8,The proteins interacting with GST-betaTub85D from the GST pulldown,PARTIAL,2024-09-23,2024-09-29,https://www.ebi.ac.uk/pride/archive/projects/PXD056093
PXD056153,4,8,mouse embryonic stem cells heterochromatin-associated protein and Nat10 IP-MS,PARTIAL,2024-09-24,2025-06-22,https://www.ebi.ac.uk/pride/archive/projects/PXD056153
PXD056175,4,13,Plasmodium falciparum protein phosphatase PP7 is required for early ring-stage development,COMPLETE,2024-09-24,2024-10-08,https://www.ebi.ac.uk/pride/archive/projects/PXD056175
PXD056191,4,8,Proteomic approach for the green synthesis of nanoparticles by Trichoderma harzianum,PARTIAL,2024-09-24,2025-05-07,https://www.ebi.ac.uk/pride/archive/projects/PXD056191
PXD056217,4,6,Quantitative proteomic and phosphoproteomic analyses of phage JSS1 infected Salmonella,PARTIAL,2024-09-25,2024-10-04,https://www.ebi.ac.uk/pride/archive/projects/PXD056217
PXD056225,4,6,Quantitative proteomic and phosphoproteomic analyses of phage JSS1 infected Salmonella,PARTIAL,2024-09-25,2024-10-04,https://www.ebi.ac.uk/pride/archive/projects/PXD056225
PXD056230,4,5,LC-MS/MS of chloroplasts from WT plants and fractionated the proteins into the membrane and stroma fractions,PARTIAL,2024-09-25,2024-09-26,https://www.ebi.ac.uk/pride/archive/projects/PXD056230
PXD056260,4,9,Role of the sarcin-ricin loop of 23S rRNA in biogenesis of the 50S ribosomal subunit,PARTIAL,2024-09-25,2025-05-07,https://www.ebi.ac.uk/pride/archive/projects/PXD056260
PXD056467,4,8,Diversification of DIX domain-containing proteins in the SAR supergroup,COMPLETE,2024-10-03,2025-03-27,https://www.ebi.ac.uk/pride/archive/projects/PXD056467
PXD056492,4,11,Impact of local air pressure on ion mobilities and data consistency in diaPASEF-based high throughput proteomics,PARTIAL,2024-10-04,2025-01-24,https://www.ebi.ac.uk/pride/archive/projects/PXD056492
PXD056539,4,13,Identification of SpySystem-linked CYP73A5-ATR2 by LC-MSMS,PARTIAL,2024-10-07,2024-10-29,https://www.ebi.ac.uk/pride/archive/projects/PXD056539
PXD056617,4,8,IP-to-MS: an unbiased workflow for antigen profiling,PARTIAL,2024-10-08,2025-05-07,https://www.ebi.ac.uk/pride/archive/projects/PXD056617
PXD056645,4,5,NSD2 promotes HCC metastasis through methylating PKM2 and activating SF3B1-dependent alternative splicing,PARTIAL,2024-10-09,2025-09-30,https://www.ebi.ac.uk/pride/archive/projects/PXD056645
PXD056684,4,8,Pig myocardial tissue quantitative proteomics,PARTIAL,2024-10-10,2026-02-05,https://www.ebi.ac.uk/pride/archive/projects/PXD056684
PXD056760,4,17,Identification and characterization of the elusive protein backbone of the immuno-dominant and specific Em2(G11) metacestode antigen of Echinococcus multilocularis,COMPLETE,2024-10-13,2025-05-07,https://www.ebi.ac.uk/pride/archive/projects/PXD056760
PXD056821,4,12,JAK2-CHK2 signaling safeguards the integrity of the mitotic spindle assembly checkpoint and genome stability,COMPLETE,2024-10-15,2024-10-16,https://www.ebi.ac.uk/pride/archive/projects/PXD056821
PXD056915,4,11,PeptideForest: Semi-supervised machine learning integrating multiple search engines for peptide identification,PARTIAL,2024-10-17,2025-06-02,https://www.ebi.ac.uk/pride/archive/projects/PXD056915
PXD056950,4,12,Entamoeba histolytica nuclear proteome,PARTIAL,2024-10-18,2025-06-09,https://www.ebi.ac.uk/pride/archive/projects/PXD056950
PXD057095,4,5,Identification of MELK-interacting proteins in HEK293T cells using IP-MS,PARTIAL,2024-10-23,2026-04-01,https://www.ebi.ac.uk/pride/archive/projects/PXD057095
PXD057198,4,6,Sirtuin 7 regulates Xa-hyperactivation to balance the X-chromosome against the genome,PARTIAL,2024-10-25,2026-03-27,https://www.ebi.ac.uk/pride/archive/projects/PXD057198
PXD057200,4,35,Mg2+-dependent mechanism of environmental versatility in a multidrug efflux pump,PARTIAL,2024-10-25,2024-12-30,https://www.ebi.ac.uk/pride/archive/projects/PXD057200
PXD057263,4,10,Cleavage of Cartilage Oligomeric Matrix Protein (COMP) by ADAMTS4 generates a neoepitope associated with osteoarthritis severity and progression,COMPLETE,2024-10-28,2025-02-26,https://www.ebi.ac.uk/pride/archive/projects/PXD057263
PXD057268,4,7,Human cancer YD15 Fadu con ITGA4 LC-MS,PARTIAL,2024-10-29,2026-06-07,https://www.ebi.ac.uk/pride/archive/projects/PXD057268
PXD057282,4,6,Impact of Variation in CYP3A and CYP2C8 on Tucatinib Metabolic Clearance in Human Liver Microsomes,PARTIAL,2024-10-29,2025-04-17,https://www.ebi.ac.uk/pride/archive/projects/PXD057282
PXD057289,4,12,Inflammasome-independent IL-1β activation via staphopain A protease of Staphylococcus aureus,PARTIAL,2024-10-29,2025-10-27,https://www.ebi.ac.uk/pride/archive/projects/PXD057289
PXD057324,4,6,Human LC-MS (ITCH-Mediated Golgi Fragmentation Drives Proteotoxicity in Neurodegeneration),PARTIAL,2024-10-30,2025-09-19,https://www.ebi.ac.uk/pride/archive/projects/PXD057324
PXD057350,4,6,Hypoxia induces extensive protein and proteolytic remodeling of the cell surface in pancreatic adenocarcinoma (PDAC) cell lines,PARTIAL,2024-10-30,2026-04-01,https://www.ebi.ac.uk/pride/archive/projects/PXD057350
PXD057454,4,14,Oceanic photosynthesis is directly affected by cyanophage NblA proteins - N-termimoe changes,PARTIAL,2024-11-02,2025-10-06,https://www.ebi.ac.uk/pride/archive/projects/PXD057454
PXD057524,4,5,CDK11 inhibition induces cytoplasmic p21WAF1 splice variant by p53 stabilisation and SF3B1 inactivation,PARTIAL,2024-11-05,2026-04-05,https://www.ebi.ac.uk/pride/archive/projects/PXD057524
PXD057596,4,8,A0913 interacts with CP47 of PSII,PARTIAL,2024-11-07,2025-01-09,https://www.ebi.ac.uk/pride/archive/projects/PXD057596
PXD057629,4,16,HIM-17-GFP LC-MS/MS analysis in C. elegans,COMPLETE,2024-11-07,2026-01-28,https://www.ebi.ac.uk/pride/archive/projects/PXD057629
PXD057635,4,14,"Endothelial-secreted Endocan protein activates PDGFRa signaling and regulates vascularity, radioresistance, and regional phenotype in glioblastoma",COMPLETE,2024-11-07,2024-12-04,https://www.ebi.ac.uk/pride/archive/projects/PXD057635
PXD057670,4,20,"P4PP: an universal shotgun proteomics data analysis pipeline for virus identification, samples of DGA CBRN Defence Center",COMPLETE,2024-11-08,2025-06-06,https://www.ebi.ac.uk/pride/archive/projects/PXD057670
PXD057727,4,5,Identification of substrates of ZDHHC19 in mouse haploid spermatids using click chemistry,PARTIAL,2024-11-11,2025-09-10,https://www.ebi.ac.uk/pride/archive/projects/PXD057727
PXD057812,4,6,"Synovial Fluid Alpha-2-Macroglobulin, Gelsolin, and Lubricin Distinguish Between Osteoarthritic and Healthy Equine Joints",PARTIAL,2024-11-12,2025-09-15,https://www.ebi.ac.uk/pride/archive/projects/PXD057812
PXD057886,4,12,Fission yeast Whi5-GFP interactome in MM and in MM-N (16 hours),PARTIAL,2024-11-14,2025-12-20,https://www.ebi.ac.uk/pride/archive/projects/PXD057886
PXD057905,4,7,ATR-hippo mediates force signalling to nuclear f-actin and links mechanotransduction to neurological disorders.,PARTIAL,2024-11-14,2025-05-07,https://www.ebi.ac.uk/pride/archive/projects/PXD057905
PXD057950,4,14,Deciphering the central role of TMOD2 in colorectal cancer progression and metastasis,PARTIAL,2024-11-15,2025-09-14,https://www.ebi.ac.uk/pride/archive/projects/PXD057950
PXD057961,4,8,Angiostrongylus cantonensis extracellular vesicles (EVs) proteomes,PARTIAL,2024-11-16,2024-11-28,https://www.ebi.ac.uk/pride/archive/projects/PXD057961
PXD057987,4,7,The nuclear sulfenome of Arabidopsis: spotlight on histone acetyltransferase GCN5 regulation through functional thiols,COMPLETE,2024-11-18,2025-02-20,https://www.ebi.ac.uk/pride/archive/projects/PXD057987
PXD058016,4,17,Identification of CASK nuclear interactome in resting and H5N1-activated GM-macrophage by IP-LC-MS/MS,COMPLETE,2024-11-19,2025-01-09,https://www.ebi.ac.uk/pride/archive/projects/PXD058016
PXD058040,4,8,Map of the Neuronal Tissue O-glycoproteome Reveal Specific Traits in the Secretogranin Family,PARTIAL,2024-11-19,2025-07-27,https://www.ebi.ac.uk/pride/archive/projects/PXD058040
PXD058098,4,10,A compendium of bona fide reference markers of plant-derived extracellular vesicles and their degree of phylogenetic conservation,PARTIAL,2024-11-20,2025-09-15,https://www.ebi.ac.uk/pride/archive/projects/PXD058098
PXD058102,4,7,Membranous translation platforms in the chloroplast of Chlamydomonas reinhardtii,PARTIAL,2024-11-20,2025-03-24,https://www.ebi.ac.uk/pride/archive/projects/PXD058102
PXD058353,4,6,Label free RBM42 IP in Panc-1 human pancreatic ductal adenocarcinoma (PDAC) cells,PARTIAL,2024-11-28,2025-01-13,https://www.ebi.ac.uk/pride/archive/projects/PXD058353
PXD058433,4,5,"LC-MSMS validation of LtpM-mediated O-Glc modification of purified LtpM,  CUGBP1, PCBP1 and PCBP2",PARTIAL,2024-11-30,2025-07-14,https://www.ebi.ac.uk/pride/archive/projects/PXD058433
PXD058606,4,6,Pharmacological targeting of the mitochondrial phosphatase PTPMT1 sensitizes hepatocellular carcinoma to ferroptosis,PARTIAL,2024-12-05,2025-05-07,https://www.ebi.ac.uk/pride/archive/projects/PXD058606
PXD058769,4,5,Structurally Exclusive Teneurin Complexes Orchestrate Divergent Programs in Early Cortical Development,PARTIAL,2024-12-11,2026-02-25,https://www.ebi.ac.uk/pride/archive/projects/PXD058769
PXD058814,4,10,Characterization of DNp73β protein interaction partners,PARTIAL,2024-12-12,2025-08-07,https://www.ebi.ac.uk/pride/archive/projects/PXD058814
PXD058816,4,9,Characterization of TAp73α protein interaction partners,PARTIAL,2024-12-12,2025-08-07,https://www.ebi.ac.uk/pride/archive/projects/PXD058816
PXD058830,4,8,Proteomics analysis in HL-1 cells,PARTIAL,2024-12-13,2024-12-13,https://www.ebi.ac.uk/pride/archive/projects/PXD058830
PXD058843,4,5,Light and polyphosphate kinase 2 cooperatively regulate the production of zero-valent sulfur in a deep-sea bacterium.,PARTIAL,2024-12-13,2025-05-07,https://www.ebi.ac.uk/pride/archive/projects/PXD058843
PXD058847,4,6,Purkinje cell proteome of the cerebellum of AP-2 cKo,PARTIAL,2024-12-13,2024-12-18,https://www.ebi.ac.uk/pride/archive/projects/PXD058847
PXD058858,4,15,Serine ADP-ribosylation on histones and PARP1 is a cellular target for ester-linked ubiquitylation,PARTIAL,2024-12-13,2025-06-11,https://www.ebi.ac.uk/pride/archive/projects/PXD058858
PXD058941,4,7,Phosphorylation of TRAIP is essential for mitotic replisome disassembly and MiDAS,PARTIAL,2024-12-17,2025-06-27,https://www.ebi.ac.uk/pride/archive/projects/PXD058941
PXD058960,4,29,Ontology-guided clustering enables proteomic analysis of rare pediatric disorders,PARTIAL,2024-12-18,2025-06-10,https://www.ebi.ac.uk/pride/archive/projects/PXD058960
PXD059319,4,17,Ornithodoros Lahorensis Salivary gland LC-MSMS,PARTIAL,2024-12-31,2025-12-08,https://www.ebi.ac.uk/pride/archive/projects/PXD059319
PXD059338,4,13,Phospho enrichement in exponential and starvation condition,PARTIAL,2024-12-31,2026-06-20,https://www.ebi.ac.uk/pride/archive/projects/PXD059338
PXD059437,4,13,"LC-MS/MS to identify WT, 8NQ, N91/104/309/322Q and N91/104/309/322 B7H3 interaction",PARTIAL,2025-01-04,2025-03-27,https://www.ebi.ac.uk/pride/archive/projects/PXD059437
PXD059505,4,13,MALDI imaging of tryptic peptides in mouse brain measured at 10 µm pixel size,PARTIAL,2025-01-07,2026-07-13,https://www.ebi.ac.uk/pride/archive/projects/PXD059505
PXD059573,4,9,N-Terminal Sequence Analysis of Protein PfpC in MPAO1,PARTIAL,2025-01-09,2025-07-01,https://www.ebi.ac.uk/pride/archive/projects/PXD059573
PXD059660,4,6,Huntingtin interactome in human striatal neurons derived from iPSCs upon the induction of double strand break (DSB) DNA damage response,COMPLETE,2025-01-10,2026-03-16,https://www.ebi.ac.uk/pride/archive/projects/PXD059660
PXD059664,4,9,Characterization and chemoproteomic profiling of protein O-GlcNAcylation in SOD1-G93A mouse model,PARTIAL,2025-01-11,2025-05-07,https://www.ebi.ac.uk/pride/archive/projects/PXD059664
PXD059709,4,5,Histone Lysine β-Hydroxybutyrylation Regulates Drought Response in Rice,PARTIAL,2025-01-13,2026-03-09,https://www.ebi.ac.uk/pride/archive/projects/PXD059709
PXD059711,4,5,Histone Lysine β-Hydroxybutyrylation Regulates Drought Response in Rice,PARTIAL,2025-01-13,2026-03-09,https://www.ebi.ac.uk/pride/archive/projects/PXD059711
PXD059791,4,9,Forced Intracellular degradation of Xenoantigens as a modality for cell-based cancer immunotherapy,COMPLETE,2025-01-14,2025-01-17,https://www.ebi.ac.uk/pride/archive/projects/PXD059791
PXD059821,4,5,lipogenesis by regulating ERK2/PPARY signaling in a non-canonical manner,PARTIAL,2025-01-15,2026-02-03,https://www.ebi.ac.uk/pride/archive/projects/PXD059821
PXD059825,4,9,Targeting the mitochondrial recycling dysfunction in systemic lupus erythematosus (SLE) patients NK cells with Hydroxychloroquine (HCQ),PARTIAL,2025-01-15,2026-01-14,https://www.ebi.ac.uk/pride/archive/projects/PXD059825
PXD059838,4,7,Interaction proteins with KAT6A,COMPLETE,2025-01-15,2025-11-03,https://www.ebi.ac.uk/pride/archive/projects/PXD059838
PXD059843,4,16,DNA2 and MSH2 activities collectively mediate environmental chemical compound stabilized G4 for efficient telomere replication,COMPLETE,2025-01-16,2025-08-07,https://www.ebi.ac.uk/pride/archive/projects/PXD059843
PXD059855,4,9,Identification of acetylated proteins in the hearts of mice fed a ketogenic diet,COMPLETE,2025-01-16,2025-11-03,https://www.ebi.ac.uk/pride/archive/projects/PXD059855
PXD059917,4,10,Characterisation of BiP-GRP94-HT2 interaction,PARTIAL,2025-01-17,2025-07-14,https://www.ebi.ac.uk/pride/archive/projects/PXD059917
PXD059919,4,8,Proteomic analysis of a molecular glue to redirect lysine acetyltransferase for selective induction of cell death,PARTIAL,2025-01-17,2026-07-21,https://www.ebi.ac.uk/pride/archive/projects/PXD059919
PXD060025,4,16,For euchromatic repeats RID is required for both Repeat Induced Point mutation and nucleation of a novel transitional heterochromatic state,PARTIAL,2025-01-21,2025-03-28,https://www.ebi.ac.uk/pride/archive/projects/PXD060025
PXD060073,4,5,MALDI-MSI-guided LCM-MS: Advancing spatial multi-omics in mouse brain tissue,COMPLETE,2025-01-22,2026-09-06,https://www.ebi.ac.uk/pride/archive/projects/PXD060073
PXD060227,4,11,Nanobodies as therapies for loss-of-function misfolding diseases,PARTIAL,2025-01-27,2026-01-06,https://www.ebi.ac.uk/pride/archive/projects/PXD060227
PXD060283,4,6,Corramycin mode of action in Escherichia coli and mycobacterium tuberculosis,PARTIAL,2025-01-28,2026-08-13,https://www.ebi.ac.uk/pride/archive/projects/PXD060283
PXD060310,4,15,pTripleTREP – A vector for tightly controlled expression and purification of virulence factors in Staphylococcus aureus,PARTIAL,2025-01-29,2025-05-25,https://www.ebi.ac.uk/pride/archive/projects/PXD060310
PXD060340,4,10,Rat Kir4.1 interactome with the particular purpose to identify 10 kDa copurified proteins using LC-MSMS,COMPLETE,2025-01-29,2025-05-07,https://www.ebi.ac.uk/pride/archive/projects/PXD060340
PXD060441,4,9,Identification of F-Box Proteins in ABA-regulated Seed Germination:  Interaction of GASA1 signaling peptide and ABA-Induced Ubiquitination in  Arabidopsis,PARTIAL,2025-02-03,2026-06-07,https://www.ebi.ac.uk/pride/archive/projects/PXD060441
PXD060557,4,9,Ancient genomic linkage of alpha-globin and Nprl3 couples metabolism with erythropoiesis,PARTIAL,2025-02-06,2025-02-12,https://www.ebi.ac.uk/pride/archive/projects/PXD060557
PXD060570,4,8,Identification of lysine sites in RIG-I ubiquitinated by RNF167 through mass spectrometry analysis,PARTIAL,2025-02-07,2025-02-07,https://www.ebi.ac.uk/pride/archive/projects/PXD060570
PXD060626,4,17,Impact of TDP-43 CR Deletion on the Synaptosome Proteome of the Mouse Brain,PARTIAL,2025-02-10,2026-05-22,https://www.ebi.ac.uk/pride/archive/projects/PXD060626
PXD060759,4,5,SARS-CoV-2 nsp14 induces the m7G methylation and the sequestration of host RNAs in stress granules TurboID Biotin-Streptavidin pull-down LC-MSMS,PARTIAL,2025-02-13,2026-02-06,https://www.ebi.ac.uk/pride/archive/projects/PXD060759
PXD060813,4,7,Meru co-ordinates spindle orientation with cell polarity and cell cycle progression,PARTIAL,2025-02-14,2025-03-12,https://www.ebi.ac.uk/pride/archive/projects/PXD060813
PXD060834,4,12,Decoding novel acquired resistance mechanisms in auxin-inducible protein degradation,COMPLETE,2025-02-14,2026-08-23,https://www.ebi.ac.uk/pride/archive/projects/PXD060834
PXD060865,4,5,Effect of mosquito saliva from distinct species on human dermal endothelial cell function in vitro and West Nile virus pathogenesis in vivo,PARTIAL,2025-02-17,2025-08-04,https://www.ebi.ac.uk/pride/archive/projects/PXD060865
PXD060947,4,6,Proteomics analysis of Escherichia coProteomics analysis of Escherichia coli BW25113 in which genes encoding Microcystis aeruginosa Argonaute (MaAgo) and Argonaute-associated Cas4 family enzyme (MaACE1) are integrated into the genome.li BW25113 in which genes encoding Microcystis aeruginosa Argonaute (MaAgo) and Argonaute-associated Cas4 family enzyme (MaACE1) are integrated into the genome.,PARTIAL,2025-02-19,2025-04-15,https://www.ebi.ac.uk/pride/archive/projects/PXD060947
PXD060960,4,15,Characterization of a new variant of SERPINA1 Gene Causing Alpha-1 Antitrypsin Deficiency,PARTIAL,2025-02-19,2025-12-08,https://www.ebi.ac.uk/pride/archive/projects/PXD060960
PXD060979,4,12,The ribonuclease DISL-2 mediates piRNA degradation,COMPLETE,2025-02-19,2025-09-07,https://www.ebi.ac.uk/pride/archive/projects/PXD060979
PXD060998,4,5,S. aureus aggregate with in human synovia,PARTIAL,2025-02-20,2025-11-06,https://www.ebi.ac.uk/pride/archive/projects/PXD060998
PXD061083,4,5,Mesoscale regulation of microtubule-organising centres by the E3 ligase TRIM37,PARTIAL,2025-02-22,2025-03-18,https://www.ebi.ac.uk/pride/archive/projects/PXD061083
PXD061132,4,6,Establishment of global HSC proteomics using LC-MS/MS analysis with the Orbitrap Astral mass spectrometer,PARTIAL,2025-02-24,2025-12-02,https://www.ebi.ac.uk/pride/archive/projects/PXD061132
PXD061136,4,8,Identification of proteins  interacting with GPAT4 in HUVECs cell line.,PARTIAL,2025-02-24,2025-05-07,https://www.ebi.ac.uk/pride/archive/projects/PXD061136
PXD061161,4,9,"ATXN2L interacts mainly with NUFIP2, ATXN2L-absence causes NUFIP2 depletion,  and ATXN2-polyQ expansion triggers NUFIP2 accumulation (Co-IPs)",PARTIAL,2025-02-25,2025-04-15,https://www.ebi.ac.uk/pride/archive/projects/PXD061161
PXD061198,4,9,Rumen-centric multi-omics of two beef cattle breeds,PARTIAL,2025-02-26,2025-06-10,https://www.ebi.ac.uk/pride/archive/projects/PXD061198
PXD061209,4,7,SMC3-interacting proteins in AML,COMPLETE,2025-02-26,2026-03-19,https://www.ebi.ac.uk/pride/archive/projects/PXD061209
PXD061212,4,8,Proteomic discovery of DEK and NUMA1 as new players in UV-induced DNA damage repair mechanisms,COMPLETE,2025-02-26,2025-12-01,https://www.ebi.ac.uk/pride/archive/projects/PXD061212
PXD061278,4,24,The Proteoform Landscape of Tau from the Human Brain,PARTIAL,2025-02-27,2025-10-15,https://www.ebi.ac.uk/pride/archive/projects/PXD061278
PXD061296,4,12,Local and Global Breathing Motions Prime the Access to Buried Binding Site in an Antibiotic-Sequestering Protein,PARTIAL,2025-02-28,2025-08-04,https://www.ebi.ac.uk/pride/archive/projects/PXD061296
PXD061391,4,6,Role of TbTim20 in mitochondrial protein import in trypanosomes – TbTim15 CoIPs,PARTIAL,2025-03-03,2025-10-27,https://www.ebi.ac.uk/pride/archive/projects/PXD061391
PXD061537,4,17,Chemoproteomic Approach for Identifying Nuclear Arsenite-binding Proteins,PARTIAL,2025-03-06,2025-05-03,https://www.ebi.ac.uk/pride/archive/projects/PXD061537
PXD061638,4,10,Astral-DIA Proteomics Deciphers the Molecular Landscape of Human Spermatozoa: A Comprehensive Quantitative Proteomic Characterization of Sperm Function and Fertility Potential,PARTIAL,2025-03-10,2025-03-10,https://www.ebi.ac.uk/pride/archive/projects/PXD061638
PXD061688,4,13,Novel insights into Emx2 and Dmrta2 cooperation during cortex development and evidence for Dmrta2 function in choroid plexus-part 2,COMPLETE,2025-03-11,2025-06-04,https://www.ebi.ac.uk/pride/archive/projects/PXD061688
PXD061917,4,6,Proteomics analysis of Acinetobacter baumannii NCCP16011,COMPLETE,2025-03-17,2026-01-21,https://www.ebi.ac.uk/pride/archive/projects/PXD061917
PXD061921,4,13,Probing substrate water access through the O1 channel of Photosystem II by single site mutations and membrane inlet mass spectrometry,PARTIAL,2025-03-17,2025-05-07,https://www.ebi.ac.uk/pride/archive/projects/PXD061921
PXD061967,4,5,Mouse KPC cell secreted extracellular vesicle LC-MSMS,PARTIAL,2025-03-18,2025-03-26,https://www.ebi.ac.uk/pride/archive/projects/PXD061967
PXD062017,4,8,Qualitative proteomics of Priestia megaterium,PARTIAL,2025-03-19,2026-04-03,https://www.ebi.ac.uk/pride/archive/projects/PXD062017
PXD062030,4,8,KIAA1549-BRAF O-mannosylation in mNSC cells,PARTIAL,2025-03-19,2026-08-02,https://www.ebi.ac.uk/pride/archive/projects/PXD062030
PXD062119,4,8,Higher induction temperatures and the native secretion signal peptide promote rye prolamin 75k γ-secalin production in Komagataella phaffii,PARTIAL,2025-03-21,2025-09-09,https://www.ebi.ac.uk/pride/archive/projects/PXD062119
PXD062171,4,10,Pull-down of polyP chains and associated proteins with PPBD as a bait,PARTIAL,2025-03-24,2026-03-02,https://www.ebi.ac.uk/pride/archive/projects/PXD062171
PXD062198,4,13,A sub-compartment proteome for murine sensory neurons,PARTIAL,2025-03-25,2026-04-14,https://www.ebi.ac.uk/pride/archive/projects/PXD062198
PXD062203,4,10,PLAMseq enables the proteo-genomic characterization of chromatin-associated proteins and protein interactions in a single workflow.,PARTIAL,2025-03-25,2025-10-24,https://www.ebi.ac.uk/pride/archive/projects/PXD062203
PXD062313,4,11,A simplified perchloric acid workflow with neutralization (PCA N) for democratizing deep plasma proteomics at population scale - Submission 3,PARTIAL,2025-03-27,2025-09-30,https://www.ebi.ac.uk/pride/archive/projects/PXD062313
PXD062343,4,10,Seed structure and phosphorylation in the fuzzy coat impact tau seeding competency,PARTIAL,2025-03-28,2025-08-05,https://www.ebi.ac.uk/pride/archive/projects/PXD062343
PXD062360,4,11,Understanding m/z range settings for MS/MS scans: a case study with intact glycopeptides,PARTIAL,2025-03-28,2026-06-07,https://www.ebi.ac.uk/pride/archive/projects/PXD062360
PXD062372,4,8,Unveiling the regulatory role of GRP7 in ABA signal-mediated mRNA translation efficiency regulation,PARTIAL,2025-03-29,2025-03-30,https://www.ebi.ac.uk/pride/archive/projects/PXD062372
PXD062418,4,6,Definition of the human mitochondrial TOM interactome reveals TRABD as new interacting protein (TOM20 IP data),PARTIAL,2025-03-31,2025-04-15,https://www.ebi.ac.uk/pride/archive/projects/PXD062418
PXD062441,4,17,Definition of the human mitochondrial TOM interactome reveals TRABD as new interacting protein (TRABD siRNA data),COMPLETE,2025-04-01,2025-04-15,https://www.ebi.ac.uk/pride/archive/projects/PXD062441
PXD062501,4,5,NANS suppresses NF-κB signaling to promote ferroptosis by perturbing iron homeostasis,PARTIAL,2025-04-02,2025-05-08,https://www.ebi.ac.uk/pride/archive/projects/PXD062501
PXD062669,4,6,Regulatory role of vitamin D3 on myogenesis and fibrogenesis under Vdr gene silencing and TGF-β1 stimulation in skeletal muscle cells,COMPLETE,2025-04-07,2025-12-01,https://www.ebi.ac.uk/pride/archive/projects/PXD062669
PXD062684,4,5,Spatial tissue proteomics analysis of laser capture microdisscted intestinal crypt compartment,PARTIAL,2025-04-07,2025-08-08,https://www.ebi.ac.uk/pride/archive/projects/PXD062684
PXD062704,4,13,Ku80 interaction proteins under enhanced mitophagy,PARTIAL,2025-04-08,2026-05-14,https://www.ebi.ac.uk/pride/archive/projects/PXD062704
PXD062720,4,5,Lactylome and proteomics analyses of bladder cancer,PARTIAL,2025-04-08,2025-06-10,https://www.ebi.ac.uk/pride/archive/projects/PXD062720
PXD062724,4,10,"Proteomics analysis of involvemnt of miRNA 465 in hybrid mouse sterility, 18 days",PARTIAL,2025-04-08,2026-04-05,https://www.ebi.ac.uk/pride/archive/projects/PXD062724
PXD062753,4,18,Identification and characterization of O-GlcNAc modifications of a conserved orthopoxvirus core protein,COMPLETE,2025-04-09,2025-05-20,https://www.ebi.ac.uk/pride/archive/projects/PXD062753
PXD062755,4,8,Differences in the number of extracellular domain peptides of GmBAK1 by treating with PsTry1 or PsTry1M in the apoplast,PARTIAL,2025-04-09,2025-06-14,https://www.ebi.ac.uk/pride/archive/projects/PXD062755
PXD062780,4,8,C8orf33 dictates DNA double-strand break repair choice by modulating KAT8-mediated H4K16 acetylation,PARTIAL,2025-04-09,2025-10-29,https://www.ebi.ac.uk/pride/archive/projects/PXD062780
PXD062956,4,8,Histone variant H2A.Z enhances histone and nucleosome dynamics,PARTIAL,2025-04-15,2025-12-29,https://www.ebi.ac.uk/pride/archive/projects/PXD062956
PXD063023,4,5,LC-MS/MS analysis of anti-LC3 products in human ccRCC cells,PARTIAL,2025-04-16,2025-04-16,https://www.ebi.ac.uk/pride/archive/projects/PXD063023
PXD063068,4,10,Dysregulation of protein homeostasis by mutant UBA1 in VEXAS syndrome,PARTIAL,2025-04-17,2025-08-03,https://www.ebi.ac.uk/pride/archive/projects/PXD063068
PXD063163,4,8,tRF-24 RNA pulldown in KYSE150 and KYSE30,PARTIAL,2025-04-22,2025-12-01,https://www.ebi.ac.uk/pride/archive/projects/PXD063163
PXD063223,4,6,Stress-induced NONO interactomes,PARTIAL,2025-04-23,2026-01-16,https://www.ebi.ac.uk/pride/archive/projects/PXD063223
PXD063227,4,5,Tubular organization of the TAC and functional role of TAC53 – p197 RNAi data,PARTIAL,2025-04-23,2025-08-04,https://www.ebi.ac.uk/pride/archive/projects/PXD063227
PXD063304,4,6,Post-translational modification of H2B C-terminal helix regulates nucleosome binding and chromatin signaling,PARTIAL,2025-04-25,2025-08-25,https://www.ebi.ac.uk/pride/archive/projects/PXD063304
PXD063320,4,8,Proteomic analysis of gemcitabine-resistant (GemR) versus paired control human pancreatic cancer cells (PCCs),PARTIAL,2025-04-25,2025-11-03,https://www.ebi.ac.uk/pride/archive/projects/PXD063320
PXD063326,4,12,Analysis of serum IgG of Vλ2315m+/-TCR-TG+/- mice,PARTIAL,2025-04-25,2026-01-06,https://www.ebi.ac.uk/pride/archive/projects/PXD063326
PXD063330,4,5,Proteins that interact with TfR1,PARTIAL,2025-04-25,2025-07-08,https://www.ebi.ac.uk/pride/archive/projects/PXD063330
PXD063494,4,9,CBL ubiquitin ligase targets translation as a degrader E3,PARTIAL,2025-04-30,2026-01-19,https://www.ebi.ac.uk/pride/archive/projects/PXD063494
PXD063522,4,5,Discovery of an Arginine-Sensing Protein,PARTIAL,2025-05-01,2025-05-01,https://www.ebi.ac.uk/pride/archive/projects/PXD063522
PXD063524,4,5,Identification of SAMD4B-Interacting Proteins by Mass Spectrometry,PARTIAL,2025-05-01,2025-05-01,https://www.ebi.ac.uk/pride/archive/projects/PXD063524
PXD063566,4,13,Subcellular Mass Spectrometry Reveals Proteome Remodeling  in an Asymmetrically Dividing (Frog) Embryonic Stem Cell,PARTIAL,2025-05-02,2026-01-09,https://www.ebi.ac.uk/pride/archive/projects/PXD063566
PXD063658,4,5,TRIM24 directs replicative stress responses to maintain ALT telomeres via chromatin signaling,PARTIAL,2025-05-06,2026-08-30,https://www.ebi.ac.uk/pride/archive/projects/PXD063658
PXD063771,4,5,Dynamic Release of Exosomes After Opening of the  Blood-Brain Barrier Predicts Glioblastoma Susceptibility to Paclitaxel,PARTIAL,2025-05-08,2025-12-22,https://www.ebi.ac.uk/pride/archive/projects/PXD063771
PXD063821,4,8,DRM6 and DLO1 TurboID-based proximity labelling proteomics,COMPLETE,2025-05-09,2026-03-06,https://www.ebi.ac.uk/pride/archive/projects/PXD063821
PXD063900,4,6,Analysis of KL107 and KL102 glycovaccines,PARTIAL,2025-05-13,2026-01-12,https://www.ebi.ac.uk/pride/archive/projects/PXD063900
PXD064008,4,9,A Specific RAGE Phosphorylation by CK2 in human Amniotic Epithelial cell model,COMPLETE,2025-05-16,2026-09-13,https://www.ebi.ac.uk/pride/archive/projects/PXD064008
PXD064046,4,7,Identify differentially abundant proteins between control and Pramel12 KO testes,PARTIAL,2025-05-19,2025-11-19,https://www.ebi.ac.uk/pride/archive/projects/PXD064046
PXD064055,4,6,Systematic Discovery and Design of Synthetic Immune Receptors in Plants,COMPLETE,2025-05-19,2025-06-12,https://www.ebi.ac.uk/pride/archive/projects/PXD064055
PXD064110,4,5,Structural characterization of intra- and intermolecular disulfide bonds in Voltage-Dependent Anion Channel 3 (VDAC3) protein from Rattus norvegicus by high-resolution mass spectrometry,PARTIAL,2025-05-20,2025-09-08,https://www.ebi.ac.uk/pride/archive/projects/PXD064110
PXD064150,4,6,Proteomic Profiling of Uveal Melanoma Cells Treated with DHA and CCCP,PARTIAL,2025-05-21,2025-06-10,https://www.ebi.ac.uk/pride/archive/projects/PXD064150
PXD064187,4,5,PhosphoproteomPhosphoproteomics Maps the Calcineurin-NFAT-DSCR1.4 Signaling as Druggable Axis in Gαq-R183Q–Driven Capillary Malformationsics ,PARTIAL,2025-05-22,2026-02-04,https://www.ebi.ac.uk/pride/archive/projects/PXD064187
PXD064229,4,8,IP-MS experiment for the ubiquitin-conjugating E2 enzyme SiUBC39,PARTIAL,2025-05-23,2025-09-04,https://www.ebi.ac.uk/pride/archive/projects/PXD064229
PXD064258,4,17,DNA-Protein Crosslinking Problem in Saccharomyces cerevisiae for methanol utilization,PARTIAL,2025-05-24,2026-01-07,https://www.ebi.ac.uk/pride/archive/projects/PXD064258
PXD064361,4,10,Paleoproteomics characterization of fossil holobiont in acari-host-parasite interactions,COMPLETE,2025-05-28,2026-03-23,https://www.ebi.ac.uk/pride/archive/projects/PXD064361
PXD064389,4,20,Structural basis of the cyclin Y/14-3-3 protein-mediated activation of CDK16,PARTIAL,2025-05-29,2026-03-25,https://www.ebi.ac.uk/pride/archive/projects/PXD064389
PXD064455,4,10,"Tetrandrine regulates NAADP-mediated calcium signalling by a novel LIMP-2-dependent, sphingosine-mediated mechanism",PARTIAL,2025-05-30,2025-06-02,https://www.ebi.ac.uk/pride/archive/projects/PXD064455
PXD064640,4,8,Human Differentiated SH-SY5Y neuroblastoma cells treated with Granzyme K,PARTIAL,2025-06-04,2025-06-24,https://www.ebi.ac.uk/pride/archive/projects/PXD064640
PXD064730,4,7,"NPR1-SnRK1 phosphorylation on Orbitrap Astal in DIA mode, Dong lab",PARTIAL,2025-06-06,2026-08-30,https://www.ebi.ac.uk/pride/archive/projects/PXD064730
PXD064742,4,5,Identification of ASB9 interacting proteins by LC-MS/MS,PARTIAL,2025-06-08,2026-02-13,https://www.ebi.ac.uk/pride/archive/projects/PXD064742
PXD064890,4,5,A method for the detection and enrichment of endogenous cereblon substrates,PARTIAL,2025-06-11,2025-08-11,https://www.ebi.ac.uk/pride/archive/projects/PXD064890
PXD064897,4,6,"Co-Immunoprecipitation of TMEM65
",PARTIAL,2025-06-11,2026-02-09,https://www.ebi.ac.uk/pride/archive/projects/PXD064897
PXD064994,4,12,Timeline analysis of bulk mice hearts,COMPLETE,2025-06-13,2026-04-06,https://www.ebi.ac.uk/pride/archive/projects/PXD064994
PXD065182,4,20,Activation of a bacterial immunity protein by a viral-host factor complex (HDX-MS),PARTIAL,2025-06-18,2026-04-29,https://www.ebi.ac.uk/pride/archive/projects/PXD065182
PXD065200,4,11,Naturally presented benzypenicillin-modified HLA-A*02:01 ligands,COMPLETE,2025-06-19,2025-09-30,https://www.ebi.ac.uk/pride/archive/projects/PXD065200
PXD065245,4,9,"Inhibition of rhizobial cheaters by the host Medicago truncatula involves repression of symbiotic functions and induction of defense, dataset1.2",PARTIAL,2025-06-20,2025-08-04,https://www.ebi.ac.uk/pride/archive/projects/PXD065245
PXD065385,4,8,"Cornulin, a potential prognostic biomarker in head and neck squamous cell carcinoma, acts as an anti-tumour agent by inhibiting cell cycle through upregulation of p18.",PARTIAL,2025-06-24,2025-07-16,https://www.ebi.ac.uk/pride/archive/projects/PXD065385
PXD065391,4,5,Proteomic analysis in mouse liver,PARTIAL,2025-06-24,2026-02-09,https://www.ebi.ac.uk/pride/archive/projects/PXD065391
PXD065412,4,7,UD1long pulldown from HeLa Cell Extract,PARTIAL,2025-06-24,2025-12-11,https://www.ebi.ac.uk/pride/archive/projects/PXD065412
PXD065419,4,5,SUMOylation proteomic analysis in mouse liver,PARTIAL,2025-06-25,2026-02-09,https://www.ebi.ac.uk/pride/archive/projects/PXD065419
PXD065426,4,6,"Light chain amyloid fibrils from multiple myeloma patient (case 1), abdominal fat biopsy",PARTIAL,2025-06-25,2025-12-25,https://www.ebi.ac.uk/pride/archive/projects/PXD065426
PXD065453,4,8,LC-ESI-MS/MS on a purified recombinant protein sample to confirm its amino acid sequence and a certain cleavage site,PARTIAL,2025-06-25,2025-10-24,https://www.ebi.ac.uk/pride/archive/projects/PXD065453
PXD065490,4,9,Human Placenta Extracellular Matrix Hydrogels for wound healing,COMPLETE,2025-06-26,2026-01-20,https://www.ebi.ac.uk/pride/archive/projects/PXD065490
PXD065502,4,14,Affinity AP2 Proteomics Fragile X,PARTIAL,2025-06-26,2025-07-09,https://www.ebi.ac.uk/pride/archive/projects/PXD065502
PXD065573,4,24,Mechanism of Rad51 filament formation by Rad52 and Rad55-Rad57 in homologous recombination,COMPLETE,2025-06-28,2025-07-28,https://www.ebi.ac.uk/pride/archive/projects/PXD065573
PXD065629,4,29,Multilexing the Identificaiton of Microorganisms,PARTIAL,2025-06-30,2026-06-30,https://www.ebi.ac.uk/pride/archive/projects/PXD065629
PXD065630,4,6,"Protein mass spectrometry raw data of M7A, M7GA, M7A-DC, and M7GA-DC for DAR calculation in study of MSLN-directed DARPin-drug conjugates",PARTIAL,2025-07-01,2025-09-05,https://www.ebi.ac.uk/pride/archive/projects/PXD065630
PXD065660,4,10,Arabidopsis thaliana PSS1 TurboID N-teminal fusion,COMPLETE,2025-07-01,2026-06-11,https://www.ebi.ac.uk/pride/archive/projects/PXD065660
PXD065664,4,10,Arabidopsis thaliana PSS1 TurboID C-teminal fusion,COMPLETE,2025-07-01,2026-06-11,https://www.ebi.ac.uk/pride/archive/projects/PXD065664
PXD065727,4,14,Mass spectrometry analysis identifies DESI2 as a novel component of the JAK2-V617F complex,PARTIAL,2025-07-03,2026-02-09,https://www.ebi.ac.uk/pride/archive/projects/PXD065727
PXD065914,4,12,Co-immunoprecipitation binding proteins of TRIM44,PARTIAL,2025-07-08,2025-11-03,https://www.ebi.ac.uk/pride/archive/projects/PXD065914
PXD065967,4,12,MAP3K1 proximity labeling LC-MSMS in mouse keratinocytes,PARTIAL,2025-07-09,2026-01-28,https://www.ebi.ac.uk/pride/archive/projects/PXD065967
PXD066081,4,9,Profiling pathogenesis stages of Ceratocystis manginecans infecting Acacia mangium using Tandem Mass Tag (TMT) quantitative proteomics,COMPLETE,2025-07-13,2025-12-18,https://www.ebi.ac.uk/pride/archive/projects/PXD066081
PXD066208,4,19,A Versatile Toolbox Reveals XRCC1 Deficiency–Driven Reshaping of the PARP1 Mono-ADP-Ribosylation Wave,PARTIAL,2025-07-16,2026-02-18,https://www.ebi.ac.uk/pride/archive/projects/PXD066208
PXD066334,4,6,SRSF12 is a primate-specific splicing factor that induces a tissue-specific gene expression program,COMPLETE,2025-07-20,2026-01-05,https://www.ebi.ac.uk/pride/archive/projects/PXD066334
PXD066473,4,6,Nuclear Phosphatidylinositol 3-Phosphate Produced by Beclin-1/Vps34 Directly Orchestrates DNA Mismatch Repair,PARTIAL,2025-07-23,2026-09-06,https://www.ebi.ac.uk/pride/archive/projects/PXD066473
PXD066546,4,10,Beyond Traditional SPAAC: Achieving Orthogonality and Rapid Kinetics with Fluoroalkyl Azides,PARTIAL,2025-07-24,2026-05-24,https://www.ebi.ac.uk/pride/archive/projects/PXD066546
PXD066561,4,12,Digestion-resistant proteins support the healthy metabolite profiles associated with plant-based diets,COMPLETE,2025-07-24,2026-07-06,https://www.ebi.ac.uk/pride/archive/projects/PXD066561
PXD066668,4,7,Isolation and mass spectrometry analysis of ATG9A vesicles from HAP1 cells.,PARTIAL,2025-07-28,2026-08-04,https://www.ebi.ac.uk/pride/archive/projects/PXD066668
PXD066763,4,5,Stereo-random Oligonucleotides Enable Efficient Recruitment of ADAR in vitro and in vivo,PARTIAL,2025-07-30,2025-07-31,https://www.ebi.ac.uk/pride/archive/projects/PXD066763
PXD066786,4,10,N-Acetyltransferase (NAT) 1 and NAT2 Enzyme Activities Drive Interindividual Variability in Sulfamethoxazole N-Acetylation,PARTIAL,2025-07-31,2025-12-06,https://www.ebi.ac.uk/pride/archive/projects/PXD066786
PXD066795,4,8,Structural characterization of atrial natriuretic peptide amyloid fibrils from patients with atrial fibrillation,PARTIAL,2025-07-31,2025-09-02,https://www.ebi.ac.uk/pride/archive/projects/PXD066795
PXD066847,4,5,immunoprecipitation-mass spectrometry (IP-MS) of FDR-1,PARTIAL,2025-08-01,2025-08-07,https://www.ebi.ac.uk/pride/archive/projects/PXD066847
PXD066858,4,6,Investigating the Interactomic Landscape of Survival Motor Neurons (SMN) and the SMN Δ7 truncated protein,PARTIAL,2025-08-01,2026-06-21,https://www.ebi.ac.uk/pride/archive/projects/PXD066858
PXD066865,4,20,"Untargeted proteomics of Enterocloster asparagiformis, E. citroniae, E. pacaense treated with DMSO or urolithin M6",COMPLETE,2025-08-01,2025-11-12,https://www.ebi.ac.uk/pride/archive/projects/PXD066865
PXD066888,4,7,Proteome of DiFi and CC-CR supermeres purified by FPLC with or without additional affinity purification for TGFBi,PARTIAL,2025-08-03,2025-09-11,https://www.ebi.ac.uk/pride/archive/projects/PXD066888
PXD066890,4,6,A trypanosome-specific complex mediates late-stage processing  of cytosolic LSU rRNA,PARTIAL,2025-08-03,2025-10-23,https://www.ebi.ac.uk/pride/archive/projects/PXD066890
PXD066935,4,12,Testican-2 interaction with the extracellular matrix and podocyte protection,COMPLETE,2025-08-04,2026-01-19,https://www.ebi.ac.uk/pride/archive/projects/PXD066935
PXD067036,4,6,Secretome analysis of enterohemorrhagic Escherichia coli (EHEC) SN,COMPLETE,2025-08-07,2025-08-12,https://www.ebi.ac.uk/pride/archive/projects/PXD067036
PXD067042,4,25,Comparative phosphoproteomic analysis of HeLa cells in response to etoposide or to a combination of etoposide and the ATR inhibitor VE821,COMPLETE,2025-08-07,2026-05-24,https://www.ebi.ac.uk/pride/archive/projects/PXD067042
PXD067046,4,12,Alprazolam abrogates TLR4 signaling and reduces inflammatory cytokine production in pancreatic cancer-associated fibroblasts,COMPLETE,2025-08-07,2026-06-07,https://www.ebi.ac.uk/pride/archive/projects/PXD067046
PXD067077,4,6,Secretome analysis of enterohemorrhagic Escherichia coli (EHEC) plus Cells,COMPLETE,2025-08-07,2025-08-12,https://www.ebi.ac.uk/pride/archive/projects/PXD067077
PXD067139,4,6,Human lung cancer cells-MS for SNHG3 c.1746A>I editing,PARTIAL,2025-08-11,2025-09-14,https://www.ebi.ac.uk/pride/archive/projects/PXD067139
PXD067162,4,5,Proteome of Anoplocephala perfoliata elucidate lineage-specific features of a “neglected” equine tapeworm,PARTIAL,2025-08-11,2025-12-15,https://www.ebi.ac.uk/pride/archive/projects/PXD067162
PXD067233,4,15,Optimising the induction of inflammation within preterm infant-derived intestinal epithelial organoids,PARTIAL,2025-08-11,2026-01-14,https://www.ebi.ac.uk/pride/archive/projects/PXD067233
PXD067421,4,5,VCPIP1 Drives Diabetic Cardiomyopathy by Deubiquitinating AMPKγ1 and Preventing AMPKα-γ Subunit Assembly in Cardiomyocytes,PARTIAL,2025-08-17,2026-03-16,https://www.ebi.ac.uk/pride/archive/projects/PXD067421
PXD067543,4,12,DNA pull-down and mass spectrometry,PARTIAL,2025-08-21,2026-03-13,https://www.ebi.ac.uk/pride/archive/projects/PXD067543
PXD067575,4,8,LC-MS analysis of MPND associated complexes in H1299 cells,PARTIAL,2025-08-21,2026-05-15,https://www.ebi.ac.uk/pride/archive/projects/PXD067575
PXD067629,4,9,Ligand-dependent conformational dynamics of the α2A-adrenergic receptor,PARTIAL,2025-08-23,2026-02-25,https://www.ebi.ac.uk/pride/archive/projects/PXD067629
PXD067837,4,8,NATCANCER-A16341B 1 2 iNV GOV  3 4GOV,PARTIAL,2025-08-28,2025-10-03,https://www.ebi.ac.uk/pride/archive/projects/PXD067837
PXD067843,4,6,Secretome of hTERT-Immortalized Human Mesenchymal Stem Cells,PARTIAL,2025-08-28,2025-10-27,https://www.ebi.ac.uk/pride/archive/projects/PXD067843
PXD068009,4,11,XL-MS of of influenza A NEP/NS2,PARTIAL,2025-09-02,2026-02-12,https://www.ebi.ac.uk/pride/archive/projects/PXD068009
PXD068025,4,8,Exosomal protein Profiling in Plasma of DOCA-Salt-Induced Hypertensive and Control Mice,PARTIAL,2025-09-03,2026-02-09,https://www.ebi.ac.uk/pride/archive/projects/PXD068025
PXD068038,4,6,Three rate-determining protein roles in photosyntheic O2-evolution addressed by time-resolved experiments on genetically modified photosystems,PARTIAL,2025-09-03,2025-09-17,https://www.ebi.ac.uk/pride/archive/projects/PXD068038
PXD068253,4,12,Structure of the minimal type I-F2 CRISPR-Cas DNA-interference complex,PARTIAL,2025-09-10,2026-03-09,https://www.ebi.ac.uk/pride/archive/projects/PXD068253
PXD068325,4,108,Cancer Stem Cells Induce Proline Synthesis through FAM3C-Mediated SPIN1 Stabilization to Attenuate ROS Stress,PARTIAL,2025-09-12,2026-03-23,https://www.ebi.ac.uk/pride/archive/projects/PXD068325
PXD068844,4,22,Coimmunoprecipitation and following mass spectrometry analysis of EhGEFM,COMPLETE,2025-09-25,2026-05-16,https://www.ebi.ac.uk/pride/archive/projects/PXD068844
PXD069037,4,5,Spatiotemporal control of PIWI compartmentalization by mitochondrial scaffolds defines pachytene piRNA pathway organization,PARTIAL,2025-10-01,2026-04-27,https://www.ebi.ac.uk/pride/archive/projects/PXD069037
PXD069071,4,16,Structures of the 26S proteasome in complex with the Hsp70 cochaperone Bag1 reveal a novel mechanism for direct transfer of substrates to the catalytic chamber,PARTIAL,2025-10-02,2025-12-23,https://www.ebi.ac.uk/pride/archive/projects/PXD069071
PXD069099,4,11,The glycosaminoglycan-dependent interactome of neurexin-1 in human fetal glial cells,COMPLETE,2025-10-02,2025-12-22,https://www.ebi.ac.uk/pride/archive/projects/PXD069099
PXD069171,4,7,"Characterization of Mast2 Kinase Defines Structural Features, Regulation, and Substrates",COMPLETE,2025-10-06,2026-01-05,https://www.ebi.ac.uk/pride/archive/projects/PXD069171
PXD069254,4,7,Mechanism of photo-induced conformational changes in the photoenzyme fatty acid photodecarboxylase (FAP) revealed by light footprinting  ion mobility mass spectrometry,PARTIAL,2025-10-09,2025-10-15,https://www.ebi.ac.uk/pride/archive/projects/PXD069254
PXD069273,4,5,Exploring activities of bacterial unspecific peroxygenases,PARTIAL,2025-10-10,2026-09-06,https://www.ebi.ac.uk/pride/archive/projects/PXD069273
PXD069327,4,12,"The Human Lens Fiber Cytoskeletome Reveals Neuronal Signatures, and the presence of Chaperonins, Signaling, Proteasome and Redox Regulators",COMPLETE,2025-10-10,2026-05-24,https://www.ebi.ac.uk/pride/archive/projects/PXD069327
PXD069630,4,10,Spatial proteomics of ovarian cancer precursors delineates early disease changes and drug targets,PARTIAL,2025-10-19,2025-10-19,https://www.ebi.ac.uk/pride/archive/projects/PXD069630
PXD069753,4,14,Wild-type versus Pdpy-7::GFP::TurboID control,COMPLETE,2025-10-22,2026-01-23,https://www.ebi.ac.uk/pride/archive/projects/PXD069753
PXD069839,4,6,Characterization of post-mitotic DNA synthesis and its regulation in human cells,PARTIAL,2025-10-23,2026-08-26,https://www.ebi.ac.uk/pride/archive/projects/PXD069839
PXD069892,4,5,Proteomics Analysis of Human Mesenchymal Stromal/Stem Cell Sarcomagenesis Model Identifies ALDH1A3 and CD99 as Potential Targets in the Transformation Process,COMPLETE,2025-10-24,2026-02-23,https://www.ebi.ac.uk/pride/archive/projects/PXD069892
PXD070076,4,20,Proteomic Discovery of 2-AAA–Binding SAE1 and SUMO2/3-Related POLR2A,COMPLETE,2025-10-30,2026-08-04,https://www.ebi.ac.uk/pride/archive/projects/PXD070076
PXD070161,4,12,A divergent Plasmodium NEK4 acts as a key regulator driving the early events of meiosis,COMPLETE,2025-10-31,2026-04-16,https://www.ebi.ac.uk/pride/archive/projects/PXD070161
PXD070180,4,8,An abundant membrane protein in the NCAM superfamily is required for epithelial organization in sea anemone embryos,PARTIAL,2025-11-01,2025-12-04,https://www.ebi.ac.uk/pride/archive/projects/PXD070180
PXD070299,4,15,Proteins co-purified with nucleoid-associated proteins in Burkholderia cenocepacia H111,PARTIAL,2025-11-04,2026-07-21,https://www.ebi.ac.uk/pride/archive/projects/PXD070299
PXD070415,4,5,Coronaviruses hijack Golgi apparatus derived COPI vesicles as a membrane source for viral DMV biogenesis,PARTIAL,2025-11-06,2026-06-15,https://www.ebi.ac.uk/pride/archive/projects/PXD070415
PXD070481,4,18,An integrative structural biology approach to identify the binding mode of a nanobody towards the pea Ascorbate Peroxidase,PARTIAL,2025-11-08,2026-03-10,https://www.ebi.ac.uk/pride/archive/projects/PXD070481
PXD070593,4,12,rice LC-MS/MS of SnRK1 before and after low-temperature treatment,PARTIAL,2025-11-11,2026-07-21,https://www.ebi.ac.uk/pride/archive/projects/PXD070593
PXD070747,4,10,Propionic acid outperforms formic and acetic acid in MS sensitivity for high-flow reversed-phase LC-MS bottom-up proteomics,PARTIAL,2025-11-14,2026-04-07,https://www.ebi.ac.uk/pride/archive/projects/PXD070747
PXD070770,4,13,Chemical-proteomics profiling of reactive cysteines near a hydrophobic pocket,COMPLETE,2025-11-15,2025-11-20,https://www.ebi.ac.uk/pride/archive/projects/PXD070770
PXD070789,4,9,DUSP26 protects against acute kidney injury by dephosphorylating p53 at serine 312,PARTIAL,2025-11-16,2026-02-15,https://www.ebi.ac.uk/pride/archive/projects/PXD070789
PXD070855,4,6,Extracellular Particles Derived from Mesenchymal Stromal Cells Reduce Pseudomonas aeruginosa Lung Infection and Inflammation in Mice,PARTIAL,2025-11-17,2026-02-23,https://www.ebi.ac.uk/pride/archive/projects/PXD070855
PXD070885,4,16,Shotgun proteomics of heterologously generated proteins and proteins in gel bands,PARTIAL,2025-11-18,2026-07-29,https://www.ebi.ac.uk/pride/archive/projects/PXD070885
PXD070916,4,12,Crotoxin B from the South American Rattlesnake Crotalus vegrandis Blocks Voltage-Gated Calcium Channels  Independent of Its Intrinsic Catalytic Activity,PARTIAL,2025-11-18,2026-02-02,https://www.ebi.ac.uk/pride/archive/projects/PXD070916
PXD071057,4,13,Identification of maize ZmCRY1c interacting proteins,PARTIAL,2025-11-21,2025-11-22,https://www.ebi.ac.uk/pride/archive/projects/PXD071057
PXD071065,4,8,TgCoqFMO interactors identified via anti-HA MS,PARTIAL,2025-11-22,2026-04-22,https://www.ebi.ac.uk/pride/archive/projects/PXD071065
PXD071146,4,9,Oligomeric assemblies of plant biotin carboxylase revealed by cryo-EM and cross-linking,PARTIAL,2025-11-24,2026-03-30,https://www.ebi.ac.uk/pride/archive/projects/PXD071146
PXD071222,4,9,Coordination Between Cytoplasmic and Envelope Densities Shapes Cellular Geometry in Escherichia coli,PARTIAL,2025-11-25,2025-11-26,https://www.ebi.ac.uk/pride/archive/projects/PXD071222
PXD071250,4,7,Comparative proteome of membrane proteome from Lactobacillus fermentum MI37,PARTIAL,2025-11-26,2026-05-24,https://www.ebi.ac.uk/pride/archive/projects/PXD071250
PXD071251,4,14,Targeted antisense oligonucleotide therapy rescues PRPF31 expression in retinitis pigmentosa caused by a splicing mutation,PARTIAL,2025-11-26,2026-06-12,https://www.ebi.ac.uk/pride/archive/projects/PXD071251
PXD071368,4,6,Identification of STAMBP-interacting proteins by IP-MS screening.,PARTIAL,2025-11-28,2026-02-13,https://www.ebi.ac.uk/pride/archive/projects/PXD071368
PXD071764,4,9,Retroviral insertions contributed to the divergence of human and chimpanzee brains,PARTIAL,2025-12-09,2026-09-16,https://www.ebi.ac.uk/pride/archive/projects/PXD071764
PXD071778,4,16,Functional and protein interaction analysis of Nop7 in trypanosomatid parasites,COMPLETE,2025-12-09,2026-05-14,https://www.ebi.ac.uk/pride/archive/projects/PXD071778
PXD071991,4,5,p38 MAPK and MDT-15 Mediate SKN-1–Dependent Metformin-Induced Protection Against Mitis Group Streptococci in Caenorhabditis elegans ,PARTIAL,2025-12-15,2026-08-07,https://www.ebi.ac.uk/pride/archive/projects/PXD071991
PXD072038,4,5,Functional enrichment analysis of differentially expressed proteins,PARTIAL,2025-12-16,2026-06-07,https://www.ebi.ac.uk/pride/archive/projects/PXD072038
PXD072104,4,8,mTOR inhibition ameliorates tau burden and neurofilament pathology in sporadic PSP-RS neurons,PARTIAL,2025-12-17,2026-06-07,https://www.ebi.ac.uk/pride/archive/projects/PXD072104
PXD072128,4,12,Plant-Derived Nanovesicles (PDNVs) from Ginkgo biloba Seeds,COMPLETE,2025-12-18,2025-12-18,https://www.ebi.ac.uk/pride/archive/projects/PXD072128
PXD072229,4,6,Heterogeneous Nuclear Ribonucleoprotein A1 (hnRNPA1) Maintains Muscle Progenitor Identity by Stabilizing the Ppp1r1b-lncRNA-PRC2 Complex,COMPLETE,2025-12-20,2026-05-24,https://www.ebi.ac.uk/pride/archive/projects/PXD072229
PXD072359,4,32,BioID2 interactome of wild-type SYCP1 versus the D918–942 mutant,PARTIAL,2025-12-23,2026-04-30,https://www.ebi.ac.uk/pride/archive/projects/PXD072359
PXD072448,4,8,Mechanism of protein abundance-independent 3′UTR-regulated JMJD3 activity in human cells,PARTIAL,2025-12-27,2026-09-07,https://www.ebi.ac.uk/pride/archive/projects/PXD072448
PXD072579,4,5,Identification of protein interaction partners of SET-25 in Caenorhabditis elegans embryos using FLAG-tagged immunoprecipitation combined with liquid chromatography-tandem mass spectrometry (LC-MSMS),PARTIAL,2026-01-02,2026-02-25,https://www.ebi.ac.uk/pride/archive/projects/PXD072579
PXD072725,4,4,IQGAP3 bridges matrix stiffness with glioma stem cell maintenance and radioresistance by stabilizing SOX2,PARTIAL,2026-01-07,2026-02-11,https://www.ebi.ac.uk/pride/archive/projects/PXD072725
PXD072734,4,12,Transposon Regulation in the Caenorhabditis elegans Germline and Soma,COMPLETE,2026-01-07,2026-03-12,https://www.ebi.ac.uk/pride/archive/projects/PXD072734
PXD072844,4,8,A deep origin of the RAF–SnRK2–PP2C functional module with distinctive ancestral features,PARTIAL,2026-01-09,2026-07-02,https://www.ebi.ac.uk/pride/archive/projects/PXD072844
PXD072866,4,9,Combining proteomics and machine learning to identify potential triple negative breast cancer biomarkers binding telomeric G-Quadruplex,PARTIAL,2026-01-09,2026-05-29,https://www.ebi.ac.uk/pride/archive/projects/PXD072866
PXD072885,4,5,Structural basis of amyloid fibril assembly by plant seed storage proteins,PARTIAL,2026-01-10,2026-05-06,https://www.ebi.ac.uk/pride/archive/projects/PXD072885
PXD073007,4,6,5′ UTR length regulates the production of alternative N-terminal protein isoforms in health and disease,COMPLETE,2026-01-13,2026-03-13,https://www.ebi.ac.uk/pride/archive/projects/PXD073007
PXD073077,4,8,Venom Composition of Larval Stages of Tabanus autumanlis,PARTIAL,2026-01-14,2026-09-14,https://www.ebi.ac.uk/pride/archive/projects/PXD073077
PXD073111,4,12,Proteomic Analysis of Ginkgolic Acid Targets in HCCLM3 Cells via DARTS-LC-MS/MS,PARTIAL,2026-01-15,2026-03-29,https://www.ebi.ac.uk/pride/archive/projects/PXD073111
PXD073162,4,12,IPMS experimetal data about antibody of btTG protein immuno the protein sample of Styela clava adult endostyle,COMPLETE,2026-01-16,2026-03-23,https://www.ebi.ac.uk/pride/archive/projects/PXD073162
PXD073363,4,8,Proteomic Analysis of Conditioned Medium from Colorectal Cancer Cell Lines,PARTIAL,2026-01-21,2026-02-04,https://www.ebi.ac.uk/pride/archive/projects/PXD073363
PXD073451,4,6,Cytoplasmic lattices are megadalton storage complexes for tubulin and ubiquitination factors in mammalian oocytes ,PARTIAL,2026-01-23,2026-03-11,https://www.ebi.ac.uk/pride/archive/projects/PXD073451
PXD073558,4,8,Proteomic analysis of nascent proteins in proximity to DFCP1 using SILAC labeling and APEX2-mediated biotin-streptavidin affinity purification.,PARTIAL,2026-01-26,2026-02-21,https://www.ebi.ac.uk/pride/archive/projects/PXD073558
PXD073620,4,7,Proteomic changes in synaptosomes and cytosol from acute brain slices upon starvation,PARTIAL,2026-01-27,2026-07-24,https://www.ebi.ac.uk/pride/archive/projects/PXD073620
PXD073655,4,6,The pterocarpan (+)-PTC mimics microtubule-destabilizing agents by modulating cytoskeletal proteins in metastatic castration-resistant prostate cancer: a proteomic perspective,COMPLETE,2026-01-27,2026-06-28,https://www.ebi.ac.uk/pride/archive/projects/PXD073655
PXD073800,4,8,From Sea to Therapy: Development and analytical control of recombinant human CDKL5 production in the marine bacterium Pseudoalteromonas haloplanktis TAC125,PARTIAL,2026-01-29,2026-05-29,https://www.ebi.ac.uk/pride/archive/projects/PXD073800
PXD073929,4,12,"Proteomic analysis of Xenopus tropicalis skin, toes, and claws using the GludC protease",PARTIAL,2026-02-02,2026-08-13,https://www.ebi.ac.uk/pride/archive/projects/PXD073929
PXD073932,4,8,Phosphorylation of the transcriptional-corepressor SPEN in naïve mouse embryonic stem cells and under artificial induction of X chromosome inactivation,PARTIAL,2026-02-02,2026-04-08,https://www.ebi.ac.uk/pride/archive/projects/PXD073932
PXD073977,4,6,Quantitative Proteomic Profiling of Bronchoalveolar Lavage-Derived Extracellular Vesicles in Murine  Asthma Model,PARTIAL,2026-02-03,2026-04-20,https://www.ebi.ac.uk/pride/archive/projects/PXD073977
PXD074100,4,5,Residual CSB activity explains UVSS caused by CSB mutations,PARTIAL,2026-02-05,2026-06-18,https://www.ebi.ac.uk/pride/archive/projects/PXD074100
PXD074117,4,10,Identification of a Stable Stool Peptidomic Signature for Monitoring IBD Activity,PARTIAL,2026-02-06,2026-05-24,https://www.ebi.ac.uk/pride/archive/projects/PXD074117
PXD074172,4,17,Interaction partners of HypA and HypB metallochaperones from Methanococcus maripaludis,PARTIAL,2026-02-07,2026-06-11,https://www.ebi.ac.uk/pride/archive/projects/PXD074172
PXD074299,4,12,Circadian Rhythms in Cyanobacterial Protein Condensation,PARTIAL,2026-02-10,2026-05-24,https://www.ebi.ac.uk/pride/archive/projects/PXD074299
PXD074422,4,6,Proteome-wide identification of cysteine S-sulfenylation in response to low temperature and low-humidity stress in Dendrobium huoshanense,PARTIAL,2026-02-13,2026-03-02,https://www.ebi.ac.uk/pride/archive/projects/PXD074422
PXD074669,4,13,Proteomic screening identifies HNRNPA2B1 as a novel factor that controls Epstein-Barr virus reactivation through chromatin regulation,COMPLETE,2026-02-20,2026-05-01,https://www.ebi.ac.uk/pride/archive/projects/PXD074669
PXD074679,4,7,Oncogenic EGFR rewires STING-TBK1 immune machinery by tyrosine phosphorylation to license DNA damage tolerance,PARTIAL,2026-02-20,2026-07-01,https://www.ebi.ac.uk/pride/archive/projects/PXD074679
PXD074771,4,8,LCMS spermatozoa and seminal plasma,COMPLETE,2026-02-24,2026-05-21,https://www.ebi.ac.uk/pride/archive/projects/PXD074771
PXD074843,4,7,Low intrinsic agonism and balanced pathway modulation distinguish an M1 muscarinic receptor positive allosteric modulator lacking cholinergic adverse effects,PARTIAL,2026-02-25,2026-07-05,https://www.ebi.ac.uk/pride/archive/projects/PXD074843
PXD075129,4,8,Human proteomics analysis of BRD4 targeted small-molecules in KSHV+ cells by Orbitrap Eclipse and MaxQuant,PARTIAL,2026-03-03,2026-06-08,https://www.ebi.ac.uk/pride/archive/projects/PXD075129
PXD075333,4,5,Mass spectrometric identification of VLRB-associated proteins,PARTIAL,2026-03-06,2026-08-31,https://www.ebi.ac.uk/pride/archive/projects/PXD075333
PXD075438,4,7,Glycoproteomics of Human and Mouse Brains in Alzheimer’s Disease,PARTIAL,2026-03-10,2026-03-31,https://www.ebi.ac.uk/pride/archive/projects/PXD075438
PXD075443,4,26,Heparan sulfate Sulfatases are essential for the patterning of human stem cell-derived midbrain dopaminergic neurons,PARTIAL,2026-03-10,2026-07-16,https://www.ebi.ac.uk/pride/archive/projects/PXD075443
PXD075501,4,8,LC-MS of the VTC Complex BioID from Leishmania tarentolae,PARTIAL,2026-03-11,2026-05-21,https://www.ebi.ac.uk/pride/archive/projects/PXD075501
PXD076093,4,6,Pyridoxal phosphate-dependent biosynthesis of aminovaleramide by AvaS in tRNA,PARTIAL,2026-03-24,2026-09-14,https://www.ebi.ac.uk/pride/archive/projects/PXD076093
PXD076277,4,18,HDX-MS of HSPB5 and HSPB1 and chimeras,PARTIAL,2026-03-28,2026-09-21,https://www.ebi.ac.uk/pride/archive/projects/PXD076277
PXD076410,4,6,Covalent allosteric inhibition of AARS1 lactyltransferase,PARTIAL,2026-03-31,2026-07-29,https://www.ebi.ac.uk/pride/archive/projects/PXD076410
PXD076431,4,8,Antifungal turbinmicin alters functional vesicle cargo,COMPLETE,2026-04-01,2026-04-06,https://www.ebi.ac.uk/pride/archive/projects/PXD076431
PXD076443,4,5,The H3K4 methyltransferase KMT2D is an essential cofactor for GATA1 at erythroid gene enhancers,PARTIAL,2026-04-01,2026-04-10,https://www.ebi.ac.uk/pride/archive/projects/PXD076443
PXD076445,4,8,ZO-1 phosphorylation upon ERK activation,PARTIAL,2026-04-01,2026-04-17,https://www.ebi.ac.uk/pride/archive/projects/PXD076445
PXD076465,4,5,LC-MS across multiple human colorectal cancer cell lines and a non-transformed colorectal cell line,PARTIAL,2026-04-01,2026-09-17,https://www.ebi.ac.uk/pride/archive/projects/PXD076465
PXD076675,4,12,tRNA-Phe digest and ligation of signal enhancer sample analysis,PARTIAL,2026-04-07,2026-09-16,https://www.ebi.ac.uk/pride/archive/projects/PXD076675
PXD076788,4,8,Identification and phosphorylation site mapping of a sperm specific PKA C subunit isoform from Mytilus galloprovincialis,PARTIAL,2026-04-09,2026-09-07,https://www.ebi.ac.uk/pride/archive/projects/PXD076788
PXD076789,4,8,Phosphoproteomics of tau from tau knockout mice expressing tau in hippocampal neurons during spatial reference learning,PARTIAL,2026-04-09,2026-04-10,https://www.ebi.ac.uk/pride/archive/projects/PXD076789
PXD077028,4,13,"FLAG-IP, FLAG-FBXO7 samples with domain deletions of FBXO7 variants, with or without FBXO7",COMPLETE,2026-04-11,2026-06-22,https://www.ebi.ac.uk/pride/archive/projects/PXD077028
PXD077093,4,6,Proximity interactions of Frizzled4 (FZD4) in the bEnd.3 mouse brain endothelial cell line,COMPLETE,2026-04-13,2026-04-14,https://www.ebi.ac.uk/pride/archive/projects/PXD077093
PXD077095,4,25,Identification of major histocompatibility complex class I ligands in ovarian adenocarcinoma tumors,COMPLETE,2026-04-13,2026-04-15,https://www.ebi.ac.uk/pride/archive/projects/PXD077095
PXD077331,4,24,Bacteroides fragilis T6SS spike complex pulldowns,COMPLETE,2026-04-17,2026-05-05,https://www.ebi.ac.uk/pride/archive/projects/PXD077331
PXD077805,4,27,Proteomic analysis of RRP12-containing complexes in HeLa cells upon RPS19 depletion,COMPLETE,2026-04-29,2026-06-26,https://www.ebi.ac.uk/pride/archive/projects/PXD077805
PXD077831,4,8,The baseline vitreous proteome in rhegmatogenous retinal detachment: a case–control study of proliferative vitreoretinopathy,PARTIAL,2026-04-30,2026-05-05,https://www.ebi.ac.uk/pride/archive/projects/PXD077831
PXD077910,4,13,A viral ORFeome library for systems-level genetic dissection of host-pathogen interactions,PARTIAL,2026-05-01,2026-09-07,https://www.ebi.ac.uk/pride/archive/projects/PXD077910
PXD077963,4,19,Loss of ST8SIA6 Promotes Colorectal Cancer Metastasis by Enhancing MUC16-Integrin β4 Signaling,PARTIAL,2026-05-04,2026-09-14,https://www.ebi.ac.uk/pride/archive/projects/PXD077963
PXD078013,4,8,4D label-free quantitative lactylproteomics analysis of GSK3B/WT and GSK3B/KO CRC cells,PARTIAL,2026-05-05,2026-06-19,https://www.ebi.ac.uk/pride/archive/projects/PXD078013
PXD078047,4,6,Proteomic analysis of 3T3 murine fibroblast used as feeder-layer,PARTIAL,2026-05-06,2026-06-03,https://www.ebi.ac.uk/pride/archive/projects/PXD078047
PXD078059,4,9,O-mannosylation and protein maturation checkpoints represent therapeutic opportunities in BRAF fusion protein oncogenesis,PARTIAL,2026-05-06,2026-08-02,https://www.ebi.ac.uk/pride/archive/projects/PXD078059
PXD078303,4,9,c-Myc crotonylation in HEK293 cells,COMPLETE,2026-05-13,2026-05-15,https://www.ebi.ac.uk/pride/archive/projects/PXD078303
PXD078350,4,6,A Parallel Accumulation-Mobility Aligned Fragmentation Strategy Utilizing High-Resolution Ion Mobility for High Performance Proteomics Analysis: HYE Quantification Data Sets for PAMAF Mode,PARTIAL,2026-05-14,2026-07-11,https://www.ebi.ac.uk/pride/archive/projects/PXD078350
PXD078382,4,9,Druggable linker histone variant H1-10 promotes ribosome biogenesis and nucleolar assembly in prostate cancer,PARTIAL,2026-05-15,2026-05-18,https://www.ebi.ac.uk/pride/archive/projects/PXD078382
PXD079783,4,12,On-target toxicity limits the efficacy of CDK11 inhibition against cancers with 1p36 deletions,COMPLETE,2026-06-17,2026-08-07,https://www.ebi.ac.uk/pride/archive/projects/PXD079783
PXD079796,4,7,LC-MS/MS analysis of GLUT4-associated proteins in mouse lateral septum tissue after social novelty preference,PARTIAL,2026-06-17,2026-08-20,https://www.ebi.ac.uk/pride/archive/projects/PXD079796
PXD080271,4,7,The G-patch protein Cwf28 interacts with the RNA helicase Cdc28 in catalytically active spliceosomes in Schizosaccharomyces pombe,COMPLETE,2026-06-29,2026-08-24,https://www.ebi.ac.uk/pride/archive/projects/PXD080271
PXD080605,4,8,P0 B6 mouse forebrain Ythdf2 LC-MS/MS,PARTIAL,2026-07-06,2026-09-14,https://www.ebi.ac.uk/pride/archive/projects/PXD080605
PXD081626,4,5,Adult zebrafish cerebrospinal fluid (CSF) proteomics generated for ‘Brain defence by the extracellular matrix protein Cochlin,PARTIAL,2026-07-24,2026-09-12,https://www.ebi.ac.uk/pride/archive/projects/PXD081626
PXD081782,4,9,High-Throughput Label-free Single-Cell Proteomics Enabled by Multicolumn NanoLC with a 5-min Cycle Time,PARTIAL,2026-07-28,2026-08-19,https://www.ebi.ac.uk/pride/archive/projects/PXD081782
PXD082913,4,8,Cancer Cell-Derived Small Extracellular Vesicles Impair C2C12 Myoblast Differentiation in the Context of Cancer Cachexia,PARTIAL,2026-08-20,2026-09-21,https://www.ebi.ac.uk/pride/archive/projects/PXD082913
PXD082950,4,8,NSD2 binding proteins identification,PARTIAL,2026-08-21,2026-08-24,https://www.ebi.ac.uk/pride/archive/projects/PXD082950
PXD082954,4,5,Proteomic analysis of extracellular vesicles derived from human renal proximal tubule epithelial cells under inflammatory stimulation,PARTIAL,2026-08-21,2026-09-09,https://www.ebi.ac.uk/pride/archive/projects/PXD082954
PXD083032,4,8,surface proteome of WT vs. MGAT1 KO HeLa cells,PARTIAL,2026-08-23,2026-09-05,https://www.ebi.ac.uk/pride/archive/projects/PXD083032
PXD083284,4,5,Interactome of COPE protein in HeLa cells,PARTIAL,2026-08-27,2026-09-04,https://www.ebi.ac.uk/pride/archive/projects/PXD083284
